2024-09-10 11:56:55,541 [Worker-4: Loading available Gradle versions] INFO  o.e.b.c.i.u.g.PublishedGradleVersions - Gradle version information cache is up-to-date. Trying to read.
2024-09-10 12:01:26,044 [Worker-8: Import Getting Started Content] INFO  o.e.m.c.i.l.LifecycleMappingFactory - Using org.eclipse.m2e.jdt.JarLifecycleMapping lifecycle mapping for MavenProject: com.proyecto.fabrica.ps:ProyectoFabricaPS:0.0.1-SNAPSHOT @ C:\Users\Matias Mamani\Desktop\Proyecto Pino\ProyectoFabrica_PS\Backend\ProyectoFabricaPS\pom.xml.
2024-09-10 12:01:28,632 [Worker-8: Import Getting Started Content] INFO  o.e.m.j.i.AbstractJavaProjectConfigurator - Adding source folder /ProyectoFabricaPS/src/main/java
2024-09-10 12:01:28,635 [Worker-8: Import Getting Started Content] INFO  o.e.m.j.i.AbstractJavaProjectConfigurator - Adding resource folder /ProyectoFabricaPS/src/main/resources
2024-09-10 12:01:28,655 [Worker-8: Import Getting Started Content] INFO  o.e.m.j.i.AbstractJavaProjectConfigurator - Adding resource folder /ProyectoFabricaPS/src/main/resources
2024-09-10 12:01:28,670 [Worker-8: Import Getting Started Content] INFO  o.e.m.j.i.AbstractJavaProjectConfigurator - Adding source folder /ProyectoFabricaPS/src/test/java
2024-09-10 12:01:28,672 [Worker-8: Import Getting Started Content] INFO  o.e.m.j.i.AbstractJavaProjectConfigurator - Adding resource folder /ProyectoFabricaPS/src/test/resources
2024-09-10 12:01:30,393 [Worker-8: Import Getting Started Content] INFO  o.e.m.c.i.p.ProjectConfigurationManager - Imported and configured 1 project(s) in 7 sec
2024-09-10 12:01:30,405 [Worker-8: Import Getting Started Content] INFO  o.e.m.c.i.p.ProjectConfigurationManager - Update started
2024-09-10 12:01:31,687 [Worker-8: Import Getting Started Content] INFO  o.e.m.c.i.l.LifecycleMappingFactory - Using org.eclipse.m2e.jdt.JarLifecycleMapping lifecycle mapping for MavenProject: com.proyecto.fabrica.ps:ProyectoFabricaPS:0.0.1-SNAPSHOT @ C:\Users\Matias Mamani\Desktop\Proyecto Pino\ProyectoFabrica_PS\Backend\ProyectoFabricaPS\pom.xml.
2024-09-10 12:01:33,625 [Worker-8: Import Getting Started Content] INFO  o.e.m.j.i.AbstractJavaProjectConfigurator - Adding source folder /ProyectoFabricaPS/src/main/java
2024-09-10 12:01:33,628 [Worker-8: Import Getting Started Content] INFO  o.e.m.j.i.AbstractJavaProjectConfigurator - Adding resource folder /ProyectoFabricaPS/src/main/resources
2024-09-10 12:01:33,631 [Worker-8: Import Getting Started Content] INFO  o.e.m.j.i.AbstractJavaProjectConfigurator - Adding resource folder /ProyectoFabricaPS/src/main/resources
2024-09-10 12:01:33,634 [Worker-8: Import Getting Started Content] INFO  o.e.m.j.i.AbstractJavaProjectConfigurator - Adding source folder /ProyectoFabricaPS/src/test/java
2024-09-10 12:01:33,637 [Worker-8: Import Getting Started Content] INFO  o.e.m.j.i.AbstractJavaProjectConfigurator - Adding resource folder /ProyectoFabricaPS/src/test/resources
2024-09-10 12:01:35,413 [Worker-8: Import Getting Started Content] INFO  o.e.m.c.i.p.ProjectConfigurationManager - Update completed for 1 poms: local refresh takes 0.00 sec, refresh facades takes 3.00 sec, update config takes 1.00 sec 
2024-09-10 12:01:37,112 [Worker-8: Building] INFO  o.a.m.s.f.DefaultMavenResourcesFiltering - Copying 1 resource from src\main\resources to target\classes
2024-09-10 12:01:37,159 [Worker-8: Building] INFO  o.a.m.s.f.DefaultMavenResourcesFiltering - Copying 0 resource from src\main\resources to target\classes
2024-09-10 12:01:37,172 [Worker-8: Building] INFO  o.a.m.s.f.DefaultMavenResourcesFiltering - skip non existing resourceDirectory C:\Users\Matias Mamani\Desktop\Proyecto Pino\ProyectoFabrica_PS\Backend\ProyectoFabricaPS\src\test\resources
2024-09-10 12:50:54,882 [Worker-18: Building] INFO  o.a.m.s.f.DefaultMavenResourcesFiltering - Copying 1 resource from src\main\resources to target\classes
2024-09-10 12:50:54,967 [Worker-18: Building] INFO  o.a.m.s.f.DefaultMavenResourcesFiltering - Copying 0 resource from src\main\resources to target\classes
2024-09-10 12:50:54,974 [Worker-18: Building] INFO  o.a.m.s.f.DefaultMavenResourcesFiltering - skip non existing resourceDirectory C:\Users\Matias Mamani\Desktop\Proyecto Pino\ProyectoFabrica_PS\Backend\ProyectoFabricaPS\src\test\resources
2024-09-10 12:51:59,120 [Worker-20: Building] INFO  o.a.m.s.f.DefaultMavenResourcesFiltering - Copying 1 resource from src\main\resources to target\classes
2024-09-10 12:51:59,219 [Worker-20: Building] INFO  o.a.m.s.f.DefaultMavenResourcesFiltering - Copying 0 resource from src\main\resources to target\classes
2024-09-10 12:51:59,228 [Worker-20: Building] INFO  o.a.m.s.f.DefaultMavenResourcesFiltering - skip non existing resourceDirectory C:\Users\Matias Mamani\Desktop\Proyecto Pino\ProyectoFabrica_PS\Backend\ProyectoFabricaPS\src\test\resources
2024-09-10 13:02:58,885 [Worker-29: Building] INFO  o.e.m.c.i.l.LifecycleMappingFactory - Using org.eclipse.m2e.jdt.JarLifecycleMapping lifecycle mapping for MavenProject: com.proyecto.fabrica.ps:ProyectoFabricaPS:0.0.1-SNAPSHOT @ C:\Users\Matias Mamani\Desktop\Proyecto Pino\ProyectoFabrica_PS\Backend\ProyectoFabricaPS\pom.xml.
2024-09-10 13:03:04,237 [Worker-29: Building] INFO  o.a.m.s.f.DefaultMavenResourcesFiltering - Copying 0 resource from src\main\resources to target\classes
2024-09-10 13:03:04,239 [Worker-29: Building] INFO  o.a.m.s.f.DefaultMavenResourcesFiltering - Copying 0 resource from src\main\resources to target\classes
2024-09-10 13:03:04,250 [Worker-29: Building] INFO  o.a.m.s.f.DefaultMavenResourcesFiltering - skip non existing resourceDirectory C:\Users\Matias Mamani\Desktop\Proyecto Pino\ProyectoFabrica_PS\Backend\ProyectoFabricaPS\src\test\resources
2024-09-10 13:03:06,068 [Worker-29: Building] INFO  o.a.m.s.f.DefaultMavenResourcesFiltering - Copying 1 resource from src\main\resources to target\classes
2024-09-10 13:03:06,091 [Worker-29: Building] INFO  o.a.m.s.f.DefaultMavenResourcesFiltering - Copying 0 resource from src\main\resources to target\classes
2024-09-10 13:03:06,098 [Worker-29: Building] INFO  o.a.m.s.f.DefaultMavenResourcesFiltering - skip non existing resourceDirectory C:\Users\Matias Mamani\Desktop\Proyecto Pino\ProyectoFabrica_PS\Backend\ProyectoFabricaPS\src\test\resources
2024-09-10 13:05:16,941 [Worker-33: Building] INFO  o.e.m.c.i.l.LifecycleMappingFactory - Using org.eclipse.m2e.jdt.JarLifecycleMapping lifecycle mapping for MavenProject: com.proyecto.fabrica.ps:ProyectoFabricaPS:0.0.1-SNAPSHOT @ C:\Users\Matias Mamani\Desktop\Proyecto Pino\ProyectoFabrica_PS\Backend\ProyectoFabricaPS\pom.xml.
2024-09-10 13:05:18,121 [Worker-33: Building] INFO  o.a.m.s.f.DefaultMavenResourcesFiltering - Copying 0 resource from src\main\resources to target\classes
2024-09-10 13:05:18,124 [Worker-33: Building] INFO  o.a.m.s.f.DefaultMavenResourcesFiltering - Copying 0 resource from src\main\resources to target\classes
2024-09-10 13:05:18,132 [Worker-33: Building] INFO  o.a.m.s.f.DefaultMavenResourcesFiltering - skip non existing resourceDirectory C:\Users\Matias Mamani\Desktop\Proyecto Pino\ProyectoFabrica_PS\Backend\ProyectoFabricaPS\src\test\resources
2024-10-23 21:44:03,631 [Worker-1: Loading available Gradle versions] INFO  o.e.b.c.i.u.g.PublishedGradleVersions - Gradle version information cache is up-to-date. Trying to read.
2024-10-23 21:44:14,691 [Worker-6: Building] INFO  o.e.m.c.i.l.LifecycleMappingFactory - Using org.eclipse.m2e.jdt.JarLifecycleMapping lifecycle mapping for MavenProject: com.proyecto.fabrica.ps:ProyectoFabricaPS:0.0.1-SNAPSHOT @ C:\Users\Matias Mamani\Desktop\Proyecto Pino\ProyectoFabrica_PS\Backend\ProyectoFabricaPS\pom.xml.
2024-10-23 21:44:18,528 [Worker-6: Building] INFO  o.a.m.s.f.DefaultMavenResourcesFiltering - Copying 1 resource from src\main\resources to target\classes
2024-10-23 21:44:18,602 [Worker-6: Building] INFO  o.a.m.s.f.DefaultMavenResourcesFiltering - Copying 0 resource from src\main\resources to target\classes
2024-10-23 21:44:18,612 [Worker-6: Building] INFO  o.a.m.s.f.DefaultMavenResourcesFiltering - skip non existing resourceDirectory C:\Users\Matias Mamani\Desktop\Proyecto Pino\ProyectoFabrica_PS\Backend\ProyectoFabricaPS\src\test\resources
2024-10-23 21:52:27,483 [Worker-2: Loading available Gradle versions] INFO  o.e.b.c.i.u.g.PublishedGradleVersions - Gradle version information cache is up-to-date. Trying to read.
2024-10-23 21:53:23,662 [Start Help Server] INFO  org.eclipse.jetty.server.Server - jetty-12.0.6; built: 2024-01-30T02:43:24.387Z; git: 78ab6e6ba163f89cdd97f2ae0283fbb5e371cfaf; jvm 17.0.11+9
2024-10-23 21:53:23,789 [Start Help Server] INFO  o.e.j.server.handler.ContextHandler - Started oeje8n.ContextHandler$CoreContextHandler@4dbb19b3{/help,/help,b=null,a=AVAILABLE,h=oeje8n.ContextHandler$CoreContextHandler$CoreToNestedHandler@26c1ba16{STARTED}}
2024-10-23 21:53:23,792 [Start Help Server] INFO  o.e.j.s.DefaultSessionIdManager - Session workerName=node0
2024-10-23 21:53:23,886 [Start Help Server] INFO  o.e.jetty.server.AbstractConnector - Started ServerConnector@3f1ae974{HTTP/1.1, (http/1.1)}{127.0.0.1:50730}
2024-10-23 21:53:23,931 [Start Help Server] INFO  org.eclipse.jetty.server.Server - Started oejs.Server@561abb32{STARTING}[12.0.6,sto=0] @118779ms
2024-10-23 21:53:25,619 [qtp1157909089-89] INFO  o.e.j.e.nested.ContextHandler._help - Warning: No org.apache.tomcat.JarScanner set in ServletContext. Falling back to default JarScanner implementation.
2024-10-23 21:53:27,764 [qtp1157909089-89] INFO  o.e.j.e.nested.ContextHandler._help - Warning: No org.apache.tomcat.JarScanner set in ServletContext. Falling back to default JarScanner implementation.
2024-10-23 21:57:13,365 [Stop Help Server] INFO  org.eclipse.jetty.server.Server - Stopped oejs.Server@561abb32{STOPPING}[12.0.6,sto=0]
2024-10-23 21:57:13,395 [Stop Help Server] INFO  o.e.jetty.server.AbstractConnector - Stopped ServerConnector@3f1ae974{HTTP/1.1, (http/1.1)}{127.0.0.1:0}
2024-10-24 11:30:59,560 [Worker-1: Loading available Gradle versions] INFO  o.e.b.c.i.u.g.PublishedGradleVersions - Gradle version information cache is out-of-date. Trying to update.
2024-10-24 11:44:09,390 [Worker-19: Building] INFO  o.a.m.s.f.DefaultMavenResourcesFiltering - Copying 1 resource from src\main\resources to target\classes
2024-10-24 11:44:09,421 [Worker-19: Building] INFO  o.a.m.s.f.DefaultMavenResourcesFiltering - Copying 0 resource from src\main\resources to target\classes
2024-10-24 11:44:09,431 [Worker-19: Building] INFO  o.a.m.s.f.DefaultMavenResourcesFiltering - skip non existing resourceDirectory C:\Users\Matias Mamani\Desktop\Proyecto Pino\ProyectoFabrica_PS\Backend\ProyectoFabricaPS\src\test\resources
2024-10-24 11:44:28,579 [Worker-9: Building] INFO  o.a.m.s.f.DefaultMavenResourcesFiltering - Copying 1 resource from src\main\resources to target\classes
2024-10-24 11:44:28,652 [Worker-9: Building] INFO  o.a.m.s.f.DefaultMavenResourcesFiltering - Copying 0 resource from src\main\resources to target\classes
2024-10-24 11:44:28,665 [Worker-9: Building] INFO  o.a.m.s.f.DefaultMavenResourcesFiltering - skip non existing resourceDirectory C:\Users\Matias Mamani\Desktop\Proyecto Pino\ProyectoFabrica_PS\Backend\ProyectoFabricaPS\src\test\resources
2024-10-24 11:44:39,749 [Worker-17: Building] INFO  o.a.m.s.f.DefaultMavenResourcesFiltering - Copying 1 resource from src\main\resources to target\classes
2024-10-24 11:44:39,771 [Worker-17: Building] INFO  o.a.m.s.f.DefaultMavenResourcesFiltering - Copying 0 resource from src\main\resources to target\classes
2024-10-24 11:44:39,782 [Worker-17: Building] INFO  o.a.m.s.f.DefaultMavenResourcesFiltering - skip non existing resourceDirectory C:\Users\Matias Mamani\Desktop\Proyecto Pino\ProyectoFabrica_PS\Backend\ProyectoFabricaPS\src\test\resources
2024-10-24 11:48:45,523 [Worker-19: Building] INFO  o.a.m.s.f.DefaultMavenResourcesFiltering - Copying 1 resource from src\main\resources to target\classes
2024-10-24 11:48:45,557 [Worker-19: Building] INFO  o.a.m.s.f.DefaultMavenResourcesFiltering - Copying 0 resource from src\main\resources to target\classes
2024-10-24 11:48:45,574 [Worker-19: Building] INFO  o.a.m.s.f.DefaultMavenResourcesFiltering - skip non existing resourceDirectory C:\Users\Matias Mamani\Desktop\Proyecto Pino\ProyectoFabrica_PS\Backend\ProyectoFabricaPS\src\test\resources
2024-10-24 11:49:05,598 [Worker-22: Building] INFO  o.a.m.s.f.DefaultMavenResourcesFiltering - Copying 1 resource from src\main\resources to target\classes
2024-10-24 11:49:05,620 [Worker-22: Building] INFO  o.a.m.s.f.DefaultMavenResourcesFiltering - Copying 0 resource from src\main\resources to target\classes
2024-10-24 11:49:05,633 [Worker-22: Building] INFO  o.a.m.s.f.DefaultMavenResourcesFiltering - skip non existing resourceDirectory C:\Users\Matias Mamani\Desktop\Proyecto Pino\ProyectoFabrica_PS\Backend\ProyectoFabricaPS\src\test\resources
2024-10-24 11:49:08,995 [Worker-24: Building] INFO  o.a.m.s.f.DefaultMavenResourcesFiltering - Copying 1 resource from src\main\resources to target\classes
2024-10-24 11:49:09,011 [Worker-24: Building] INFO  o.a.m.s.f.DefaultMavenResourcesFiltering - Copying 0 resource from src\main\resources to target\classes
2024-10-24 11:49:09,023 [Worker-24: Building] INFO  o.a.m.s.f.DefaultMavenResourcesFiltering - skip non existing resourceDirectory C:\Users\Matias Mamani\Desktop\Proyecto Pino\ProyectoFabrica_PS\Backend\ProyectoFabricaPS\src\test\resources
2024-10-24 11:52:35,937 [Worker-23: Building] INFO  o.a.m.s.f.DefaultMavenResourcesFiltering - Copying 1 resource from src\main\resources to target\classes
2024-10-24 11:52:35,957 [Worker-23: Building] INFO  o.a.m.s.f.DefaultMavenResourcesFiltering - Copying 0 resource from src\main\resources to target\classes
2024-10-24 11:52:35,966 [Worker-23: Building] INFO  o.a.m.s.f.DefaultMavenResourcesFiltering - skip non existing resourceDirectory C:\Users\Matias Mamani\Desktop\Proyecto Pino\ProyectoFabrica_PS\Backend\ProyectoFabricaPS\src\test\resources
2024-10-24 11:52:43,023 [Worker-28: Building] INFO  o.a.m.s.f.DefaultMavenResourcesFiltering - Copying 1 resource from src\main\resources to target\classes
2024-10-24 11:52:43,045 [Worker-28: Building] INFO  o.a.m.s.f.DefaultMavenResourcesFiltering - Copying 0 resource from src\main\resources to target\classes
2024-10-24 11:52:43,061 [Worker-28: Building] INFO  o.a.m.s.f.DefaultMavenResourcesFiltering - skip non existing resourceDirectory C:\Users\Matias Mamani\Desktop\Proyecto Pino\ProyectoFabrica_PS\Backend\ProyectoFabricaPS\src\test\resources
2024-10-24 12:09:36,911 [Worker-30: Building] INFO  o.a.m.s.f.DefaultMavenResourcesFiltering - Copying 1 resource from src\main\resources to target\classes
2024-10-24 12:09:36,974 [Worker-30: Building] INFO  o.a.m.s.f.DefaultMavenResourcesFiltering - Copying 0 resource from src\main\resources to target\classes
2024-10-24 12:09:36,997 [Worker-30: Building] INFO  o.a.m.s.f.DefaultMavenResourcesFiltering - skip non existing resourceDirectory C:\Users\Matias Mamani\Desktop\Proyecto Pino\ProyectoFabrica_PS\Backend\ProyectoFabricaPS\src\test\resources
2024-10-24 12:12:38,355 [Worker-31: Building] INFO  o.a.m.s.f.DefaultMavenResourcesFiltering - Copying 1 resource from src\main\resources to target\classes
2024-10-24 12:12:38,378 [Worker-31: Building] INFO  o.a.m.s.f.DefaultMavenResourcesFiltering - Copying 0 resource from src\main\resources to target\classes
2024-10-24 12:12:38,392 [Worker-31: Building] INFO  o.a.m.s.f.DefaultMavenResourcesFiltering - skip non existing resourceDirectory C:\Users\Matias Mamani\Desktop\Proyecto Pino\ProyectoFabrica_PS\Backend\ProyectoFabricaPS\src\test\resources
2024-10-24 12:12:54,011 [Worker-31: Building] INFO  o.a.m.s.f.DefaultMavenResourcesFiltering - Copying 1 resource from src\main\resources to target\classes
2024-10-24 12:12:54,027 [Worker-31: Building] INFO  o.a.m.s.f.DefaultMavenResourcesFiltering - Copying 0 resource from src\main\resources to target\classes
2024-10-24 12:12:54,038 [Worker-31: Building] INFO  o.a.m.s.f.DefaultMavenResourcesFiltering - skip non existing resourceDirectory C:\Users\Matias Mamani\Desktop\Proyecto Pino\ProyectoFabrica_PS\Backend\ProyectoFabricaPS\src\test\resources
2024-10-24 12:13:15,330 [Worker-31: Building] INFO  o.a.m.s.f.DefaultMavenResourcesFiltering - Copying 1 resource from src\main\resources to target\classes
2024-10-24 12:13:15,352 [Worker-31: Building] INFO  o.a.m.s.f.DefaultMavenResourcesFiltering - Copying 0 resource from src\main\resources to target\classes
2024-10-24 12:13:15,364 [Worker-31: Building] INFO  o.a.m.s.f.DefaultMavenResourcesFiltering - skip non existing resourceDirectory C:\Users\Matias Mamani\Desktop\Proyecto Pino\ProyectoFabrica_PS\Backend\ProyectoFabricaPS\src\test\resources
2024-10-24 12:13:19,506 [Worker-32: Building] INFO  o.a.m.s.f.DefaultMavenResourcesFiltering - Copying 1 resource from src\main\resources to target\classes
2024-10-24 12:13:19,524 [Worker-32: Building] INFO  o.a.m.s.f.DefaultMavenResourcesFiltering - Copying 0 resource from src\main\resources to target\classes
2024-10-24 12:13:19,533 [Worker-32: Building] INFO  o.a.m.s.f.DefaultMavenResourcesFiltering - skip non existing resourceDirectory C:\Users\Matias Mamani\Desktop\Proyecto Pino\ProyectoFabrica_PS\Backend\ProyectoFabricaPS\src\test\resources
2024-10-24 12:13:20,828 [Worker-31: Building] INFO  o.a.m.s.f.DefaultMavenResourcesFiltering - Copying 1 resource from src\main\resources to target\classes
2024-10-24 12:13:20,842 [Worker-31: Building] INFO  o.a.m.s.f.DefaultMavenResourcesFiltering - Copying 0 resource from src\main\resources to target\classes
2024-10-24 12:13:20,851 [Worker-31: Building] INFO  o.a.m.s.f.DefaultMavenResourcesFiltering - skip non existing resourceDirectory C:\Users\Matias Mamani\Desktop\Proyecto Pino\ProyectoFabrica_PS\Backend\ProyectoFabricaPS\src\test\resources
2024-10-24 12:13:24,129 [Worker-32: Building] INFO  o.a.m.s.f.DefaultMavenResourcesFiltering - Copying 1 resource from src\main\resources to target\classes
2024-10-24 12:13:24,146 [Worker-32: Building] INFO  o.a.m.s.f.DefaultMavenResourcesFiltering - Copying 0 resource from src\main\resources to target\classes
2024-10-24 12:13:24,156 [Worker-32: Building] INFO  o.a.m.s.f.DefaultMavenResourcesFiltering - skip non existing resourceDirectory C:\Users\Matias Mamani\Desktop\Proyecto Pino\ProyectoFabrica_PS\Backend\ProyectoFabricaPS\src\test\resources
2024-10-24 12:15:23,521 [Worker-36: Building] INFO  o.a.m.s.f.DefaultMavenResourcesFiltering - Copying 1 resource from src\main\resources to target\classes
2024-10-24 12:15:23,538 [Worker-36: Building] INFO  o.a.m.s.f.DefaultMavenResourcesFiltering - Copying 0 resource from src\main\resources to target\classes
2024-10-24 12:15:23,548 [Worker-36: Building] INFO  o.a.m.s.f.DefaultMavenResourcesFiltering - skip non existing resourceDirectory C:\Users\Matias Mamani\Desktop\Proyecto Pino\ProyectoFabrica_PS\Backend\ProyectoFabricaPS\src\test\resources
2024-10-24 12:15:34,697 [Worker-36: Building] INFO  o.a.m.s.f.DefaultMavenResourcesFiltering - Copying 1 resource from src\main\resources to target\classes
2024-10-24 12:15:34,813 [Worker-36: Building] INFO  o.a.m.s.f.DefaultMavenResourcesFiltering - Copying 0 resource from src\main\resources to target\classes
2024-10-24 12:15:34,824 [Worker-36: Building] INFO  o.a.m.s.f.DefaultMavenResourcesFiltering - skip non existing resourceDirectory C:\Users\Matias Mamani\Desktop\Proyecto Pino\ProyectoFabrica_PS\Backend\ProyectoFabricaPS\src\test\resources
2024-10-24 12:17:16,505 [Worker-41: Building] INFO  o.a.m.s.f.DefaultMavenResourcesFiltering - Copying 1 resource from src\main\resources to target\classes
2024-10-24 12:17:16,520 [Worker-41: Building] INFO  o.a.m.s.f.DefaultMavenResourcesFiltering - Copying 0 resource from src\main\resources to target\classes
2024-10-24 12:17:16,528 [Worker-41: Building] INFO  o.a.m.s.f.DefaultMavenResourcesFiltering - skip non existing resourceDirectory C:\Users\Matias Mamani\Desktop\Proyecto Pino\ProyectoFabrica_PS\Backend\ProyectoFabricaPS\src\test\resources
2024-10-24 12:17:47,988 [Worker-42: Building] INFO  o.a.m.s.f.DefaultMavenResourcesFiltering - Copying 1 resource from src\main\resources to target\classes
2024-10-24 12:17:48,003 [Worker-42: Building] INFO  o.a.m.s.f.DefaultMavenResourcesFiltering - Copying 0 resource from src\main\resources to target\classes
2024-10-24 12:17:48,011 [Worker-42: Building] INFO  o.a.m.s.f.DefaultMavenResourcesFiltering - skip non existing resourceDirectory C:\Users\Matias Mamani\Desktop\Proyecto Pino\ProyectoFabrica_PS\Backend\ProyectoFabricaPS\src\test\resources
2024-10-24 12:18:16,873 [Worker-31: Building] INFO  o.a.m.s.f.DefaultMavenResourcesFiltering - Copying 1 resource from src\main\resources to target\classes
2024-10-24 12:18:16,890 [Worker-31: Building] INFO  o.a.m.s.f.DefaultMavenResourcesFiltering - Copying 0 resource from src\main\resources to target\classes
2024-10-24 12:18:16,898 [Worker-31: Building] INFO  o.a.m.s.f.DefaultMavenResourcesFiltering - skip non existing resourceDirectory C:\Users\Matias Mamani\Desktop\Proyecto Pino\ProyectoFabrica_PS\Backend\ProyectoFabricaPS\src\test\resources
2024-10-24 12:18:18,186 [Worker-38: Building] INFO  o.a.m.s.f.DefaultMavenResourcesFiltering - Copying 1 resource from src\main\resources to target\classes
2024-10-24 12:18:18,200 [Worker-38: Building] INFO  o.a.m.s.f.DefaultMavenResourcesFiltering - Copying 0 resource from src\main\resources to target\classes
2024-10-24 12:18:18,207 [Worker-38: Building] INFO  o.a.m.s.f.DefaultMavenResourcesFiltering - skip non existing resourceDirectory C:\Users\Matias Mamani\Desktop\Proyecto Pino\ProyectoFabrica_PS\Backend\ProyectoFabricaPS\src\test\resources
2024-10-24 12:22:38,473 [Worker-47: Building] INFO  o.a.m.s.f.DefaultMavenResourcesFiltering - Copying 1 resource from src\main\resources to target\classes
2024-10-24 12:22:38,493 [Worker-47: Building] INFO  o.a.m.s.f.DefaultMavenResourcesFiltering - Copying 0 resource from src\main\resources to target\classes
2024-10-24 12:22:38,505 [Worker-47: Building] INFO  o.a.m.s.f.DefaultMavenResourcesFiltering - skip non existing resourceDirectory C:\Users\Matias Mamani\Desktop\Proyecto Pino\ProyectoFabrica_PS\Backend\ProyectoFabricaPS\src\test\resources
2024-10-24 12:22:52,588 [Worker-45: Building] INFO  o.a.m.s.f.DefaultMavenResourcesFiltering - Copying 1 resource from src\main\resources to target\classes
2024-10-24 12:22:52,603 [Worker-45: Building] INFO  o.a.m.s.f.DefaultMavenResourcesFiltering - Copying 0 resource from src\main\resources to target\classes
2024-10-24 12:22:52,611 [Worker-45: Building] INFO  o.a.m.s.f.DefaultMavenResourcesFiltering - skip non existing resourceDirectory C:\Users\Matias Mamani\Desktop\Proyecto Pino\ProyectoFabrica_PS\Backend\ProyectoFabricaPS\src\test\resources
2024-10-24 12:22:53,786 [Worker-46: Building] INFO  o.a.m.s.f.DefaultMavenResourcesFiltering - Copying 1 resource from src\main\resources to target\classes
2024-10-24 12:22:53,803 [Worker-46: Building] INFO  o.a.m.s.f.DefaultMavenResourcesFiltering - Copying 0 resource from src\main\resources to target\classes
2024-10-24 12:22:53,812 [Worker-46: Building] INFO  o.a.m.s.f.DefaultMavenResourcesFiltering - skip non existing resourceDirectory C:\Users\Matias Mamani\Desktop\Proyecto Pino\ProyectoFabrica_PS\Backend\ProyectoFabricaPS\src\test\resources
2024-10-24 12:24:35,401 [Worker-44: Building] INFO  o.a.m.s.f.DefaultMavenResourcesFiltering - Copying 1 resource from src\main\resources to target\classes
2024-10-24 12:24:35,421 [Worker-44: Building] INFO  o.a.m.s.f.DefaultMavenResourcesFiltering - Copying 0 resource from src\main\resources to target\classes
2024-10-24 12:24:35,429 [Worker-44: Building] INFO  o.a.m.s.f.DefaultMavenResourcesFiltering - skip non existing resourceDirectory C:\Users\Matias Mamani\Desktop\Proyecto Pino\ProyectoFabrica_PS\Backend\ProyectoFabricaPS\src\test\resources
2024-10-24 12:25:08,158 [Worker-48: Building] INFO  o.a.m.s.f.DefaultMavenResourcesFiltering - Copying 1 resource from src\main\resources to target\classes
2024-10-24 12:25:08,175 [Worker-48: Building] INFO  o.a.m.s.f.DefaultMavenResourcesFiltering - Copying 0 resource from src\main\resources to target\classes
2024-10-24 12:25:08,184 [Worker-48: Building] INFO  o.a.m.s.f.DefaultMavenResourcesFiltering - skip non existing resourceDirectory C:\Users\Matias Mamani\Desktop\Proyecto Pino\ProyectoFabrica_PS\Backend\ProyectoFabricaPS\src\test\resources
2024-10-24 12:27:48,276 [Worker-49: Building] INFO  o.a.m.s.f.DefaultMavenResourcesFiltering - Copying 1 resource from src\main\resources to target\classes
2024-10-24 12:27:48,290 [Worker-49: Building] INFO  o.a.m.s.f.DefaultMavenResourcesFiltering - Copying 0 resource from src\main\resources to target\classes
2024-10-24 12:27:48,297 [Worker-49: Building] INFO  o.a.m.s.f.DefaultMavenResourcesFiltering - skip non existing resourceDirectory C:\Users\Matias Mamani\Desktop\Proyecto Pino\ProyectoFabrica_PS\Backend\ProyectoFabricaPS\src\test\resources
2024-10-24 12:28:10,005 [Worker-46: Building] INFO  o.a.m.s.f.DefaultMavenResourcesFiltering - Copying 1 resource from src\main\resources to target\classes
2024-10-24 12:28:10,018 [Worker-46: Building] INFO  o.a.m.s.f.DefaultMavenResourcesFiltering - Copying 0 resource from src\main\resources to target\classes
2024-10-24 12:28:10,028 [Worker-46: Building] INFO  o.a.m.s.f.DefaultMavenResourcesFiltering - skip non existing resourceDirectory C:\Users\Matias Mamani\Desktop\Proyecto Pino\ProyectoFabrica_PS\Backend\ProyectoFabricaPS\src\test\resources
2024-10-24 12:28:56,078 [Worker-46: Building] INFO  o.a.m.s.f.DefaultMavenResourcesFiltering - Copying 1 resource from src\main\resources to target\classes
2024-10-24 12:28:56,096 [Worker-46: Building] INFO  o.a.m.s.f.DefaultMavenResourcesFiltering - Copying 0 resource from src\main\resources to target\classes
2024-10-24 12:28:56,105 [Worker-46: Building] INFO  o.a.m.s.f.DefaultMavenResourcesFiltering - skip non existing resourceDirectory C:\Users\Matias Mamani\Desktop\Proyecto Pino\ProyectoFabrica_PS\Backend\ProyectoFabricaPS\src\test\resources
2024-10-24 12:32:28,777 [Worker-47: Building] INFO  o.a.m.s.f.DefaultMavenResourcesFiltering - Copying 1 resource from src\main\resources to target\classes
2024-10-24 12:32:28,792 [Worker-47: Building] INFO  o.a.m.s.f.DefaultMavenResourcesFiltering - Copying 0 resource from src\main\resources to target\classes
2024-10-24 12:32:28,802 [Worker-47: Building] INFO  o.a.m.s.f.DefaultMavenResourcesFiltering - skip non existing resourceDirectory C:\Users\Matias Mamani\Desktop\Proyecto Pino\ProyectoFabrica_PS\Backend\ProyectoFabricaPS\src\test\resources
2024-10-24 12:32:57,833 [Worker-53: Building] INFO  o.a.m.s.f.DefaultMavenResourcesFiltering - Copying 1 resource from src\main\resources to target\classes
2024-10-24 12:32:57,850 [Worker-53: Building] INFO  o.a.m.s.f.DefaultMavenResourcesFiltering - Copying 0 resource from src\main\resources to target\classes
2024-10-24 12:32:57,860 [Worker-53: Building] INFO  o.a.m.s.f.DefaultMavenResourcesFiltering - skip non existing resourceDirectory C:\Users\Matias Mamani\Desktop\Proyecto Pino\ProyectoFabrica_PS\Backend\ProyectoFabricaPS\src\test\resources
2024-10-24 12:46:47,913 [Worker-59: Building] INFO  o.a.m.s.f.DefaultMavenResourcesFiltering - Copying 1 resource from src\main\resources to target\classes
2024-10-24 12:46:47,929 [Worker-59: Building] INFO  o.a.m.s.f.DefaultMavenResourcesFiltering - Copying 0 resource from src\main\resources to target\classes
2024-10-24 12:46:47,937 [Worker-59: Building] INFO  o.a.m.s.f.DefaultMavenResourcesFiltering - skip non existing resourceDirectory C:\Users\Matias Mamani\Desktop\Proyecto Pino\ProyectoFabrica_PS\Backend\ProyectoFabricaPS\src\test\resources
2024-10-24 12:46:57,352 [Worker-64: Building] INFO  o.a.m.s.f.DefaultMavenResourcesFiltering - Copying 1 resource from src\main\resources to target\classes
2024-10-24 12:46:57,374 [Worker-64: Building] INFO  o.a.m.s.f.DefaultMavenResourcesFiltering - Copying 0 resource from src\main\resources to target\classes
2024-10-24 12:46:57,385 [Worker-64: Building] INFO  o.a.m.s.f.DefaultMavenResourcesFiltering - skip non existing resourceDirectory C:\Users\Matias Mamani\Desktop\Proyecto Pino\ProyectoFabrica_PS\Backend\ProyectoFabricaPS\src\test\resources
2024-10-24 12:47:16,078 [Worker-59: Building] INFO  o.a.m.s.f.DefaultMavenResourcesFiltering - Copying 1 resource from src\main\resources to target\classes
2024-10-24 12:47:16,096 [Worker-59: Building] INFO  o.a.m.s.f.DefaultMavenResourcesFiltering - Copying 0 resource from src\main\resources to target\classes
2024-10-24 12:47:16,104 [Worker-59: Building] INFO  o.a.m.s.f.DefaultMavenResourcesFiltering - skip non existing resourceDirectory C:\Users\Matias Mamani\Desktop\Proyecto Pino\ProyectoFabrica_PS\Backend\ProyectoFabricaPS\src\test\resources
2024-10-24 12:48:16,631 [Worker-62: Building] INFO  o.a.m.s.f.DefaultMavenResourcesFiltering - Copying 1 resource from src\main\resources to target\classes
2024-10-24 12:48:16,651 [Worker-62: Building] INFO  o.a.m.s.f.DefaultMavenResourcesFiltering - Copying 0 resource from src\main\resources to target\classes
2024-10-24 12:48:16,660 [Worker-62: Building] INFO  o.a.m.s.f.DefaultMavenResourcesFiltering - skip non existing resourceDirectory C:\Users\Matias Mamani\Desktop\Proyecto Pino\ProyectoFabrica_PS\Backend\ProyectoFabricaPS\src\test\resources
2024-10-24 12:48:42,485 [Worker-65: Building] INFO  o.a.m.s.f.DefaultMavenResourcesFiltering - Copying 1 resource from src\main\resources to target\classes
2024-10-24 12:48:42,502 [Worker-65: Building] INFO  o.a.m.s.f.DefaultMavenResourcesFiltering - Copying 0 resource from src\main\resources to target\classes
2024-10-24 12:48:42,511 [Worker-65: Building] INFO  o.a.m.s.f.DefaultMavenResourcesFiltering - skip non existing resourceDirectory C:\Users\Matias Mamani\Desktop\Proyecto Pino\ProyectoFabrica_PS\Backend\ProyectoFabricaPS\src\test\resources
2024-10-24 13:25:35,318 [Worker-59: Building] INFO  o.a.m.s.f.DefaultMavenResourcesFiltering - Copying 1 resource from src\main\resources to target\classes
2024-10-24 13:25:35,342 [Worker-59: Building] INFO  o.a.m.s.f.DefaultMavenResourcesFiltering - Copying 0 resource from src\main\resources to target\classes
2024-10-24 13:25:35,351 [Worker-59: Building] INFO  o.a.m.s.f.DefaultMavenResourcesFiltering - skip non existing resourceDirectory C:\Users\Matias Mamani\Desktop\Proyecto Pino\ProyectoFabrica_PS\Backend\ProyectoFabricaPS\src\test\resources
2024-10-24 13:30:50,640 [Worker-72: Building] INFO  o.a.m.s.f.DefaultMavenResourcesFiltering - Copying 1 resource from src\main\resources to target\classes
2024-10-24 13:30:50,666 [Worker-72: Building] INFO  o.a.m.s.f.DefaultMavenResourcesFiltering - Copying 0 resource from src\main\resources to target\classes
2024-10-24 13:30:50,674 [Worker-72: Building] INFO  o.a.m.s.f.DefaultMavenResourcesFiltering - skip non existing resourceDirectory C:\Users\Matias Mamani\Desktop\Proyecto Pino\ProyectoFabrica_PS\Backend\ProyectoFabricaPS\src\test\resources
2024-10-24 13:30:55,886 [Worker-73: Building] INFO  o.a.m.s.f.DefaultMavenResourcesFiltering - Copying 1 resource from src\main\resources to target\classes
2024-10-24 13:30:55,915 [Worker-73: Building] INFO  o.a.m.s.f.DefaultMavenResourcesFiltering - Copying 0 resource from src\main\resources to target\classes
2024-10-24 13:30:55,924 [Worker-73: Building] INFO  o.a.m.s.f.DefaultMavenResourcesFiltering - skip non existing resourceDirectory C:\Users\Matias Mamani\Desktop\Proyecto Pino\ProyectoFabrica_PS\Backend\ProyectoFabricaPS\src\test\resources
2024-10-24 13:32:04,700 [Worker-72: Building] INFO  o.a.m.s.f.DefaultMavenResourcesFiltering - Copying 1 resource from src\main\resources to target\classes
2024-10-24 13:32:04,718 [Worker-72: Building] INFO  o.a.m.s.f.DefaultMavenResourcesFiltering - Copying 0 resource from src\main\resources to target\classes
2024-10-24 13:32:04,730 [Worker-72: Building] INFO  o.a.m.s.f.DefaultMavenResourcesFiltering - skip non existing resourceDirectory C:\Users\Matias Mamani\Desktop\Proyecto Pino\ProyectoFabrica_PS\Backend\ProyectoFabricaPS\src\test\resources
2024-10-24 13:32:11,330 [Worker-74: Building] INFO  o.a.m.s.f.DefaultMavenResourcesFiltering - Copying 1 resource from src\main\resources to target\classes
2024-10-24 13:32:11,347 [Worker-74: Building] INFO  o.a.m.s.f.DefaultMavenResourcesFiltering - Copying 0 resource from src\main\resources to target\classes
2024-10-24 13:32:11,357 [Worker-74: Building] INFO  o.a.m.s.f.DefaultMavenResourcesFiltering - skip non existing resourceDirectory C:\Users\Matias Mamani\Desktop\Proyecto Pino\ProyectoFabrica_PS\Backend\ProyectoFabricaPS\src\test\resources
2024-10-24 13:32:31,932 [Worker-72: Building] INFO  o.a.m.s.f.DefaultMavenResourcesFiltering - Copying 1 resource from src\main\resources to target\classes
2024-10-24 13:32:31,949 [Worker-72: Building] INFO  o.a.m.s.f.DefaultMavenResourcesFiltering - Copying 0 resource from src\main\resources to target\classes
2024-10-24 13:32:31,960 [Worker-72: Building] INFO  o.a.m.s.f.DefaultMavenResourcesFiltering - skip non existing resourceDirectory C:\Users\Matias Mamani\Desktop\Proyecto Pino\ProyectoFabrica_PS\Backend\ProyectoFabricaPS\src\test\resources
2024-10-24 13:32:38,872 [Worker-73: Building] INFO  o.a.m.s.f.DefaultMavenResourcesFiltering - Copying 1 resource from src\main\resources to target\classes
2024-10-24 13:32:38,884 [Worker-73: Building] INFO  o.a.m.s.f.DefaultMavenResourcesFiltering - Copying 0 resource from src\main\resources to target\classes
2024-10-24 13:32:38,891 [Worker-73: Building] INFO  o.a.m.s.f.DefaultMavenResourcesFiltering - skip non existing resourceDirectory C:\Users\Matias Mamani\Desktop\Proyecto Pino\ProyectoFabrica_PS\Backend\ProyectoFabricaPS\src\test\resources
2024-10-24 13:32:43,976 [Worker-74: Building] INFO  o.a.m.s.f.DefaultMavenResourcesFiltering - Copying 1 resource from src\main\resources to target\classes
2024-10-24 13:32:43,996 [Worker-74: Building] INFO  o.a.m.s.f.DefaultMavenResourcesFiltering - Copying 0 resource from src\main\resources to target\classes
2024-10-24 13:32:44,013 [Worker-74: Building] INFO  o.a.m.s.f.DefaultMavenResourcesFiltering - skip non existing resourceDirectory C:\Users\Matias Mamani\Desktop\Proyecto Pino\ProyectoFabrica_PS\Backend\ProyectoFabricaPS\src\test\resources
2024-10-24 13:32:49,828 [Worker-73: Building] INFO  o.a.m.s.f.DefaultMavenResourcesFiltering - Copying 1 resource from src\main\resources to target\classes
2024-10-24 13:32:49,845 [Worker-73: Building] INFO  o.a.m.s.f.DefaultMavenResourcesFiltering - Copying 0 resource from src\main\resources to target\classes
2024-10-24 13:32:49,854 [Worker-73: Building] INFO  o.a.m.s.f.DefaultMavenResourcesFiltering - skip non existing resourceDirectory C:\Users\Matias Mamani\Desktop\Proyecto Pino\ProyectoFabrica_PS\Backend\ProyectoFabricaPS\src\test\resources
2024-10-24 13:48:10,704 [Worker-80: Building] INFO  o.a.m.s.f.DefaultMavenResourcesFiltering - Copying 1 resource from src\main\resources to target\classes
2024-10-24 13:48:10,736 [Worker-80: Building] INFO  o.a.m.s.f.DefaultMavenResourcesFiltering - Copying 0 resource from src\main\resources to target\classes
2024-10-24 13:48:10,742 [Worker-80: Building] INFO  o.a.m.s.f.DefaultMavenResourcesFiltering - skip non existing resourceDirectory C:\Users\Matias Mamani\Desktop\Proyecto Pino\ProyectoFabrica_PS\Backend\ProyectoFabricaPS\src\test\resources
2024-10-24 13:48:10,966 [Worker-79: Building] INFO  o.a.m.s.f.DefaultMavenResourcesFiltering - Copying 1 resource from src\main\resources to target\classes
2024-10-24 13:48:10,975 [Worker-79: Building] INFO  o.a.m.s.f.DefaultMavenResourcesFiltering - Copying 0 resource from src\main\resources to target\classes
2024-10-24 13:48:10,978 [Worker-79: Building] INFO  o.a.m.s.f.DefaultMavenResourcesFiltering - skip non existing resourceDirectory C:\Users\Matias Mamani\Desktop\Proyecto Pino\ProyectoFabrica_PS\Backend\ProyectoFabricaPS\src\test\resources
2024-10-24 13:48:20,340 [Worker-77: Building] INFO  o.a.m.s.f.DefaultMavenResourcesFiltering - Copying 1 resource from src\main\resources to target\classes
2024-10-24 13:48:20,350 [Worker-77: Building] INFO  o.a.m.s.f.DefaultMavenResourcesFiltering - Copying 0 resource from src\main\resources to target\classes
2024-10-24 13:48:20,353 [Worker-77: Building] INFO  o.a.m.s.f.DefaultMavenResourcesFiltering - skip non existing resourceDirectory C:\Users\Matias Mamani\Desktop\Proyecto Pino\ProyectoFabrica_PS\Backend\ProyectoFabricaPS\src\test\resources
2024-10-24 13:48:32,748 [Worker-79: Building] INFO  o.a.m.s.f.DefaultMavenResourcesFiltering - Copying 1 resource from src\main\resources to target\classes
2024-10-24 13:48:32,758 [Worker-79: Building] INFO  o.a.m.s.f.DefaultMavenResourcesFiltering - Copying 0 resource from src\main\resources to target\classes
2024-10-24 13:48:32,762 [Worker-79: Building] INFO  o.a.m.s.f.DefaultMavenResourcesFiltering - skip non existing resourceDirectory C:\Users\Matias Mamani\Desktop\Proyecto Pino\ProyectoFabrica_PS\Backend\ProyectoFabricaPS\src\test\resources
2024-10-24 13:49:38,548 [Worker-77: Building] INFO  o.a.m.s.f.DefaultMavenResourcesFiltering - Copying 1 resource from src\main\resources to target\classes
2024-10-24 13:49:38,561 [Worker-77: Building] INFO  o.a.m.s.f.DefaultMavenResourcesFiltering - Copying 0 resource from src\main\resources to target\classes
2024-10-24 13:49:38,566 [Worker-77: Building] INFO  o.a.m.s.f.DefaultMavenResourcesFiltering - skip non existing resourceDirectory C:\Users\Matias Mamani\Desktop\Proyecto Pino\ProyectoFabrica_PS\Backend\ProyectoFabricaPS\src\test\resources
2024-10-24 13:49:47,997 [Worker-71: Building] INFO  o.a.m.s.f.DefaultMavenResourcesFiltering - Copying 1 resource from src\main\resources to target\classes
2024-10-24 13:49:48,007 [Worker-71: Building] INFO  o.a.m.s.f.DefaultMavenResourcesFiltering - Copying 0 resource from src\main\resources to target\classes
2024-10-24 13:49:48,012 [Worker-71: Building] INFO  o.a.m.s.f.DefaultMavenResourcesFiltering - skip non existing resourceDirectory C:\Users\Matias Mamani\Desktop\Proyecto Pino\ProyectoFabrica_PS\Backend\ProyectoFabricaPS\src\test\resources
2024-10-24 13:52:23,467 [Worker-77: Building] INFO  o.a.m.s.f.DefaultMavenResourcesFiltering - Copying 1 resource from src\main\resources to target\classes
2024-10-24 13:52:23,480 [Worker-77: Building] INFO  o.a.m.s.f.DefaultMavenResourcesFiltering - Copying 0 resource from src\main\resources to target\classes
2024-10-24 13:52:23,484 [Worker-77: Building] INFO  o.a.m.s.f.DefaultMavenResourcesFiltering - skip non existing resourceDirectory C:\Users\Matias Mamani\Desktop\Proyecto Pino\ProyectoFabrica_PS\Backend\ProyectoFabricaPS\src\test\resources
2024-10-24 13:52:34,905 [Worker-85: Building] INFO  o.a.m.s.f.DefaultMavenResourcesFiltering - Copying 1 resource from src\main\resources to target\classes
2024-10-24 13:52:34,921 [Worker-85: Building] INFO  o.a.m.s.f.DefaultMavenResourcesFiltering - Copying 0 resource from src\main\resources to target\classes
2024-10-24 13:52:34,926 [Worker-85: Building] INFO  o.a.m.s.f.DefaultMavenResourcesFiltering - skip non existing resourceDirectory C:\Users\Matias Mamani\Desktop\Proyecto Pino\ProyectoFabrica_PS\Backend\ProyectoFabricaPS\src\test\resources
2024-10-24 13:52:56,525 [Worker-83: Building] INFO  o.a.m.s.f.DefaultMavenResourcesFiltering - Copying 1 resource from src\main\resources to target\classes
2024-10-24 13:52:56,534 [Worker-83: Building] INFO  o.a.m.s.f.DefaultMavenResourcesFiltering - Copying 0 resource from src\main\resources to target\classes
2024-10-24 13:52:56,538 [Worker-83: Building] INFO  o.a.m.s.f.DefaultMavenResourcesFiltering - skip non existing resourceDirectory C:\Users\Matias Mamani\Desktop\Proyecto Pino\ProyectoFabrica_PS\Backend\ProyectoFabricaPS\src\test\resources
2024-10-24 13:53:05,423 [Worker-84: Building] INFO  o.a.m.s.f.DefaultMavenResourcesFiltering - Copying 1 resource from src\main\resources to target\classes
2024-10-24 13:53:05,435 [Worker-84: Building] INFO  o.a.m.s.f.DefaultMavenResourcesFiltering - Copying 0 resource from src\main\resources to target\classes
2024-10-24 13:53:05,440 [Worker-84: Building] INFO  o.a.m.s.f.DefaultMavenResourcesFiltering - skip non existing resourceDirectory C:\Users\Matias Mamani\Desktop\Proyecto Pino\ProyectoFabrica_PS\Backend\ProyectoFabricaPS\src\test\resources
2024-10-24 13:53:08,235 [Worker-77: Building] INFO  o.a.m.s.f.DefaultMavenResourcesFiltering - Copying 1 resource from src\main\resources to target\classes
2024-10-24 13:53:08,244 [Worker-77: Building] INFO  o.a.m.s.f.DefaultMavenResourcesFiltering - Copying 0 resource from src\main\resources to target\classes
2024-10-24 13:53:08,247 [Worker-77: Building] INFO  o.a.m.s.f.DefaultMavenResourcesFiltering - skip non existing resourceDirectory C:\Users\Matias Mamani\Desktop\Proyecto Pino\ProyectoFabrica_PS\Backend\ProyectoFabricaPS\src\test\resources
2024-10-24 14:01:30,352 [Worker-85: Building] INFO  o.a.m.s.f.DefaultMavenResourcesFiltering - Copying 1 resource from src\main\resources to target\classes
2024-10-24 14:01:30,370 [Worker-85: Building] INFO  o.a.m.s.f.DefaultMavenResourcesFiltering - Copying 0 resource from src\main\resources to target\classes
2024-10-24 14:01:30,373 [Worker-85: Building] INFO  o.a.m.s.f.DefaultMavenResourcesFiltering - skip non existing resourceDirectory C:\Users\Matias Mamani\Desktop\Proyecto Pino\ProyectoFabrica_PS\Backend\ProyectoFabricaPS\src\test\resources
2024-10-24 14:01:54,260 [Worker-85: Building] INFO  o.a.m.s.f.DefaultMavenResourcesFiltering - Copying 1 resource from src\main\resources to target\classes
2024-10-24 14:01:54,282 [Worker-85: Building] INFO  o.a.m.s.f.DefaultMavenResourcesFiltering - Copying 0 resource from src\main\resources to target\classes
2024-10-24 14:01:54,286 [Worker-85: Building] INFO  o.a.m.s.f.DefaultMavenResourcesFiltering - skip non existing resourceDirectory C:\Users\Matias Mamani\Desktop\Proyecto Pino\ProyectoFabrica_PS\Backend\ProyectoFabricaPS\src\test\resources
2024-10-24 14:01:56,841 [Worker-83: Building] INFO  o.a.m.s.f.DefaultMavenResourcesFiltering - Copying 1 resource from src\main\resources to target\classes
2024-10-24 14:01:56,850 [Worker-83: Building] INFO  o.a.m.s.f.DefaultMavenResourcesFiltering - Copying 0 resource from src\main\resources to target\classes
2024-10-24 14:01:56,854 [Worker-83: Building] INFO  o.a.m.s.f.DefaultMavenResourcesFiltering - skip non existing resourceDirectory C:\Users\Matias Mamani\Desktop\Proyecto Pino\ProyectoFabrica_PS\Backend\ProyectoFabricaPS\src\test\resources
2024-10-24 14:02:24,867 [Worker-83: Building] INFO  o.a.m.s.f.DefaultMavenResourcesFiltering - Copying 1 resource from src\main\resources to target\classes
2024-10-24 14:02:24,888 [Worker-83: Building] INFO  o.a.m.s.f.DefaultMavenResourcesFiltering - Copying 0 resource from src\main\resources to target\classes
2024-10-24 14:02:24,893 [Worker-83: Building] INFO  o.a.m.s.f.DefaultMavenResourcesFiltering - skip non existing resourceDirectory C:\Users\Matias Mamani\Desktop\Proyecto Pino\ProyectoFabrica_PS\Backend\ProyectoFabricaPS\src\test\resources
2024-10-24 14:02:32,786 [Worker-89: Building] INFO  o.a.m.s.f.DefaultMavenResourcesFiltering - Copying 1 resource from src\main\resources to target\classes
2024-10-24 14:02:32,808 [Worker-89: Building] INFO  o.a.m.s.f.DefaultMavenResourcesFiltering - Copying 0 resource from src\main\resources to target\classes
2024-10-24 14:02:32,812 [Worker-89: Building] INFO  o.a.m.s.f.DefaultMavenResourcesFiltering - skip non existing resourceDirectory C:\Users\Matias Mamani\Desktop\Proyecto Pino\ProyectoFabrica_PS\Backend\ProyectoFabricaPS\src\test\resources
2024-10-24 14:03:09,484 [Worker-88: Building] INFO  o.a.m.s.f.DefaultMavenResourcesFiltering - Copying 1 resource from src\main\resources to target\classes
2024-10-24 14:03:09,504 [Worker-88: Building] INFO  o.a.m.s.f.DefaultMavenResourcesFiltering - Copying 0 resource from src\main\resources to target\classes
2024-10-24 14:03:09,511 [Worker-88: Building] INFO  o.a.m.s.f.DefaultMavenResourcesFiltering - skip non existing resourceDirectory C:\Users\Matias Mamani\Desktop\Proyecto Pino\ProyectoFabrica_PS\Backend\ProyectoFabricaPS\src\test\resources
2024-10-24 14:03:40,674 [Worker-85: Building] INFO  o.a.m.s.f.DefaultMavenResourcesFiltering - Copying 1 resource from src\main\resources to target\classes
2024-10-24 14:03:40,685 [Worker-85: Building] INFO  o.a.m.s.f.DefaultMavenResourcesFiltering - Copying 0 resource from src\main\resources to target\classes
2024-10-24 14:03:40,689 [Worker-85: Building] INFO  o.a.m.s.f.DefaultMavenResourcesFiltering - skip non existing resourceDirectory C:\Users\Matias Mamani\Desktop\Proyecto Pino\ProyectoFabrica_PS\Backend\ProyectoFabricaPS\src\test\resources
2024-10-24 14:03:43,471 [Worker-89: Building] INFO  o.a.m.s.f.DefaultMavenResourcesFiltering - Copying 1 resource from src\main\resources to target\classes
2024-10-24 14:03:43,482 [Worker-89: Building] INFO  o.a.m.s.f.DefaultMavenResourcesFiltering - Copying 0 resource from src\main\resources to target\classes
2024-10-24 14:03:43,486 [Worker-89: Building] INFO  o.a.m.s.f.DefaultMavenResourcesFiltering - skip non existing resourceDirectory C:\Users\Matias Mamani\Desktop\Proyecto Pino\ProyectoFabrica_PS\Backend\ProyectoFabricaPS\src\test\resources
2024-10-24 14:03:44,588 [Worker-89: Building] INFO  o.a.m.s.f.DefaultMavenResourcesFiltering - Copying 1 resource from src\main\resources to target\classes
2024-10-24 14:03:44,599 [Worker-89: Building] INFO  o.a.m.s.f.DefaultMavenResourcesFiltering - Copying 0 resource from src\main\resources to target\classes
2024-10-24 14:03:44,605 [Worker-89: Building] INFO  o.a.m.s.f.DefaultMavenResourcesFiltering - skip non existing resourceDirectory C:\Users\Matias Mamani\Desktop\Proyecto Pino\ProyectoFabrica_PS\Backend\ProyectoFabricaPS\src\test\resources
2024-10-24 14:03:46,683 [Worker-88: Building] INFO  o.a.m.s.f.DefaultMavenResourcesFiltering - Copying 1 resource from src\main\resources to target\classes
2024-10-24 14:03:46,693 [Worker-88: Building] INFO  o.a.m.s.f.DefaultMavenResourcesFiltering - Copying 0 resource from src\main\resources to target\classes
2024-10-24 14:03:46,697 [Worker-88: Building] INFO  o.a.m.s.f.DefaultMavenResourcesFiltering - skip non existing resourceDirectory C:\Users\Matias Mamani\Desktop\Proyecto Pino\ProyectoFabrica_PS\Backend\ProyectoFabricaPS\src\test\resources
2024-10-24 14:04:09,647 [Worker-83: Building] INFO  o.a.m.s.f.DefaultMavenResourcesFiltering - Copying 1 resource from src\main\resources to target\classes
2024-10-24 14:04:09,660 [Worker-83: Building] INFO  o.a.m.s.f.DefaultMavenResourcesFiltering - Copying 0 resource from src\main\resources to target\classes
2024-10-24 14:04:09,665 [Worker-83: Building] INFO  o.a.m.s.f.DefaultMavenResourcesFiltering - skip non existing resourceDirectory C:\Users\Matias Mamani\Desktop\Proyecto Pino\ProyectoFabrica_PS\Backend\ProyectoFabricaPS\src\test\resources
2024-10-24 14:04:27,974 [Worker-90: Building] INFO  o.a.m.s.f.DefaultMavenResourcesFiltering - Copying 1 resource from src\main\resources to target\classes
2024-10-24 14:04:27,982 [Worker-90: Building] INFO  o.a.m.s.f.DefaultMavenResourcesFiltering - Copying 0 resource from src\main\resources to target\classes
2024-10-24 14:04:27,985 [Worker-90: Building] INFO  o.a.m.s.f.DefaultMavenResourcesFiltering - skip non existing resourceDirectory C:\Users\Matias Mamani\Desktop\Proyecto Pino\ProyectoFabrica_PS\Backend\ProyectoFabricaPS\src\test\resources
2024-10-24 14:09:20,068 [Worker-94: Building] INFO  o.a.m.s.f.DefaultMavenResourcesFiltering - Copying 1 resource from src\main\resources to target\classes
2024-10-24 14:09:20,078 [Worker-94: Building] INFO  o.a.m.s.f.DefaultMavenResourcesFiltering - Copying 0 resource from src\main\resources to target\classes
2024-10-24 14:09:20,084 [Worker-94: Building] INFO  o.a.m.s.f.DefaultMavenResourcesFiltering - skip non existing resourceDirectory C:\Users\Matias Mamani\Desktop\Proyecto Pino\ProyectoFabrica_PS\Backend\ProyectoFabricaPS\src\test\resources
2024-10-24 14:09:53,794 [Worker-94: Building] INFO  o.a.m.s.f.DefaultMavenResourcesFiltering - Copying 1 resource from src\main\resources to target\classes
2024-10-24 14:09:53,818 [Worker-94: Building] INFO  o.a.m.s.f.DefaultMavenResourcesFiltering - Copying 0 resource from src\main\resources to target\classes
2024-10-24 14:09:53,822 [Worker-94: Building] INFO  o.a.m.s.f.DefaultMavenResourcesFiltering - skip non existing resourceDirectory C:\Users\Matias Mamani\Desktop\Proyecto Pino\ProyectoFabrica_PS\Backend\ProyectoFabricaPS\src\test\resources
2024-10-24 14:10:09,304 [Worker-95: Building] INFO  o.a.m.s.f.DefaultMavenResourcesFiltering - Copying 1 resource from src\main\resources to target\classes
2024-10-24 14:10:09,312 [Worker-95: Building] INFO  o.a.m.s.f.DefaultMavenResourcesFiltering - Copying 0 resource from src\main\resources to target\classes
2024-10-24 14:10:09,315 [Worker-95: Building] INFO  o.a.m.s.f.DefaultMavenResourcesFiltering - skip non existing resourceDirectory C:\Users\Matias Mamani\Desktop\Proyecto Pino\ProyectoFabrica_PS\Backend\ProyectoFabricaPS\src\test\resources
2024-10-24 14:10:19,844 [Worker-91: Building] INFO  o.a.m.s.f.DefaultMavenResourcesFiltering - Copying 1 resource from src\main\resources to target\classes
2024-10-24 14:10:19,853 [Worker-91: Building] INFO  o.a.m.s.f.DefaultMavenResourcesFiltering - Copying 0 resource from src\main\resources to target\classes
2024-10-24 14:10:19,858 [Worker-91: Building] INFO  o.a.m.s.f.DefaultMavenResourcesFiltering - skip non existing resourceDirectory C:\Users\Matias Mamani\Desktop\Proyecto Pino\ProyectoFabrica_PS\Backend\ProyectoFabricaPS\src\test\resources
2024-10-24 14:10:25,641 [Worker-94: Building] INFO  o.a.m.s.f.DefaultMavenResourcesFiltering - Copying 1 resource from src\main\resources to target\classes
2024-10-24 14:10:25,650 [Worker-94: Building] INFO  o.a.m.s.f.DefaultMavenResourcesFiltering - Copying 0 resource from src\main\resources to target\classes
2024-10-24 14:10:25,653 [Worker-94: Building] INFO  o.a.m.s.f.DefaultMavenResourcesFiltering - skip non existing resourceDirectory C:\Users\Matias Mamani\Desktop\Proyecto Pino\ProyectoFabrica_PS\Backend\ProyectoFabricaPS\src\test\resources
2024-10-24 14:10:39,501 [Worker-96: Building] INFO  o.a.m.s.f.DefaultMavenResourcesFiltering - Copying 1 resource from src\main\resources to target\classes
2024-10-24 14:10:39,512 [Worker-96: Building] INFO  o.a.m.s.f.DefaultMavenResourcesFiltering - Copying 0 resource from src\main\resources to target\classes
2024-10-24 14:10:39,515 [Worker-96: Building] INFO  o.a.m.s.f.DefaultMavenResourcesFiltering - skip non existing resourceDirectory C:\Users\Matias Mamani\Desktop\Proyecto Pino\ProyectoFabrica_PS\Backend\ProyectoFabricaPS\src\test\resources
2024-10-24 14:10:42,097 [Worker-94: Building] INFO  o.a.m.s.f.DefaultMavenResourcesFiltering - Copying 1 resource from src\main\resources to target\classes
2024-10-24 14:10:42,105 [Worker-94: Building] INFO  o.a.m.s.f.DefaultMavenResourcesFiltering - Copying 0 resource from src\main\resources to target\classes
2024-10-24 14:10:42,108 [Worker-94: Building] INFO  o.a.m.s.f.DefaultMavenResourcesFiltering - skip non existing resourceDirectory C:\Users\Matias Mamani\Desktop\Proyecto Pino\ProyectoFabrica_PS\Backend\ProyectoFabricaPS\src\test\resources
2024-10-24 14:17:49,675 [Worker-91: Building] INFO  o.a.m.s.f.DefaultMavenResourcesFiltering - Copying 1 resource from src\main\resources to target\classes
2024-10-24 14:17:49,701 [Worker-91: Building] INFO  o.a.m.s.f.DefaultMavenResourcesFiltering - Copying 0 resource from src\main\resources to target\classes
2024-10-24 14:17:49,707 [Worker-91: Building] INFO  o.a.m.s.f.DefaultMavenResourcesFiltering - skip non existing resourceDirectory C:\Users\Matias Mamani\Desktop\Proyecto Pino\ProyectoFabrica_PS\Backend\ProyectoFabricaPS\src\test\resources
2024-10-24 14:18:27,578 [Worker-91: Building] INFO  o.a.m.s.f.DefaultMavenResourcesFiltering - Copying 1 resource from src\main\resources to target\classes
2024-10-24 14:18:27,596 [Worker-91: Building] INFO  o.a.m.s.f.DefaultMavenResourcesFiltering - Copying 0 resource from src\main\resources to target\classes
2024-10-24 14:18:27,601 [Worker-91: Building] INFO  o.a.m.s.f.DefaultMavenResourcesFiltering - skip non existing resourceDirectory C:\Users\Matias Mamani\Desktop\Proyecto Pino\ProyectoFabrica_PS\Backend\ProyectoFabricaPS\src\test\resources
2024-10-24 14:18:41,008 [Worker-91: Building] INFO  o.a.m.s.f.DefaultMavenResourcesFiltering - Copying 1 resource from src\main\resources to target\classes
2024-10-24 14:18:41,024 [Worker-91: Building] INFO  o.a.m.s.f.DefaultMavenResourcesFiltering - Copying 0 resource from src\main\resources to target\classes
2024-10-24 14:18:41,027 [Worker-91: Building] INFO  o.a.m.s.f.DefaultMavenResourcesFiltering - skip non existing resourceDirectory C:\Users\Matias Mamani\Desktop\Proyecto Pino\ProyectoFabrica_PS\Backend\ProyectoFabricaPS\src\test\resources
2024-10-24 14:18:45,087 [Worker-100: Building] INFO  o.a.m.s.f.DefaultMavenResourcesFiltering - Copying 1 resource from src\main\resources to target\classes
2024-10-24 14:18:45,100 [Worker-100: Building] INFO  o.a.m.s.f.DefaultMavenResourcesFiltering - Copying 0 resource from src\main\resources to target\classes
2024-10-24 14:18:45,105 [Worker-100: Building] INFO  o.a.m.s.f.DefaultMavenResourcesFiltering - skip non existing resourceDirectory C:\Users\Matias Mamani\Desktop\Proyecto Pino\ProyectoFabrica_PS\Backend\ProyectoFabricaPS\src\test\resources
2024-10-24 14:18:49,911 [Worker-100: Building] INFO  o.a.m.s.f.DefaultMavenResourcesFiltering - Copying 1 resource from src\main\resources to target\classes
2024-10-24 14:18:49,926 [Worker-100: Building] INFO  o.a.m.s.f.DefaultMavenResourcesFiltering - Copying 0 resource from src\main\resources to target\classes
2024-10-24 14:18:49,930 [Worker-100: Building] INFO  o.a.m.s.f.DefaultMavenResourcesFiltering - skip non existing resourceDirectory C:\Users\Matias Mamani\Desktop\Proyecto Pino\ProyectoFabrica_PS\Backend\ProyectoFabricaPS\src\test\resources
2024-10-24 14:19:01,325 [Worker-102: Building] INFO  o.a.m.s.f.DefaultMavenResourcesFiltering - Copying 1 resource from src\main\resources to target\classes
2024-10-24 14:19:01,345 [Worker-102: Building] INFO  o.a.m.s.f.DefaultMavenResourcesFiltering - Copying 0 resource from src\main\resources to target\classes
2024-10-24 14:19:01,351 [Worker-102: Building] INFO  o.a.m.s.f.DefaultMavenResourcesFiltering - skip non existing resourceDirectory C:\Users\Matias Mamani\Desktop\Proyecto Pino\ProyectoFabrica_PS\Backend\ProyectoFabricaPS\src\test\resources
2024-10-24 14:19:43,314 [Worker-91: Building] INFO  o.a.m.s.f.DefaultMavenResourcesFiltering - Copying 1 resource from src\main\resources to target\classes
2024-10-24 14:19:43,325 [Worker-91: Building] INFO  o.a.m.s.f.DefaultMavenResourcesFiltering - Copying 0 resource from src\main\resources to target\classes
2024-10-24 14:19:43,329 [Worker-91: Building] INFO  o.a.m.s.f.DefaultMavenResourcesFiltering - skip non existing resourceDirectory C:\Users\Matias Mamani\Desktop\Proyecto Pino\ProyectoFabrica_PS\Backend\ProyectoFabricaPS\src\test\resources
2024-10-24 14:19:52,425 [Worker-100: Building] INFO  o.a.m.s.f.DefaultMavenResourcesFiltering - Copying 1 resource from src\main\resources to target\classes
2024-10-24 14:19:52,434 [Worker-100: Building] INFO  o.a.m.s.f.DefaultMavenResourcesFiltering - Copying 0 resource from src\main\resources to target\classes
2024-10-24 14:19:52,438 [Worker-100: Building] INFO  o.a.m.s.f.DefaultMavenResourcesFiltering - skip non existing resourceDirectory C:\Users\Matias Mamani\Desktop\Proyecto Pino\ProyectoFabrica_PS\Backend\ProyectoFabricaPS\src\test\resources
2024-10-24 14:19:54,511 [Worker-99: Building] INFO  o.a.m.s.f.DefaultMavenResourcesFiltering - Copying 1 resource from src\main\resources to target\classes
2024-10-24 14:19:54,535 [Worker-99: Building] INFO  o.a.m.s.f.DefaultMavenResourcesFiltering - Copying 0 resource from src\main\resources to target\classes
2024-10-24 14:19:54,542 [Worker-99: Building] INFO  o.a.m.s.f.DefaultMavenResourcesFiltering - skip non existing resourceDirectory C:\Users\Matias Mamani\Desktop\Proyecto Pino\ProyectoFabrica_PS\Backend\ProyectoFabricaPS\src\test\resources
2024-10-24 14:20:07,628 [Worker-91: Building] INFO  o.a.m.s.f.DefaultMavenResourcesFiltering - Copying 1 resource from src\main\resources to target\classes
2024-10-24 14:20:07,640 [Worker-91: Building] INFO  o.a.m.s.f.DefaultMavenResourcesFiltering - Copying 0 resource from src\main\resources to target\classes
2024-10-24 14:20:07,644 [Worker-91: Building] INFO  o.a.m.s.f.DefaultMavenResourcesFiltering - skip non existing resourceDirectory C:\Users\Matias Mamani\Desktop\Proyecto Pino\ProyectoFabrica_PS\Backend\ProyectoFabricaPS\src\test\resources
2024-10-24 14:20:17,696 [Worker-99: Building] INFO  o.a.m.s.f.DefaultMavenResourcesFiltering - Copying 1 resource from src\main\resources to target\classes
2024-10-24 14:20:17,708 [Worker-99: Building] INFO  o.a.m.s.f.DefaultMavenResourcesFiltering - Copying 0 resource from src\main\resources to target\classes
2024-10-24 14:20:17,713 [Worker-99: Building] INFO  o.a.m.s.f.DefaultMavenResourcesFiltering - skip non existing resourceDirectory C:\Users\Matias Mamani\Desktop\Proyecto Pino\ProyectoFabrica_PS\Backend\ProyectoFabricaPS\src\test\resources
2024-10-24 14:20:21,365 [Worker-93: Building] INFO  o.a.m.s.f.DefaultMavenResourcesFiltering - Copying 1 resource from src\main\resources to target\classes
2024-10-24 14:20:21,374 [Worker-93: Building] INFO  o.a.m.s.f.DefaultMavenResourcesFiltering - Copying 0 resource from src\main\resources to target\classes
2024-10-24 14:20:21,378 [Worker-93: Building] INFO  o.a.m.s.f.DefaultMavenResourcesFiltering - skip non existing resourceDirectory C:\Users\Matias Mamani\Desktop\Proyecto Pino\ProyectoFabrica_PS\Backend\ProyectoFabricaPS\src\test\resources
2024-10-24 14:20:28,090 [Worker-101: Building] INFO  o.a.m.s.f.DefaultMavenResourcesFiltering - Copying 1 resource from src\main\resources to target\classes
2024-10-24 14:20:28,105 [Worker-101: Building] INFO  o.a.m.s.f.DefaultMavenResourcesFiltering - Copying 0 resource from src\main\resources to target\classes
2024-10-24 14:20:28,112 [Worker-101: Building] INFO  o.a.m.s.f.DefaultMavenResourcesFiltering - skip non existing resourceDirectory C:\Users\Matias Mamani\Desktop\Proyecto Pino\ProyectoFabrica_PS\Backend\ProyectoFabricaPS\src\test\resources
2024-10-24 14:20:33,163 [Worker-101: Building] INFO  o.a.m.s.f.DefaultMavenResourcesFiltering - Copying 1 resource from src\main\resources to target\classes
2024-10-24 14:20:33,176 [Worker-101: Building] INFO  o.a.m.s.f.DefaultMavenResourcesFiltering - Copying 0 resource from src\main\resources to target\classes
2024-10-24 14:20:33,180 [Worker-101: Building] INFO  o.a.m.s.f.DefaultMavenResourcesFiltering - skip non existing resourceDirectory C:\Users\Matias Mamani\Desktop\Proyecto Pino\ProyectoFabrica_PS\Backend\ProyectoFabricaPS\src\test\resources
2024-10-24 14:21:46,563 [Worker-103: Building] INFO  o.a.m.s.f.DefaultMavenResourcesFiltering - Copying 1 resource from src\main\resources to target\classes
2024-10-24 14:21:46,578 [Worker-103: Building] INFO  o.a.m.s.f.DefaultMavenResourcesFiltering - Copying 0 resource from src\main\resources to target\classes
2024-10-24 14:21:46,585 [Worker-103: Building] INFO  o.a.m.s.f.DefaultMavenResourcesFiltering - skip non existing resourceDirectory C:\Users\Matias Mamani\Desktop\Proyecto Pino\ProyectoFabrica_PS\Backend\ProyectoFabricaPS\src\test\resources
2024-10-24 14:21:52,982 [Worker-100: Building] INFO  o.a.m.s.f.DefaultMavenResourcesFiltering - Copying 1 resource from src\main\resources to target\classes
2024-10-24 14:21:52,994 [Worker-100: Building] INFO  o.a.m.s.f.DefaultMavenResourcesFiltering - Copying 0 resource from src\main\resources to target\classes
2024-10-24 14:21:52,999 [Worker-100: Building] INFO  o.a.m.s.f.DefaultMavenResourcesFiltering - skip non existing resourceDirectory C:\Users\Matias Mamani\Desktop\Proyecto Pino\ProyectoFabrica_PS\Backend\ProyectoFabricaPS\src\test\resources
2024-10-24 14:22:09,187 [Worker-93: Building] INFO  o.a.m.s.f.DefaultMavenResourcesFiltering - Copying 1 resource from src\main\resources to target\classes
2024-10-24 14:22:09,197 [Worker-93: Building] INFO  o.a.m.s.f.DefaultMavenResourcesFiltering - Copying 0 resource from src\main\resources to target\classes
2024-10-24 14:22:09,200 [Worker-93: Building] INFO  o.a.m.s.f.DefaultMavenResourcesFiltering - skip non existing resourceDirectory C:\Users\Matias Mamani\Desktop\Proyecto Pino\ProyectoFabrica_PS\Backend\ProyectoFabricaPS\src\test\resources
2024-10-24 14:22:15,668 [Worker-99: Building] INFO  o.a.m.s.f.DefaultMavenResourcesFiltering - Copying 1 resource from src\main\resources to target\classes
2024-10-24 14:22:15,678 [Worker-99: Building] INFO  o.a.m.s.f.DefaultMavenResourcesFiltering - Copying 0 resource from src\main\resources to target\classes
2024-10-24 14:22:15,681 [Worker-99: Building] INFO  o.a.m.s.f.DefaultMavenResourcesFiltering - skip non existing resourceDirectory C:\Users\Matias Mamani\Desktop\Proyecto Pino\ProyectoFabrica_PS\Backend\ProyectoFabricaPS\src\test\resources
2024-10-24 14:22:27,422 [Worker-91: Building] INFO  o.a.m.s.f.DefaultMavenResourcesFiltering - Copying 1 resource from src\main\resources to target\classes
2024-10-24 14:22:27,430 [Worker-91: Building] INFO  o.a.m.s.f.DefaultMavenResourcesFiltering - Copying 0 resource from src\main\resources to target\classes
2024-10-24 14:22:27,433 [Worker-91: Building] INFO  o.a.m.s.f.DefaultMavenResourcesFiltering - skip non existing resourceDirectory C:\Users\Matias Mamani\Desktop\Proyecto Pino\ProyectoFabrica_PS\Backend\ProyectoFabricaPS\src\test\resources
2024-10-24 14:23:07,478 [Worker-102: Building] INFO  o.a.m.s.f.DefaultMavenResourcesFiltering - Copying 1 resource from src\main\resources to target\classes
2024-10-24 14:23:07,492 [Worker-102: Building] INFO  o.a.m.s.f.DefaultMavenResourcesFiltering - Copying 0 resource from src\main\resources to target\classes
2024-10-24 14:23:07,498 [Worker-102: Building] INFO  o.a.m.s.f.DefaultMavenResourcesFiltering - skip non existing resourceDirectory C:\Users\Matias Mamani\Desktop\Proyecto Pino\ProyectoFabrica_PS\Backend\ProyectoFabricaPS\src\test\resources
2024-10-24 14:23:38,257 [Worker-99: Building] INFO  o.a.m.s.f.DefaultMavenResourcesFiltering - Copying 1 resource from src\main\resources to target\classes
2024-10-24 14:23:38,272 [Worker-99: Building] INFO  o.a.m.s.f.DefaultMavenResourcesFiltering - Copying 0 resource from src\main\resources to target\classes
2024-10-24 14:23:38,276 [Worker-99: Building] INFO  o.a.m.s.f.DefaultMavenResourcesFiltering - skip non existing resourceDirectory C:\Users\Matias Mamani\Desktop\Proyecto Pino\ProyectoFabrica_PS\Backend\ProyectoFabricaPS\src\test\resources
2024-10-24 14:23:43,272 [Worker-91: Building] INFO  o.a.m.s.f.DefaultMavenResourcesFiltering - Copying 1 resource from src\main\resources to target\classes
2024-10-24 14:23:43,282 [Worker-91: Building] INFO  o.a.m.s.f.DefaultMavenResourcesFiltering - Copying 0 resource from src\main\resources to target\classes
2024-10-24 14:23:43,285 [Worker-91: Building] INFO  o.a.m.s.f.DefaultMavenResourcesFiltering - skip non existing resourceDirectory C:\Users\Matias Mamani\Desktop\Proyecto Pino\ProyectoFabrica_PS\Backend\ProyectoFabricaPS\src\test\resources
2024-10-24 14:23:49,012 [Worker-93: Building] INFO  o.a.m.s.f.DefaultMavenResourcesFiltering - Copying 1 resource from src\main\resources to target\classes
2024-10-24 14:23:49,023 [Worker-93: Building] INFO  o.a.m.s.f.DefaultMavenResourcesFiltering - Copying 0 resource from src\main\resources to target\classes
2024-10-24 14:23:49,027 [Worker-93: Building] INFO  o.a.m.s.f.DefaultMavenResourcesFiltering - skip non existing resourceDirectory C:\Users\Matias Mamani\Desktop\Proyecto Pino\ProyectoFabrica_PS\Backend\ProyectoFabricaPS\src\test\resources
2024-10-24 14:23:57,632 [Worker-99: Building] INFO  o.a.m.s.f.DefaultMavenResourcesFiltering - Copying 1 resource from src\main\resources to target\classes
2024-10-24 14:23:57,644 [Worker-99: Building] INFO  o.a.m.s.f.DefaultMavenResourcesFiltering - Copying 0 resource from src\main\resources to target\classes
2024-10-24 14:23:57,648 [Worker-99: Building] INFO  o.a.m.s.f.DefaultMavenResourcesFiltering - skip non existing resourceDirectory C:\Users\Matias Mamani\Desktop\Proyecto Pino\ProyectoFabrica_PS\Backend\ProyectoFabricaPS\src\test\resources
2024-10-24 14:24:02,011 [Worker-93: Building] INFO  o.a.m.s.f.DefaultMavenResourcesFiltering - Copying 1 resource from src\main\resources to target\classes
2024-10-24 14:24:02,019 [Worker-93: Building] INFO  o.a.m.s.f.DefaultMavenResourcesFiltering - Copying 0 resource from src\main\resources to target\classes
2024-10-24 14:24:02,022 [Worker-93: Building] INFO  o.a.m.s.f.DefaultMavenResourcesFiltering - skip non existing resourceDirectory C:\Users\Matias Mamani\Desktop\Proyecto Pino\ProyectoFabrica_PS\Backend\ProyectoFabricaPS\src\test\resources
2024-10-24 14:24:09,421 [Worker-102: Building] INFO  o.a.m.s.f.DefaultMavenResourcesFiltering - Copying 1 resource from src\main\resources to target\classes
2024-10-24 14:24:09,431 [Worker-102: Building] INFO  o.a.m.s.f.DefaultMavenResourcesFiltering - Copying 0 resource from src\main\resources to target\classes
2024-10-24 14:24:09,435 [Worker-102: Building] INFO  o.a.m.s.f.DefaultMavenResourcesFiltering - skip non existing resourceDirectory C:\Users\Matias Mamani\Desktop\Proyecto Pino\ProyectoFabrica_PS\Backend\ProyectoFabricaPS\src\test\resources
2024-10-24 14:24:52,519 [Worker-99: Building] INFO  o.a.m.s.f.DefaultMavenResourcesFiltering - Copying 1 resource from src\main\resources to target\classes
2024-10-24 14:24:52,531 [Worker-99: Building] INFO  o.a.m.s.f.DefaultMavenResourcesFiltering - Copying 0 resource from src\main\resources to target\classes
2024-10-24 14:24:52,535 [Worker-99: Building] INFO  o.a.m.s.f.DefaultMavenResourcesFiltering - skip non existing resourceDirectory C:\Users\Matias Mamani\Desktop\Proyecto Pino\ProyectoFabrica_PS\Backend\ProyectoFabricaPS\src\test\resources
2024-10-24 14:42:38,763 [Worker-101: Building] INFO  o.a.m.s.f.DefaultMavenResourcesFiltering - Copying 1 resource from src\main\resources to target\classes
2024-10-24 14:42:38,779 [Worker-101: Building] INFO  o.a.m.s.f.DefaultMavenResourcesFiltering - Copying 0 resource from src\main\resources to target\classes
2024-10-24 14:42:38,782 [Worker-101: Building] INFO  o.a.m.s.f.DefaultMavenResourcesFiltering - skip non existing resourceDirectory C:\Users\Matias Mamani\Desktop\Proyecto Pino\ProyectoFabrica_PS\Backend\ProyectoFabricaPS\src\test\resources
2024-10-24 14:42:41,589 [Worker-108: Building] INFO  o.a.m.s.f.DefaultMavenResourcesFiltering - Copying 1 resource from src\main\resources to target\classes
2024-10-24 14:42:41,606 [Worker-108: Building] INFO  o.a.m.s.f.DefaultMavenResourcesFiltering - Copying 0 resource from src\main\resources to target\classes
2024-10-24 14:42:41,610 [Worker-108: Building] INFO  o.a.m.s.f.DefaultMavenResourcesFiltering - skip non existing resourceDirectory C:\Users\Matias Mamani\Desktop\Proyecto Pino\ProyectoFabrica_PS\Backend\ProyectoFabricaPS\src\test\resources
2024-10-24 14:42:51,551 [Worker-107: Building] INFO  o.a.m.s.f.DefaultMavenResourcesFiltering - Copying 1 resource from src\main\resources to target\classes
2024-10-24 14:42:51,572 [Worker-107: Building] INFO  o.a.m.s.f.DefaultMavenResourcesFiltering - Copying 0 resource from src\main\resources to target\classes
2024-10-24 14:42:51,576 [Worker-107: Building] INFO  o.a.m.s.f.DefaultMavenResourcesFiltering - skip non existing resourceDirectory C:\Users\Matias Mamani\Desktop\Proyecto Pino\ProyectoFabrica_PS\Backend\ProyectoFabricaPS\src\test\resources
2024-10-24 14:43:13,780 [Worker-100: Building] INFO  o.a.m.s.f.DefaultMavenResourcesFiltering - Copying 1 resource from src\main\resources to target\classes
2024-10-24 14:43:13,800 [Worker-100: Building] INFO  o.a.m.s.f.DefaultMavenResourcesFiltering - Copying 0 resource from src\main\resources to target\classes
2024-10-24 14:43:13,804 [Worker-100: Building] INFO  o.a.m.s.f.DefaultMavenResourcesFiltering - skip non existing resourceDirectory C:\Users\Matias Mamani\Desktop\Proyecto Pino\ProyectoFabrica_PS\Backend\ProyectoFabricaPS\src\test\resources
2024-10-24 14:52:04,215 [Worker-109: Building] INFO  o.a.m.s.f.DefaultMavenResourcesFiltering - Copying 1 resource from src\main\resources to target\classes
2024-10-24 14:52:04,227 [Worker-109: Building] INFO  o.a.m.s.f.DefaultMavenResourcesFiltering - Copying 0 resource from src\main\resources to target\classes
2024-10-24 14:52:04,231 [Worker-109: Building] INFO  o.a.m.s.f.DefaultMavenResourcesFiltering - skip non existing resourceDirectory C:\Users\Matias Mamani\Desktop\Proyecto Pino\ProyectoFabrica_PS\Backend\ProyectoFabricaPS\src\test\resources
2024-10-24 14:52:20,812 [Worker-112: Building] INFO  o.a.m.s.f.DefaultMavenResourcesFiltering - Copying 1 resource from src\main\resources to target\classes
2024-10-24 14:52:20,826 [Worker-112: Building] INFO  o.a.m.s.f.DefaultMavenResourcesFiltering - Copying 0 resource from src\main\resources to target\classes
2024-10-24 14:52:20,832 [Worker-112: Building] INFO  o.a.m.s.f.DefaultMavenResourcesFiltering - skip non existing resourceDirectory C:\Users\Matias Mamani\Desktop\Proyecto Pino\ProyectoFabrica_PS\Backend\ProyectoFabricaPS\src\test\resources
2024-10-24 14:53:26,245 [Worker-109: Building] INFO  o.a.m.s.f.DefaultMavenResourcesFiltering - Copying 1 resource from src\main\resources to target\classes
2024-10-24 14:53:26,255 [Worker-109: Building] INFO  o.a.m.s.f.DefaultMavenResourcesFiltering - Copying 0 resource from src\main\resources to target\classes
2024-10-24 14:53:26,259 [Worker-109: Building] INFO  o.a.m.s.f.DefaultMavenResourcesFiltering - skip non existing resourceDirectory C:\Users\Matias Mamani\Desktop\Proyecto Pino\ProyectoFabrica_PS\Backend\ProyectoFabricaPS\src\test\resources
2024-10-24 14:53:29,932 [Worker-113: Building] INFO  o.a.m.s.f.DefaultMavenResourcesFiltering - Copying 1 resource from src\main\resources to target\classes
2024-10-24 14:53:29,941 [Worker-113: Building] INFO  o.a.m.s.f.DefaultMavenResourcesFiltering - Copying 0 resource from src\main\resources to target\classes
2024-10-24 14:53:29,944 [Worker-113: Building] INFO  o.a.m.s.f.DefaultMavenResourcesFiltering - skip non existing resourceDirectory C:\Users\Matias Mamani\Desktop\Proyecto Pino\ProyectoFabrica_PS\Backend\ProyectoFabricaPS\src\test\resources
2024-10-24 14:53:39,442 [Worker-109: Building] INFO  o.a.m.s.f.DefaultMavenResourcesFiltering - Copying 1 resource from src\main\resources to target\classes
2024-10-24 14:53:39,456 [Worker-109: Building] INFO  o.a.m.s.f.DefaultMavenResourcesFiltering - Copying 0 resource from src\main\resources to target\classes
2024-10-24 14:53:39,462 [Worker-109: Building] INFO  o.a.m.s.f.DefaultMavenResourcesFiltering - skip non existing resourceDirectory C:\Users\Matias Mamani\Desktop\Proyecto Pino\ProyectoFabrica_PS\Backend\ProyectoFabricaPS\src\test\resources
2024-10-24 14:53:43,121 [Worker-109: Building] INFO  o.a.m.s.f.DefaultMavenResourcesFiltering - Copying 1 resource from src\main\resources to target\classes
2024-10-24 14:53:43,129 [Worker-109: Building] INFO  o.a.m.s.f.DefaultMavenResourcesFiltering - Copying 0 resource from src\main\resources to target\classes
2024-10-24 14:53:43,132 [Worker-109: Building] INFO  o.a.m.s.f.DefaultMavenResourcesFiltering - skip non existing resourceDirectory C:\Users\Matias Mamani\Desktop\Proyecto Pino\ProyectoFabrica_PS\Backend\ProyectoFabricaPS\src\test\resources
2024-10-24 14:53:48,614 [Worker-101: Building] INFO  o.a.m.s.f.DefaultMavenResourcesFiltering - Copying 1 resource from src\main\resources to target\classes
2024-10-24 14:53:48,624 [Worker-101: Building] INFO  o.a.m.s.f.DefaultMavenResourcesFiltering - Copying 0 resource from src\main\resources to target\classes
2024-10-24 14:53:48,627 [Worker-101: Building] INFO  o.a.m.s.f.DefaultMavenResourcesFiltering - skip non existing resourceDirectory C:\Users\Matias Mamani\Desktop\Proyecto Pino\ProyectoFabrica_PS\Backend\ProyectoFabricaPS\src\test\resources
2024-10-24 14:54:05,905 [Worker-101: Building] INFO  o.a.m.s.f.DefaultMavenResourcesFiltering - Copying 1 resource from src\main\resources to target\classes
2024-10-24 14:54:05,920 [Worker-101: Building] INFO  o.a.m.s.f.DefaultMavenResourcesFiltering - Copying 0 resource from src\main\resources to target\classes
2024-10-24 14:54:05,925 [Worker-101: Building] INFO  o.a.m.s.f.DefaultMavenResourcesFiltering - skip non existing resourceDirectory C:\Users\Matias Mamani\Desktop\Proyecto Pino\ProyectoFabrica_PS\Backend\ProyectoFabricaPS\src\test\resources
2024-10-24 14:54:10,434 [Worker-114: Building] INFO  o.a.m.s.f.DefaultMavenResourcesFiltering - Copying 1 resource from src\main\resources to target\classes
2024-10-24 14:54:10,442 [Worker-114: Building] INFO  o.a.m.s.f.DefaultMavenResourcesFiltering - Copying 0 resource from src\main\resources to target\classes
2024-10-24 14:54:10,445 [Worker-114: Building] INFO  o.a.m.s.f.DefaultMavenResourcesFiltering - skip non existing resourceDirectory C:\Users\Matias Mamani\Desktop\Proyecto Pino\ProyectoFabrica_PS\Backend\ProyectoFabricaPS\src\test\resources
2024-10-24 14:54:20,345 [Worker-112: Building] INFO  o.a.m.s.f.DefaultMavenResourcesFiltering - Copying 1 resource from src\main\resources to target\classes
2024-10-24 14:54:20,354 [Worker-112: Building] INFO  o.a.m.s.f.DefaultMavenResourcesFiltering - Copying 0 resource from src\main\resources to target\classes
2024-10-24 14:54:20,357 [Worker-112: Building] INFO  o.a.m.s.f.DefaultMavenResourcesFiltering - skip non existing resourceDirectory C:\Users\Matias Mamani\Desktop\Proyecto Pino\ProyectoFabrica_PS\Backend\ProyectoFabricaPS\src\test\resources
2024-10-24 14:55:01,062 [Worker-109: Building] INFO  o.a.m.s.f.DefaultMavenResourcesFiltering - Copying 1 resource from src\main\resources to target\classes
2024-10-24 14:55:01,071 [Worker-109: Building] INFO  o.a.m.s.f.DefaultMavenResourcesFiltering - Copying 0 resource from src\main\resources to target\classes
2024-10-24 14:55:01,074 [Worker-109: Building] INFO  o.a.m.s.f.DefaultMavenResourcesFiltering - skip non existing resourceDirectory C:\Users\Matias Mamani\Desktop\Proyecto Pino\ProyectoFabrica_PS\Backend\ProyectoFabricaPS\src\test\resources
2024-10-24 15:04:44,277 [Worker-113: Building] INFO  o.a.m.s.f.DefaultMavenResourcesFiltering - Copying 1 resource from src\main\resources to target\classes
2024-10-24 15:04:44,291 [Worker-113: Building] INFO  o.a.m.s.f.DefaultMavenResourcesFiltering - Copying 0 resource from src\main\resources to target\classes
2024-10-24 15:04:44,296 [Worker-113: Building] INFO  o.a.m.s.f.DefaultMavenResourcesFiltering - skip non existing resourceDirectory C:\Users\Matias Mamani\Desktop\Proyecto Pino\ProyectoFabrica_PS\Backend\ProyectoFabricaPS\src\test\resources
2024-10-24 15:05:15,389 [Worker-117: Building] INFO  o.a.m.s.f.DefaultMavenResourcesFiltering - Copying 1 resource from src\main\resources to target\classes
2024-10-24 15:05:15,398 [Worker-117: Building] INFO  o.a.m.s.f.DefaultMavenResourcesFiltering - Copying 0 resource from src\main\resources to target\classes
2024-10-24 15:05:15,401 [Worker-117: Building] INFO  o.a.m.s.f.DefaultMavenResourcesFiltering - skip non existing resourceDirectory C:\Users\Matias Mamani\Desktop\Proyecto Pino\ProyectoFabrica_PS\Backend\ProyectoFabricaPS\src\test\resources
2024-10-24 15:05:20,242 [Worker-119: Building] INFO  o.a.m.s.f.DefaultMavenResourcesFiltering - Copying 1 resource from src\main\resources to target\classes
2024-10-24 15:05:20,254 [Worker-119: Building] INFO  o.a.m.s.f.DefaultMavenResourcesFiltering - Copying 0 resource from src\main\resources to target\classes
2024-10-24 15:05:20,258 [Worker-119: Building] INFO  o.a.m.s.f.DefaultMavenResourcesFiltering - skip non existing resourceDirectory C:\Users\Matias Mamani\Desktop\Proyecto Pino\ProyectoFabrica_PS\Backend\ProyectoFabricaPS\src\test\resources
2024-10-24 15:05:28,694 [Worker-117: Building] INFO  o.a.m.s.f.DefaultMavenResourcesFiltering - Copying 1 resource from src\main\resources to target\classes
2024-10-24 15:05:28,705 [Worker-117: Building] INFO  o.a.m.s.f.DefaultMavenResourcesFiltering - Copying 0 resource from src\main\resources to target\classes
2024-10-24 15:05:28,708 [Worker-117: Building] INFO  o.a.m.s.f.DefaultMavenResourcesFiltering - skip non existing resourceDirectory C:\Users\Matias Mamani\Desktop\Proyecto Pino\ProyectoFabrica_PS\Backend\ProyectoFabricaPS\src\test\resources
2024-10-24 15:05:33,051 [Worker-113: Building] INFO  o.a.m.s.f.DefaultMavenResourcesFiltering - Copying 1 resource from src\main\resources to target\classes
2024-10-24 15:05:33,060 [Worker-113: Building] INFO  o.a.m.s.f.DefaultMavenResourcesFiltering - Copying 0 resource from src\main\resources to target\classes
2024-10-24 15:05:33,064 [Worker-113: Building] INFO  o.a.m.s.f.DefaultMavenResourcesFiltering - skip non existing resourceDirectory C:\Users\Matias Mamani\Desktop\Proyecto Pino\ProyectoFabrica_PS\Backend\ProyectoFabricaPS\src\test\resources
2024-10-24 15:05:35,793 [Worker-117: Building] INFO  o.a.m.s.f.DefaultMavenResourcesFiltering - Copying 1 resource from src\main\resources to target\classes
2024-10-24 15:05:35,804 [Worker-117: Building] INFO  o.a.m.s.f.DefaultMavenResourcesFiltering - Copying 0 resource from src\main\resources to target\classes
2024-10-24 15:05:35,808 [Worker-117: Building] INFO  o.a.m.s.f.DefaultMavenResourcesFiltering - skip non existing resourceDirectory C:\Users\Matias Mamani\Desktop\Proyecto Pino\ProyectoFabrica_PS\Backend\ProyectoFabricaPS\src\test\resources
2024-10-24 15:05:51,718 [Worker-113: Building] INFO  o.a.m.s.f.DefaultMavenResourcesFiltering - Copying 1 resource from src\main\resources to target\classes
2024-10-24 15:05:51,730 [Worker-113: Building] INFO  o.a.m.s.f.DefaultMavenResourcesFiltering - Copying 0 resource from src\main\resources to target\classes
2024-10-24 15:05:51,734 [Worker-113: Building] INFO  o.a.m.s.f.DefaultMavenResourcesFiltering - skip non existing resourceDirectory C:\Users\Matias Mamani\Desktop\Proyecto Pino\ProyectoFabrica_PS\Backend\ProyectoFabricaPS\src\test\resources
2024-10-24 15:05:54,734 [Worker-117: Building] INFO  o.a.m.s.f.DefaultMavenResourcesFiltering - Copying 1 resource from src\main\resources to target\classes
2024-10-24 15:05:54,746 [Worker-117: Building] INFO  o.a.m.s.f.DefaultMavenResourcesFiltering - Copying 0 resource from src\main\resources to target\classes
2024-10-24 15:05:54,749 [Worker-117: Building] INFO  o.a.m.s.f.DefaultMavenResourcesFiltering - skip non existing resourceDirectory C:\Users\Matias Mamani\Desktop\Proyecto Pino\ProyectoFabrica_PS\Backend\ProyectoFabricaPS\src\test\resources
2024-10-24 15:05:58,442 [Worker-119: Building] INFO  o.a.m.s.f.DefaultMavenResourcesFiltering - Copying 1 resource from src\main\resources to target\classes
2024-10-24 15:05:58,452 [Worker-119: Building] INFO  o.a.m.s.f.DefaultMavenResourcesFiltering - Copying 0 resource from src\main\resources to target\classes
2024-10-24 15:05:58,455 [Worker-119: Building] INFO  o.a.m.s.f.DefaultMavenResourcesFiltering - skip non existing resourceDirectory C:\Users\Matias Mamani\Desktop\Proyecto Pino\ProyectoFabrica_PS\Backend\ProyectoFabricaPS\src\test\resources
2024-10-24 15:06:04,620 [Worker-121: Building] INFO  o.a.m.s.f.DefaultMavenResourcesFiltering - Copying 1 resource from src\main\resources to target\classes
2024-10-24 15:06:04,629 [Worker-121: Building] INFO  o.a.m.s.f.DefaultMavenResourcesFiltering - Copying 0 resource from src\main\resources to target\classes
2024-10-24 15:06:04,633 [Worker-121: Building] INFO  o.a.m.s.f.DefaultMavenResourcesFiltering - skip non existing resourceDirectory C:\Users\Matias Mamani\Desktop\Proyecto Pino\ProyectoFabrica_PS\Backend\ProyectoFabricaPS\src\test\resources
2024-10-24 15:06:12,307 [Worker-113: Building] INFO  o.a.m.s.f.DefaultMavenResourcesFiltering - Copying 1 resource from src\main\resources to target\classes
2024-10-24 15:06:12,319 [Worker-113: Building] INFO  o.a.m.s.f.DefaultMavenResourcesFiltering - Copying 0 resource from src\main\resources to target\classes
2024-10-24 15:06:12,324 [Worker-113: Building] INFO  o.a.m.s.f.DefaultMavenResourcesFiltering - skip non existing resourceDirectory C:\Users\Matias Mamani\Desktop\Proyecto Pino\ProyectoFabrica_PS\Backend\ProyectoFabricaPS\src\test\resources
2024-10-24 15:06:14,449 [Worker-121: Building] INFO  o.a.m.s.f.DefaultMavenResourcesFiltering - Copying 1 resource from src\main\resources to target\classes
2024-10-24 15:06:14,459 [Worker-121: Building] INFO  o.a.m.s.f.DefaultMavenResourcesFiltering - Copying 0 resource from src\main\resources to target\classes
2024-10-24 15:06:14,462 [Worker-121: Building] INFO  o.a.m.s.f.DefaultMavenResourcesFiltering - skip non existing resourceDirectory C:\Users\Matias Mamani\Desktop\Proyecto Pino\ProyectoFabrica_PS\Backend\ProyectoFabricaPS\src\test\resources
2024-10-24 15:09:17,937 [Worker-121: Building] INFO  o.a.m.s.f.DefaultMavenResourcesFiltering - Copying 1 resource from src\main\resources to target\classes
2024-10-24 15:09:17,949 [Worker-121: Building] INFO  o.a.m.s.f.DefaultMavenResourcesFiltering - Copying 0 resource from src\main\resources to target\classes
2024-10-24 15:09:17,953 [Worker-121: Building] INFO  o.a.m.s.f.DefaultMavenResourcesFiltering - skip non existing resourceDirectory C:\Users\Matias Mamani\Desktop\Proyecto Pino\ProyectoFabrica_PS\Backend\ProyectoFabricaPS\src\test\resources
2024-10-24 15:09:35,466 [Worker-121: Building] INFO  o.a.m.s.f.DefaultMavenResourcesFiltering - Copying 1 resource from src\main\resources to target\classes
2024-10-24 15:09:35,476 [Worker-121: Building] INFO  o.a.m.s.f.DefaultMavenResourcesFiltering - Copying 0 resource from src\main\resources to target\classes
2024-10-24 15:09:35,479 [Worker-121: Building] INFO  o.a.m.s.f.DefaultMavenResourcesFiltering - skip non existing resourceDirectory C:\Users\Matias Mamani\Desktop\Proyecto Pino\ProyectoFabrica_PS\Backend\ProyectoFabricaPS\src\test\resources
2024-10-24 15:09:37,646 [Worker-121: Building] INFO  o.a.m.s.f.DefaultMavenResourcesFiltering - Copying 1 resource from src\main\resources to target\classes
2024-10-24 15:09:37,655 [Worker-121: Building] INFO  o.a.m.s.f.DefaultMavenResourcesFiltering - Copying 0 resource from src\main\resources to target\classes
2024-10-24 15:09:37,658 [Worker-121: Building] INFO  o.a.m.s.f.DefaultMavenResourcesFiltering - skip non existing resourceDirectory C:\Users\Matias Mamani\Desktop\Proyecto Pino\ProyectoFabrica_PS\Backend\ProyectoFabricaPS\src\test\resources
2024-10-24 15:09:41,720 [Worker-124: Building] INFO  o.a.m.s.f.DefaultMavenResourcesFiltering - Copying 1 resource from src\main\resources to target\classes
2024-10-24 15:09:41,729 [Worker-124: Building] INFO  o.a.m.s.f.DefaultMavenResourcesFiltering - Copying 0 resource from src\main\resources to target\classes
2024-10-24 15:09:41,732 [Worker-124: Building] INFO  o.a.m.s.f.DefaultMavenResourcesFiltering - skip non existing resourceDirectory C:\Users\Matias Mamani\Desktop\Proyecto Pino\ProyectoFabrica_PS\Backend\ProyectoFabricaPS\src\test\resources
2024-10-24 15:09:55,089 [Worker-122: Building] INFO  o.a.m.s.f.DefaultMavenResourcesFiltering - Copying 1 resource from src\main\resources to target\classes
2024-10-24 15:09:55,100 [Worker-122: Building] INFO  o.a.m.s.f.DefaultMavenResourcesFiltering - Copying 0 resource from src\main\resources to target\classes
2024-10-24 15:09:55,103 [Worker-122: Building] INFO  o.a.m.s.f.DefaultMavenResourcesFiltering - skip non existing resourceDirectory C:\Users\Matias Mamani\Desktop\Proyecto Pino\ProyectoFabrica_PS\Backend\ProyectoFabricaPS\src\test\resources
2024-10-24 15:09:58,919 [Worker-125: Building] INFO  o.a.m.s.f.DefaultMavenResourcesFiltering - Copying 1 resource from src\main\resources to target\classes
2024-10-24 15:09:58,931 [Worker-125: Building] INFO  o.a.m.s.f.DefaultMavenResourcesFiltering - Copying 0 resource from src\main\resources to target\classes
2024-10-24 15:09:58,934 [Worker-125: Building] INFO  o.a.m.s.f.DefaultMavenResourcesFiltering - skip non existing resourceDirectory C:\Users\Matias Mamani\Desktop\Proyecto Pino\ProyectoFabrica_PS\Backend\ProyectoFabricaPS\src\test\resources
2024-10-24 15:10:13,578 [Worker-125: Building] INFO  o.a.m.s.f.DefaultMavenResourcesFiltering - Copying 1 resource from src\main\resources to target\classes
2024-10-24 15:10:13,590 [Worker-125: Building] INFO  o.a.m.s.f.DefaultMavenResourcesFiltering - Copying 0 resource from src\main\resources to target\classes
2024-10-24 15:10:13,594 [Worker-125: Building] INFO  o.a.m.s.f.DefaultMavenResourcesFiltering - skip non existing resourceDirectory C:\Users\Matias Mamani\Desktop\Proyecto Pino\ProyectoFabrica_PS\Backend\ProyectoFabricaPS\src\test\resources
2024-10-24 15:10:28,249 [Worker-122: Building] INFO  o.a.m.s.f.DefaultMavenResourcesFiltering - Copying 1 resource from src\main\resources to target\classes
2024-10-24 15:10:28,259 [Worker-122: Building] INFO  o.a.m.s.f.DefaultMavenResourcesFiltering - Copying 0 resource from src\main\resources to target\classes
2024-10-24 15:10:28,263 [Worker-122: Building] INFO  o.a.m.s.f.DefaultMavenResourcesFiltering - skip non existing resourceDirectory C:\Users\Matias Mamani\Desktop\Proyecto Pino\ProyectoFabrica_PS\Backend\ProyectoFabricaPS\src\test\resources
2024-10-24 18:06:50,048 [Worker-123: Building] INFO  o.a.m.s.f.DefaultMavenResourcesFiltering - Copying 1 resource from src\main\resources to target\classes
2024-10-24 18:06:50,088 [Worker-123: Building] INFO  o.a.m.s.f.DefaultMavenResourcesFiltering - Copying 0 resource from src\main\resources to target\classes
2024-10-24 18:06:50,097 [Worker-123: Building] INFO  o.a.m.s.f.DefaultMavenResourcesFiltering - skip non existing resourceDirectory C:\Users\Matias Mamani\Desktop\Proyecto Pino\ProyectoFabrica_PS\Backend\ProyectoFabricaPS\src\test\resources
2024-10-24 18:07:06,999 [Worker-123: Building] INFO  o.a.m.s.f.DefaultMavenResourcesFiltering - Copying 1 resource from src\main\resources to target\classes
2024-10-24 18:07:07,020 [Worker-123: Building] INFO  o.a.m.s.f.DefaultMavenResourcesFiltering - Copying 0 resource from src\main\resources to target\classes
2024-10-24 18:07:07,029 [Worker-123: Building] INFO  o.a.m.s.f.DefaultMavenResourcesFiltering - skip non existing resourceDirectory C:\Users\Matias Mamani\Desktop\Proyecto Pino\ProyectoFabrica_PS\Backend\ProyectoFabricaPS\src\test\resources
2024-10-24 18:07:09,158 [Worker-128: Building] INFO  o.a.m.s.f.DefaultMavenResourcesFiltering - Copying 1 resource from src\main\resources to target\classes
2024-10-24 18:07:09,184 [Worker-128: Building] INFO  o.a.m.s.f.DefaultMavenResourcesFiltering - Copying 0 resource from src\main\resources to target\classes
2024-10-24 18:07:09,189 [Worker-128: Building] INFO  o.a.m.s.f.DefaultMavenResourcesFiltering - skip non existing resourceDirectory C:\Users\Matias Mamani\Desktop\Proyecto Pino\ProyectoFabrica_PS\Backend\ProyectoFabricaPS\src\test\resources
2024-10-24 18:07:15,528 [Worker-127: Building] INFO  o.a.m.s.f.DefaultMavenResourcesFiltering - Copying 1 resource from src\main\resources to target\classes
2024-10-24 18:07:15,569 [Worker-127: Building] INFO  o.a.m.s.f.DefaultMavenResourcesFiltering - Copying 0 resource from src\main\resources to target\classes
2024-10-24 18:07:15,576 [Worker-127: Building] INFO  o.a.m.s.f.DefaultMavenResourcesFiltering - skip non existing resourceDirectory C:\Users\Matias Mamani\Desktop\Proyecto Pino\ProyectoFabrica_PS\Backend\ProyectoFabricaPS\src\test\resources
2024-10-24 18:08:45,907 [Worker-128: Building] INFO  o.a.m.s.f.DefaultMavenResourcesFiltering - Copying 1 resource from src\main\resources to target\classes
2024-10-24 18:08:45,935 [Worker-128: Building] INFO  o.a.m.s.f.DefaultMavenResourcesFiltering - Copying 0 resource from src\main\resources to target\classes
2024-10-24 18:08:45,941 [Worker-128: Building] INFO  o.a.m.s.f.DefaultMavenResourcesFiltering - skip non existing resourceDirectory C:\Users\Matias Mamani\Desktop\Proyecto Pino\ProyectoFabrica_PS\Backend\ProyectoFabricaPS\src\test\resources
2024-10-24 18:08:54,845 [Worker-130: Building] INFO  o.a.m.s.f.DefaultMavenResourcesFiltering - Copying 1 resource from src\main\resources to target\classes
2024-10-24 18:08:54,995 [Worker-130: Building] INFO  o.a.m.s.f.DefaultMavenResourcesFiltering - Copying 0 resource from src\main\resources to target\classes
2024-10-24 18:08:55,002 [Worker-130: Building] INFO  o.a.m.s.f.DefaultMavenResourcesFiltering - skip non existing resourceDirectory C:\Users\Matias Mamani\Desktop\Proyecto Pino\ProyectoFabrica_PS\Backend\ProyectoFabricaPS\src\test\resources
2024-10-24 18:09:12,461 [Worker-130: Building] INFO  o.a.m.s.f.DefaultMavenResourcesFiltering - Copying 1 resource from src\main\resources to target\classes
2024-10-24 18:09:12,479 [Worker-130: Building] INFO  o.a.m.s.f.DefaultMavenResourcesFiltering - Copying 0 resource from src\main\resources to target\classes
2024-10-24 18:09:12,488 [Worker-130: Building] INFO  o.a.m.s.f.DefaultMavenResourcesFiltering - skip non existing resourceDirectory C:\Users\Matias Mamani\Desktop\Proyecto Pino\ProyectoFabrica_PS\Backend\ProyectoFabricaPS\src\test\resources
2024-10-24 18:09:17,266 [Worker-130: Building] INFO  o.a.m.s.f.DefaultMavenResourcesFiltering - Copying 1 resource from src\main\resources to target\classes
2024-10-24 18:09:17,280 [Worker-130: Building] INFO  o.a.m.s.f.DefaultMavenResourcesFiltering - Copying 0 resource from src\main\resources to target\classes
2024-10-24 18:09:17,289 [Worker-130: Building] INFO  o.a.m.s.f.DefaultMavenResourcesFiltering - skip non existing resourceDirectory C:\Users\Matias Mamani\Desktop\Proyecto Pino\ProyectoFabrica_PS\Backend\ProyectoFabricaPS\src\test\resources
2024-10-24 18:10:26,543 [Worker-128: Building] INFO  o.a.m.s.f.DefaultMavenResourcesFiltering - Copying 1 resource from src\main\resources to target\classes
2024-10-24 18:10:26,576 [Worker-128: Building] INFO  o.a.m.s.f.DefaultMavenResourcesFiltering - Copying 0 resource from src\main\resources to target\classes
2024-10-24 18:10:26,583 [Worker-128: Building] INFO  o.a.m.s.f.DefaultMavenResourcesFiltering - skip non existing resourceDirectory C:\Users\Matias Mamani\Desktop\Proyecto Pino\ProyectoFabrica_PS\Backend\ProyectoFabricaPS\src\test\resources
2024-10-24 18:17:06,926 [Worker-137: Building] INFO  o.a.m.s.f.DefaultMavenResourcesFiltering - Copying 1 resource from src\main\resources to target\classes
2024-10-24 18:17:06,943 [Worker-137: Building] INFO  o.a.m.s.f.DefaultMavenResourcesFiltering - Copying 0 resource from src\main\resources to target\classes
2024-10-24 18:17:06,953 [Worker-137: Building] INFO  o.a.m.s.f.DefaultMavenResourcesFiltering - skip non existing resourceDirectory C:\Users\Matias Mamani\Desktop\Proyecto Pino\ProyectoFabrica_PS\Backend\ProyectoFabricaPS\src\test\resources
2024-10-24 18:17:28,301 [Worker-138: Building] INFO  o.a.m.s.f.DefaultMavenResourcesFiltering - Copying 1 resource from src\main\resources to target\classes
2024-10-24 18:17:28,318 [Worker-138: Building] INFO  o.a.m.s.f.DefaultMavenResourcesFiltering - Copying 0 resource from src\main\resources to target\classes
2024-10-24 18:17:28,327 [Worker-138: Building] INFO  o.a.m.s.f.DefaultMavenResourcesFiltering - skip non existing resourceDirectory C:\Users\Matias Mamani\Desktop\Proyecto Pino\ProyectoFabrica_PS\Backend\ProyectoFabricaPS\src\test\resources
2024-10-24 18:17:31,569 [Worker-140: Building] INFO  o.a.m.s.f.DefaultMavenResourcesFiltering - Copying 1 resource from src\main\resources to target\classes
2024-10-24 18:17:31,583 [Worker-140: Building] INFO  o.a.m.s.f.DefaultMavenResourcesFiltering - Copying 0 resource from src\main\resources to target\classes
2024-10-24 18:17:31,590 [Worker-140: Building] INFO  o.a.m.s.f.DefaultMavenResourcesFiltering - skip non existing resourceDirectory C:\Users\Matias Mamani\Desktop\Proyecto Pino\ProyectoFabrica_PS\Backend\ProyectoFabricaPS\src\test\resources
2024-10-24 18:17:35,667 [Worker-139: Building] INFO  o.a.m.s.f.DefaultMavenResourcesFiltering - Copying 1 resource from src\main\resources to target\classes
2024-10-24 18:17:35,684 [Worker-139: Building] INFO  o.a.m.s.f.DefaultMavenResourcesFiltering - Copying 0 resource from src\main\resources to target\classes
2024-10-24 18:17:35,694 [Worker-139: Building] INFO  o.a.m.s.f.DefaultMavenResourcesFiltering - skip non existing resourceDirectory C:\Users\Matias Mamani\Desktop\Proyecto Pino\ProyectoFabrica_PS\Backend\ProyectoFabricaPS\src\test\resources
2024-10-24 18:17:45,856 [Worker-138: Building] INFO  o.a.m.s.f.DefaultMavenResourcesFiltering - Copying 1 resource from src\main\resources to target\classes
2024-10-24 18:17:45,872 [Worker-138: Building] INFO  o.a.m.s.f.DefaultMavenResourcesFiltering - Copying 0 resource from src\main\resources to target\classes
2024-10-24 18:17:45,879 [Worker-138: Building] INFO  o.a.m.s.f.DefaultMavenResourcesFiltering - skip non existing resourceDirectory C:\Users\Matias Mamani\Desktop\Proyecto Pino\ProyectoFabrica_PS\Backend\ProyectoFabricaPS\src\test\resources
2024-10-24 18:20:03,361 [Worker-142: Building] INFO  o.a.m.s.f.DefaultMavenResourcesFiltering - Copying 1 resource from src\main\resources to target\classes
2024-10-24 18:20:03,379 [Worker-142: Building] INFO  o.a.m.s.f.DefaultMavenResourcesFiltering - Copying 0 resource from src\main\resources to target\classes
2024-10-24 18:20:03,386 [Worker-142: Building] INFO  o.a.m.s.f.DefaultMavenResourcesFiltering - skip non existing resourceDirectory C:\Users\Matias Mamani\Desktop\Proyecto Pino\ProyectoFabrica_PS\Backend\ProyectoFabricaPS\src\test\resources
2024-10-24 18:20:04,524 [Worker-143: Building] INFO  o.a.m.s.f.DefaultMavenResourcesFiltering - Copying 1 resource from src\main\resources to target\classes
2024-10-24 18:20:04,537 [Worker-143: Building] INFO  o.a.m.s.f.DefaultMavenResourcesFiltering - Copying 0 resource from src\main\resources to target\classes
2024-10-24 18:20:04,542 [Worker-143: Building] INFO  o.a.m.s.f.DefaultMavenResourcesFiltering - skip non existing resourceDirectory C:\Users\Matias Mamani\Desktop\Proyecto Pino\ProyectoFabrica_PS\Backend\ProyectoFabricaPS\src\test\resources
2024-10-24 18:23:36,149 [Worker-145: Building] INFO  o.a.m.s.f.DefaultMavenResourcesFiltering - Copying 1 resource from src\main\resources to target\classes
2024-10-24 18:23:36,186 [Worker-145: Building] INFO  o.a.m.s.f.DefaultMavenResourcesFiltering - Copying 0 resource from src\main\resources to target\classes
2024-10-24 18:23:36,197 [Worker-145: Building] INFO  o.a.m.s.f.DefaultMavenResourcesFiltering - skip non existing resourceDirectory C:\Users\Matias Mamani\Desktop\Proyecto Pino\ProyectoFabrica_PS\Backend\ProyectoFabricaPS\src\test\resources
2024-10-24 18:39:49,784 [Worker-147: Building] INFO  o.a.m.s.f.DefaultMavenResourcesFiltering - Copying 1 resource from src\main\resources to target\classes
2024-10-24 18:39:49,812 [Worker-147: Building] INFO  o.a.m.s.f.DefaultMavenResourcesFiltering - Copying 0 resource from src\main\resources to target\classes
2024-10-24 18:39:49,820 [Worker-147: Building] INFO  o.a.m.s.f.DefaultMavenResourcesFiltering - skip non existing resourceDirectory C:\Users\Matias Mamani\Desktop\Proyecto Pino\ProyectoFabrica_PS\Backend\ProyectoFabricaPS\src\test\resources
2024-10-24 18:42:58,393 [Worker-151: Building] INFO  o.a.m.s.f.DefaultMavenResourcesFiltering - Copying 1 resource from src\main\resources to target\classes
2024-10-24 18:42:58,413 [Worker-151: Building] INFO  o.a.m.s.f.DefaultMavenResourcesFiltering - Copying 0 resource from src\main\resources to target\classes
2024-10-24 18:42:58,419 [Worker-151: Building] INFO  o.a.m.s.f.DefaultMavenResourcesFiltering - skip non existing resourceDirectory C:\Users\Matias Mamani\Desktop\Proyecto Pino\ProyectoFabrica_PS\Backend\ProyectoFabricaPS\src\test\resources
2024-10-24 18:43:01,193 [Worker-152: Building] INFO  o.a.m.s.f.DefaultMavenResourcesFiltering - Copying 1 resource from src\main\resources to target\classes
2024-10-24 18:43:01,220 [Worker-152: Building] INFO  o.a.m.s.f.DefaultMavenResourcesFiltering - Copying 0 resource from src\main\resources to target\classes
2024-10-24 18:43:01,227 [Worker-152: Building] INFO  o.a.m.s.f.DefaultMavenResourcesFiltering - skip non existing resourceDirectory C:\Users\Matias Mamani\Desktop\Proyecto Pino\ProyectoFabrica_PS\Backend\ProyectoFabricaPS\src\test\resources
2024-10-24 18:43:10,621 [Worker-152: Building] INFO  o.a.m.s.f.DefaultMavenResourcesFiltering - Copying 1 resource from src\main\resources to target\classes
2024-10-24 18:43:10,658 [Worker-152: Building] INFO  o.a.m.s.f.DefaultMavenResourcesFiltering - Copying 0 resource from src\main\resources to target\classes
2024-10-24 18:43:10,666 [Worker-152: Building] INFO  o.a.m.s.f.DefaultMavenResourcesFiltering - skip non existing resourceDirectory C:\Users\Matias Mamani\Desktop\Proyecto Pino\ProyectoFabrica_PS\Backend\ProyectoFabricaPS\src\test\resources
2024-10-24 18:43:20,770 [Worker-150: Building] INFO  o.a.m.s.f.DefaultMavenResourcesFiltering - Copying 1 resource from src\main\resources to target\classes
2024-10-24 18:43:20,798 [Worker-150: Building] INFO  o.a.m.s.f.DefaultMavenResourcesFiltering - Copying 0 resource from src\main\resources to target\classes
2024-10-24 18:43:20,804 [Worker-150: Building] INFO  o.a.m.s.f.DefaultMavenResourcesFiltering - skip non existing resourceDirectory C:\Users\Matias Mamani\Desktop\Proyecto Pino\ProyectoFabrica_PS\Backend\ProyectoFabricaPS\src\test\resources
2024-10-24 18:43:24,821 [Worker-151: Building] INFO  o.a.m.s.f.DefaultMavenResourcesFiltering - Copying 1 resource from src\main\resources to target\classes
2024-10-24 18:43:24,854 [Worker-151: Building] INFO  o.a.m.s.f.DefaultMavenResourcesFiltering - Copying 0 resource from src\main\resources to target\classes
2024-10-24 18:43:24,862 [Worker-151: Building] INFO  o.a.m.s.f.DefaultMavenResourcesFiltering - skip non existing resourceDirectory C:\Users\Matias Mamani\Desktop\Proyecto Pino\ProyectoFabrica_PS\Backend\ProyectoFabricaPS\src\test\resources
2024-10-24 18:43:31,538 [Worker-150: Building] INFO  o.a.m.s.f.DefaultMavenResourcesFiltering - Copying 1 resource from src\main\resources to target\classes
2024-10-24 18:43:31,555 [Worker-150: Building] INFO  o.a.m.s.f.DefaultMavenResourcesFiltering - Copying 0 resource from src\main\resources to target\classes
2024-10-24 18:43:31,562 [Worker-150: Building] INFO  o.a.m.s.f.DefaultMavenResourcesFiltering - skip non existing resourceDirectory C:\Users\Matias Mamani\Desktop\Proyecto Pino\ProyectoFabrica_PS\Backend\ProyectoFabricaPS\src\test\resources
2024-10-24 18:45:44,507 [Worker-152: Building] INFO  o.a.m.s.f.DefaultMavenResourcesFiltering - Copying 1 resource from src\main\resources to target\classes
2024-10-24 18:45:44,523 [Worker-152: Building] INFO  o.a.m.s.f.DefaultMavenResourcesFiltering - Copying 0 resource from src\main\resources to target\classes
2024-10-24 18:45:44,530 [Worker-152: Building] INFO  o.a.m.s.f.DefaultMavenResourcesFiltering - skip non existing resourceDirectory C:\Users\Matias Mamani\Desktop\Proyecto Pino\ProyectoFabrica_PS\Backend\ProyectoFabricaPS\src\test\resources
2024-10-24 18:45:52,020 [Worker-152: Building] INFO  o.a.m.s.f.DefaultMavenResourcesFiltering - Copying 1 resource from src\main\resources to target\classes
2024-10-24 18:45:52,037 [Worker-152: Building] INFO  o.a.m.s.f.DefaultMavenResourcesFiltering - Copying 0 resource from src\main\resources to target\classes
2024-10-24 18:45:52,046 [Worker-152: Building] INFO  o.a.m.s.f.DefaultMavenResourcesFiltering - skip non existing resourceDirectory C:\Users\Matias Mamani\Desktop\Proyecto Pino\ProyectoFabrica_PS\Backend\ProyectoFabricaPS\src\test\resources
2024-10-24 18:47:14,251 [Worker-154: Building] INFO  o.a.m.s.f.DefaultMavenResourcesFiltering - Copying 1 resource from src\main\resources to target\classes
2024-10-24 18:47:14,267 [Worker-154: Building] INFO  o.a.m.s.f.DefaultMavenResourcesFiltering - Copying 0 resource from src\main\resources to target\classes
2024-10-24 18:47:14,275 [Worker-154: Building] INFO  o.a.m.s.f.DefaultMavenResourcesFiltering - skip non existing resourceDirectory C:\Users\Matias Mamani\Desktop\Proyecto Pino\ProyectoFabrica_PS\Backend\ProyectoFabricaPS\src\test\resources
2024-10-24 18:47:21,528 [Worker-144: Building] INFO  o.a.m.s.f.DefaultMavenResourcesFiltering - Copying 1 resource from src\main\resources to target\classes
2024-10-24 18:47:21,539 [Worker-144: Building] INFO  o.a.m.s.f.DefaultMavenResourcesFiltering - Copying 0 resource from src\main\resources to target\classes
2024-10-24 18:47:21,545 [Worker-144: Building] INFO  o.a.m.s.f.DefaultMavenResourcesFiltering - skip non existing resourceDirectory C:\Users\Matias Mamani\Desktop\Proyecto Pino\ProyectoFabrica_PS\Backend\ProyectoFabricaPS\src\test\resources
2024-10-24 18:47:24,240 [Worker-144: Building] INFO  o.a.m.s.f.DefaultMavenResourcesFiltering - Copying 1 resource from src\main\resources to target\classes
2024-10-24 18:47:24,255 [Worker-144: Building] INFO  o.a.m.s.f.DefaultMavenResourcesFiltering - Copying 0 resource from src\main\resources to target\classes
2024-10-24 18:47:24,265 [Worker-144: Building] INFO  o.a.m.s.f.DefaultMavenResourcesFiltering - skip non existing resourceDirectory C:\Users\Matias Mamani\Desktop\Proyecto Pino\ProyectoFabrica_PS\Backend\ProyectoFabricaPS\src\test\resources
2024-10-24 18:49:20,752 [Worker-154: Building] INFO  o.a.m.s.f.DefaultMavenResourcesFiltering - Copying 1 resource from src\main\resources to target\classes
2024-10-24 18:49:20,779 [Worker-154: Building] INFO  o.a.m.s.f.DefaultMavenResourcesFiltering - Copying 0 resource from src\main\resources to target\classes
2024-10-24 18:49:20,790 [Worker-154: Building] INFO  o.a.m.s.f.DefaultMavenResourcesFiltering - skip non existing resourceDirectory C:\Users\Matias Mamani\Desktop\Proyecto Pino\ProyectoFabrica_PS\Backend\ProyectoFabricaPS\src\test\resources
2024-10-24 18:49:30,394 [Worker-159: Building] INFO  o.a.m.s.f.DefaultMavenResourcesFiltering - Copying 1 resource from src\main\resources to target\classes
2024-10-24 18:49:30,413 [Worker-159: Building] INFO  o.a.m.s.f.DefaultMavenResourcesFiltering - Copying 0 resource from src\main\resources to target\classes
2024-10-24 18:49:30,420 [Worker-159: Building] INFO  o.a.m.s.f.DefaultMavenResourcesFiltering - skip non existing resourceDirectory C:\Users\Matias Mamani\Desktop\Proyecto Pino\ProyectoFabrica_PS\Backend\ProyectoFabricaPS\src\test\resources
2024-10-24 18:49:32,673 [Worker-158: Building] INFO  o.a.m.s.f.DefaultMavenResourcesFiltering - Copying 1 resource from src\main\resources to target\classes
2024-10-24 18:49:32,696 [Worker-158: Building] INFO  o.a.m.s.f.DefaultMavenResourcesFiltering - Copying 0 resource from src\main\resources to target\classes
2024-10-24 18:49:32,703 [Worker-158: Building] INFO  o.a.m.s.f.DefaultMavenResourcesFiltering - skip non existing resourceDirectory C:\Users\Matias Mamani\Desktop\Proyecto Pino\ProyectoFabrica_PS\Backend\ProyectoFabricaPS\src\test\resources
2024-10-24 18:50:07,804 [Worker-154: Building] INFO  o.a.m.s.f.DefaultMavenResourcesFiltering - Copying 1 resource from src\main\resources to target\classes
2024-10-24 18:50:07,822 [Worker-154: Building] INFO  o.a.m.s.f.DefaultMavenResourcesFiltering - Copying 0 resource from src\main\resources to target\classes
2024-10-24 18:50:07,829 [Worker-154: Building] INFO  o.a.m.s.f.DefaultMavenResourcesFiltering - skip non existing resourceDirectory C:\Users\Matias Mamani\Desktop\Proyecto Pino\ProyectoFabrica_PS\Backend\ProyectoFabricaPS\src\test\resources
2024-10-24 18:50:11,996 [Worker-158: Building] INFO  o.a.m.s.f.DefaultMavenResourcesFiltering - Copying 1 resource from src\main\resources to target\classes
2024-10-24 18:50:12,014 [Worker-158: Building] INFO  o.a.m.s.f.DefaultMavenResourcesFiltering - Copying 0 resource from src\main\resources to target\classes
2024-10-24 18:50:12,020 [Worker-158: Building] INFO  o.a.m.s.f.DefaultMavenResourcesFiltering - skip non existing resourceDirectory C:\Users\Matias Mamani\Desktop\Proyecto Pino\ProyectoFabrica_PS\Backend\ProyectoFabricaPS\src\test\resources
2024-10-24 18:50:30,805 [Worker-161: Building] INFO  o.a.m.s.f.DefaultMavenResourcesFiltering - Copying 1 resource from src\main\resources to target\classes
2024-10-24 18:50:30,819 [Worker-161: Building] INFO  o.a.m.s.f.DefaultMavenResourcesFiltering - Copying 0 resource from src\main\resources to target\classes
2024-10-24 18:50:30,825 [Worker-161: Building] INFO  o.a.m.s.f.DefaultMavenResourcesFiltering - skip non existing resourceDirectory C:\Users\Matias Mamani\Desktop\Proyecto Pino\ProyectoFabrica_PS\Backend\ProyectoFabricaPS\src\test\resources
2024-10-24 18:50:33,351 [Worker-159: Building] INFO  o.a.m.s.f.DefaultMavenResourcesFiltering - Copying 1 resource from src\main\resources to target\classes
2024-10-24 18:50:33,367 [Worker-159: Building] INFO  o.a.m.s.f.DefaultMavenResourcesFiltering - Copying 0 resource from src\main\resources to target\classes
2024-10-24 18:50:33,375 [Worker-159: Building] INFO  o.a.m.s.f.DefaultMavenResourcesFiltering - skip non existing resourceDirectory C:\Users\Matias Mamani\Desktop\Proyecto Pino\ProyectoFabrica_PS\Backend\ProyectoFabricaPS\src\test\resources
2024-10-24 18:50:46,640 [Worker-160: Building] INFO  o.a.m.s.f.DefaultMavenResourcesFiltering - Copying 1 resource from src\main\resources to target\classes
2024-10-24 18:50:46,655 [Worker-160: Building] INFO  o.a.m.s.f.DefaultMavenResourcesFiltering - Copying 0 resource from src\main\resources to target\classes
2024-10-24 18:50:46,663 [Worker-160: Building] INFO  o.a.m.s.f.DefaultMavenResourcesFiltering - skip non existing resourceDirectory C:\Users\Matias Mamani\Desktop\Proyecto Pino\ProyectoFabrica_PS\Backend\ProyectoFabricaPS\src\test\resources
2024-10-24 19:01:05,849 [Worker-162: Building] INFO  o.a.m.s.f.DefaultMavenResourcesFiltering - Copying 1 resource from src\main\resources to target\classes
2024-10-24 19:01:05,881 [Worker-162: Building] INFO  o.a.m.s.f.DefaultMavenResourcesFiltering - Copying 0 resource from src\main\resources to target\classes
2024-10-24 19:01:05,888 [Worker-162: Building] INFO  o.a.m.s.f.DefaultMavenResourcesFiltering - skip non existing resourceDirectory C:\Users\Matias Mamani\Desktop\Proyecto Pino\ProyectoFabrica_PS\Backend\ProyectoFabricaPS\src\test\resources
2024-10-24 19:01:52,669 [Worker-159: Building] INFO  o.a.m.s.f.DefaultMavenResourcesFiltering - Copying 1 resource from src\main\resources to target\classes
2024-10-24 19:01:52,696 [Worker-159: Building] INFO  o.a.m.s.f.DefaultMavenResourcesFiltering - Copying 0 resource from src\main\resources to target\classes
2024-10-24 19:01:52,702 [Worker-159: Building] INFO  o.a.m.s.f.DefaultMavenResourcesFiltering - skip non existing resourceDirectory C:\Users\Matias Mamani\Desktop\Proyecto Pino\ProyectoFabrica_PS\Backend\ProyectoFabricaPS\src\test\resources
2024-10-24 19:01:58,096 [Worker-162: Building] INFO  o.a.m.s.f.DefaultMavenResourcesFiltering - Copying 1 resource from src\main\resources to target\classes
2024-10-24 19:01:58,124 [Worker-162: Building] INFO  o.a.m.s.f.DefaultMavenResourcesFiltering - Copying 0 resource from src\main\resources to target\classes
2024-10-24 19:01:58,130 [Worker-162: Building] INFO  o.a.m.s.f.DefaultMavenResourcesFiltering - skip non existing resourceDirectory C:\Users\Matias Mamani\Desktop\Proyecto Pino\ProyectoFabrica_PS\Backend\ProyectoFabricaPS\src\test\resources
2024-10-24 19:02:29,404 [Worker-159: Building] INFO  o.a.m.s.f.DefaultMavenResourcesFiltering - Copying 1 resource from src\main\resources to target\classes
2024-10-24 19:02:29,434 [Worker-159: Building] INFO  o.a.m.s.f.DefaultMavenResourcesFiltering - Copying 0 resource from src\main\resources to target\classes
2024-10-24 19:02:29,443 [Worker-159: Building] INFO  o.a.m.s.f.DefaultMavenResourcesFiltering - skip non existing resourceDirectory C:\Users\Matias Mamani\Desktop\Proyecto Pino\ProyectoFabrica_PS\Backend\ProyectoFabricaPS\src\test\resources
2024-10-24 19:02:45,327 [Worker-162: Building] INFO  o.a.m.s.f.DefaultMavenResourcesFiltering - Copying 1 resource from src\main\resources to target\classes
2024-10-24 19:02:45,343 [Worker-162: Building] INFO  o.a.m.s.f.DefaultMavenResourcesFiltering - Copying 0 resource from src\main\resources to target\classes
2024-10-24 19:02:45,349 [Worker-162: Building] INFO  o.a.m.s.f.DefaultMavenResourcesFiltering - skip non existing resourceDirectory C:\Users\Matias Mamani\Desktop\Proyecto Pino\ProyectoFabrica_PS\Backend\ProyectoFabricaPS\src\test\resources
2024-10-24 19:03:07,022 [Worker-164: Building] INFO  o.a.m.s.f.DefaultMavenResourcesFiltering - Copying 1 resource from src\main\resources to target\classes
2024-10-24 19:03:07,041 [Worker-164: Building] INFO  o.a.m.s.f.DefaultMavenResourcesFiltering - Copying 0 resource from src\main\resources to target\classes
2024-10-24 19:03:07,047 [Worker-164: Building] INFO  o.a.m.s.f.DefaultMavenResourcesFiltering - skip non existing resourceDirectory C:\Users\Matias Mamani\Desktop\Proyecto Pino\ProyectoFabrica_PS\Backend\ProyectoFabricaPS\src\test\resources
2024-10-24 19:03:09,737 [Worker-159: Building] INFO  o.a.m.s.f.DefaultMavenResourcesFiltering - Copying 1 resource from src\main\resources to target\classes
2024-10-24 19:03:09,812 [Worker-159: Building] INFO  o.a.m.s.f.DefaultMavenResourcesFiltering - Copying 0 resource from src\main\resources to target\classes
2024-10-24 19:03:09,820 [Worker-159: Building] INFO  o.a.m.s.f.DefaultMavenResourcesFiltering - skip non existing resourceDirectory C:\Users\Matias Mamani\Desktop\Proyecto Pino\ProyectoFabrica_PS\Backend\ProyectoFabricaPS\src\test\resources
2024-10-24 19:04:42,654 [Worker-165: Building] INFO  o.a.m.s.f.DefaultMavenResourcesFiltering - Copying 1 resource from src\main\resources to target\classes
2024-10-24 19:04:42,669 [Worker-165: Building] INFO  o.a.m.s.f.DefaultMavenResourcesFiltering - Copying 0 resource from src\main\resources to target\classes
2024-10-24 19:04:42,674 [Worker-165: Building] INFO  o.a.m.s.f.DefaultMavenResourcesFiltering - skip non existing resourceDirectory C:\Users\Matias Mamani\Desktop\Proyecto Pino\ProyectoFabrica_PS\Backend\ProyectoFabricaPS\src\test\resources
2024-10-24 19:04:43,853 [Worker-159: Building] INFO  o.a.m.s.f.DefaultMavenResourcesFiltering - Copying 1 resource from src\main\resources to target\classes
2024-10-24 19:04:43,864 [Worker-159: Building] INFO  o.a.m.s.f.DefaultMavenResourcesFiltering - Copying 0 resource from src\main\resources to target\classes
2024-10-24 19:04:43,869 [Worker-159: Building] INFO  o.a.m.s.f.DefaultMavenResourcesFiltering - skip non existing resourceDirectory C:\Users\Matias Mamani\Desktop\Proyecto Pino\ProyectoFabrica_PS\Backend\ProyectoFabricaPS\src\test\resources
2024-10-24 19:05:08,155 [Worker-154: Building] INFO  o.a.m.s.f.DefaultMavenResourcesFiltering - Copying 1 resource from src\main\resources to target\classes
2024-10-24 19:05:08,171 [Worker-154: Building] INFO  o.a.m.s.f.DefaultMavenResourcesFiltering - Copying 0 resource from src\main\resources to target\classes
2024-10-24 19:05:08,178 [Worker-154: Building] INFO  o.a.m.s.f.DefaultMavenResourcesFiltering - skip non existing resourceDirectory C:\Users\Matias Mamani\Desktop\Proyecto Pino\ProyectoFabrica_PS\Backend\ProyectoFabricaPS\src\test\resources
2024-10-24 19:05:14,957 [Worker-165: Building] INFO  o.a.m.s.f.DefaultMavenResourcesFiltering - Copying 1 resource from src\main\resources to target\classes
2024-10-24 19:05:14,973 [Worker-165: Building] INFO  o.a.m.s.f.DefaultMavenResourcesFiltering - Copying 0 resource from src\main\resources to target\classes
2024-10-24 19:05:14,980 [Worker-165: Building] INFO  o.a.m.s.f.DefaultMavenResourcesFiltering - skip non existing resourceDirectory C:\Users\Matias Mamani\Desktop\Proyecto Pino\ProyectoFabrica_PS\Backend\ProyectoFabricaPS\src\test\resources
2024-10-24 19:06:04,676 [Worker-159: Building] INFO  o.a.m.s.f.DefaultMavenResourcesFiltering - Copying 1 resource from src\main\resources to target\classes
2024-10-24 19:06:04,693 [Worker-159: Building] INFO  o.a.m.s.f.DefaultMavenResourcesFiltering - Copying 0 resource from src\main\resources to target\classes
2024-10-24 19:06:04,700 [Worker-159: Building] INFO  o.a.m.s.f.DefaultMavenResourcesFiltering - skip non existing resourceDirectory C:\Users\Matias Mamani\Desktop\Proyecto Pino\ProyectoFabrica_PS\Backend\ProyectoFabricaPS\src\test\resources
2024-10-24 19:06:07,255 [Worker-165: Building] INFO  o.a.m.s.f.DefaultMavenResourcesFiltering - Copying 1 resource from src\main\resources to target\classes
2024-10-24 19:06:07,265 [Worker-165: Building] INFO  o.a.m.s.f.DefaultMavenResourcesFiltering - Copying 0 resource from src\main\resources to target\classes
2024-10-24 19:06:07,271 [Worker-165: Building] INFO  o.a.m.s.f.DefaultMavenResourcesFiltering - skip non existing resourceDirectory C:\Users\Matias Mamani\Desktop\Proyecto Pino\ProyectoFabrica_PS\Backend\ProyectoFabricaPS\src\test\resources
2024-10-24 19:06:23,791 [Worker-159: Building] INFO  o.a.m.s.f.DefaultMavenResourcesFiltering - Copying 1 resource from src\main\resources to target\classes
2024-10-24 19:06:23,807 [Worker-159: Building] INFO  o.a.m.s.f.DefaultMavenResourcesFiltering - Copying 0 resource from src\main\resources to target\classes
2024-10-24 19:06:23,814 [Worker-159: Building] INFO  o.a.m.s.f.DefaultMavenResourcesFiltering - skip non existing resourceDirectory C:\Users\Matias Mamani\Desktop\Proyecto Pino\ProyectoFabrica_PS\Backend\ProyectoFabricaPS\src\test\resources
2024-10-24 19:06:54,168 [Worker-165: Building] INFO  o.a.m.s.f.DefaultMavenResourcesFiltering - Copying 1 resource from src\main\resources to target\classes
2024-10-24 19:06:54,201 [Worker-165: Building] INFO  o.a.m.s.f.DefaultMavenResourcesFiltering - Copying 0 resource from src\main\resources to target\classes
2024-10-24 19:06:54,210 [Worker-165: Building] INFO  o.a.m.s.f.DefaultMavenResourcesFiltering - skip non existing resourceDirectory C:\Users\Matias Mamani\Desktop\Proyecto Pino\ProyectoFabrica_PS\Backend\ProyectoFabricaPS\src\test\resources
2024-10-24 19:08:53,750 [Worker-167: Building] INFO  o.a.m.s.f.DefaultMavenResourcesFiltering - Copying 1 resource from src\main\resources to target\classes
2024-10-24 19:08:53,761 [Worker-167: Building] INFO  o.a.m.s.f.DefaultMavenResourcesFiltering - Copying 0 resource from src\main\resources to target\classes
2024-10-24 19:08:53,766 [Worker-167: Building] INFO  o.a.m.s.f.DefaultMavenResourcesFiltering - skip non existing resourceDirectory C:\Users\Matias Mamani\Desktop\Proyecto Pino\ProyectoFabrica_PS\Backend\ProyectoFabricaPS\src\test\resources
2024-10-24 19:09:24,147 [Worker-167: Building] INFO  o.a.m.s.f.DefaultMavenResourcesFiltering - Copying 1 resource from src\main\resources to target\classes
2024-10-24 19:09:24,162 [Worker-167: Building] INFO  o.a.m.s.f.DefaultMavenResourcesFiltering - Copying 0 resource from src\main\resources to target\classes
2024-10-24 19:09:24,169 [Worker-167: Building] INFO  o.a.m.s.f.DefaultMavenResourcesFiltering - skip non existing resourceDirectory C:\Users\Matias Mamani\Desktop\Proyecto Pino\ProyectoFabrica_PS\Backend\ProyectoFabricaPS\src\test\resources
2024-10-24 19:09:39,587 [Worker-169: Building] INFO  o.a.m.s.f.DefaultMavenResourcesFiltering - Copying 1 resource from src\main\resources to target\classes
2024-10-24 19:09:39,602 [Worker-169: Building] INFO  o.a.m.s.f.DefaultMavenResourcesFiltering - Copying 0 resource from src\main\resources to target\classes
2024-10-24 19:09:39,609 [Worker-169: Building] INFO  o.a.m.s.f.DefaultMavenResourcesFiltering - skip non existing resourceDirectory C:\Users\Matias Mamani\Desktop\Proyecto Pino\ProyectoFabrica_PS\Backend\ProyectoFabricaPS\src\test\resources
2024-10-24 19:24:20,479 [Worker-170: Building] INFO  o.a.m.s.f.DefaultMavenResourcesFiltering - Copying 1 resource from src\main\resources to target\classes
2024-10-24 19:24:20,493 [Worker-170: Building] INFO  o.a.m.s.f.DefaultMavenResourcesFiltering - Copying 0 resource from src\main\resources to target\classes
2024-10-24 19:24:20,496 [Worker-170: Building] INFO  o.a.m.s.f.DefaultMavenResourcesFiltering - skip non existing resourceDirectory C:\Users\Matias Mamani\Desktop\Proyecto Pino\ProyectoFabrica_PS\Backend\ProyectoFabricaPS\src\test\resources
2024-10-24 19:29:00,206 [Worker-154: Building] INFO  o.a.m.s.f.DefaultMavenResourcesFiltering - Copying 1 resource from src\main\resources to target\classes
2024-10-24 19:29:00,230 [Worker-154: Building] INFO  o.a.m.s.f.DefaultMavenResourcesFiltering - Copying 0 resource from src\main\resources to target\classes
2024-10-24 19:29:00,235 [Worker-154: Building] INFO  o.a.m.s.f.DefaultMavenResourcesFiltering - skip non existing resourceDirectory C:\Users\Matias Mamani\Desktop\Proyecto Pino\ProyectoFabrica_PS\Backend\ProyectoFabricaPS\src\test\resources
2024-10-24 19:29:48,074 [Worker-173: Building] INFO  o.a.m.s.f.DefaultMavenResourcesFiltering - Copying 1 resource from src\main\resources to target\classes
2024-10-24 19:29:48,088 [Worker-173: Building] INFO  o.a.m.s.f.DefaultMavenResourcesFiltering - Copying 0 resource from src\main\resources to target\classes
2024-10-24 19:29:48,093 [Worker-173: Building] INFO  o.a.m.s.f.DefaultMavenResourcesFiltering - skip non existing resourceDirectory C:\Users\Matias Mamani\Desktop\Proyecto Pino\ProyectoFabrica_PS\Backend\ProyectoFabricaPS\src\test\resources
2024-10-24 19:29:49,806 [Worker-174: Building] INFO  o.a.m.s.f.DefaultMavenResourcesFiltering - Copying 1 resource from src\main\resources to target\classes
2024-10-24 19:29:49,818 [Worker-174: Building] INFO  o.a.m.s.f.DefaultMavenResourcesFiltering - Copying 0 resource from src\main\resources to target\classes
2024-10-24 19:29:49,821 [Worker-174: Building] INFO  o.a.m.s.f.DefaultMavenResourcesFiltering - skip non existing resourceDirectory C:\Users\Matias Mamani\Desktop\Proyecto Pino\ProyectoFabrica_PS\Backend\ProyectoFabricaPS\src\test\resources
2024-10-24 19:30:01,784 [Worker-154: Building] INFO  o.a.m.s.f.DefaultMavenResourcesFiltering - Copying 1 resource from src\main\resources to target\classes
2024-10-24 19:30:01,802 [Worker-154: Building] INFO  o.a.m.s.f.DefaultMavenResourcesFiltering - Copying 0 resource from src\main\resources to target\classes
2024-10-24 19:30:01,805 [Worker-154: Building] INFO  o.a.m.s.f.DefaultMavenResourcesFiltering - skip non existing resourceDirectory C:\Users\Matias Mamani\Desktop\Proyecto Pino\ProyectoFabrica_PS\Backend\ProyectoFabricaPS\src\test\resources
2024-10-24 19:30:02,954 [Worker-154: Building] INFO  o.a.m.s.f.DefaultMavenResourcesFiltering - Copying 1 resource from src\main\resources to target\classes
2024-10-24 19:30:02,973 [Worker-154: Building] INFO  o.a.m.s.f.DefaultMavenResourcesFiltering - Copying 0 resource from src\main\resources to target\classes
2024-10-24 19:30:02,976 [Worker-154: Building] INFO  o.a.m.s.f.DefaultMavenResourcesFiltering - skip non existing resourceDirectory C:\Users\Matias Mamani\Desktop\Proyecto Pino\ProyectoFabrica_PS\Backend\ProyectoFabricaPS\src\test\resources
2024-10-24 19:30:14,179 [Worker-154: Building] INFO  o.a.m.s.f.DefaultMavenResourcesFiltering - Copying 1 resource from src\main\resources to target\classes
2024-10-24 19:30:14,191 [Worker-154: Building] INFO  o.a.m.s.f.DefaultMavenResourcesFiltering - Copying 0 resource from src\main\resources to target\classes
2024-10-24 19:30:14,196 [Worker-154: Building] INFO  o.a.m.s.f.DefaultMavenResourcesFiltering - skip non existing resourceDirectory C:\Users\Matias Mamani\Desktop\Proyecto Pino\ProyectoFabrica_PS\Backend\ProyectoFabricaPS\src\test\resources
2024-10-24 19:30:16,109 [Worker-154: Building] INFO  o.a.m.s.f.DefaultMavenResourcesFiltering - Copying 1 resource from src\main\resources to target\classes
2024-10-24 19:30:16,119 [Worker-154: Building] INFO  o.a.m.s.f.DefaultMavenResourcesFiltering - Copying 0 resource from src\main\resources to target\classes
2024-10-24 19:30:16,122 [Worker-154: Building] INFO  o.a.m.s.f.DefaultMavenResourcesFiltering - skip non existing resourceDirectory C:\Users\Matias Mamani\Desktop\Proyecto Pino\ProyectoFabrica_PS\Backend\ProyectoFabricaPS\src\test\resources
2024-10-24 19:30:20,646 [Worker-174: Building] INFO  o.a.m.s.f.DefaultMavenResourcesFiltering - Copying 1 resource from src\main\resources to target\classes
2024-10-24 19:30:20,693 [Worker-174: Building] INFO  o.a.m.s.f.DefaultMavenResourcesFiltering - Copying 0 resource from src\main\resources to target\classes
2024-10-24 19:30:20,698 [Worker-174: Building] INFO  o.a.m.s.f.DefaultMavenResourcesFiltering - skip non existing resourceDirectory C:\Users\Matias Mamani\Desktop\Proyecto Pino\ProyectoFabrica_PS\Backend\ProyectoFabricaPS\src\test\resources
2024-10-24 19:30:28,279 [Worker-172: Building] INFO  o.a.m.s.f.DefaultMavenResourcesFiltering - Copying 1 resource from src\main\resources to target\classes
2024-10-24 19:30:28,292 [Worker-172: Building] INFO  o.a.m.s.f.DefaultMavenResourcesFiltering - Copying 0 resource from src\main\resources to target\classes
2024-10-24 19:30:28,298 [Worker-172: Building] INFO  o.a.m.s.f.DefaultMavenResourcesFiltering - skip non existing resourceDirectory C:\Users\Matias Mamani\Desktop\Proyecto Pino\ProyectoFabrica_PS\Backend\ProyectoFabricaPS\src\test\resources
2024-10-24 19:30:32,245 [Worker-154: Building] INFO  o.a.m.s.f.DefaultMavenResourcesFiltering - Copying 1 resource from src\main\resources to target\classes
2024-10-24 19:30:32,258 [Worker-154: Building] INFO  o.a.m.s.f.DefaultMavenResourcesFiltering - Copying 0 resource from src\main\resources to target\classes
2024-10-24 19:30:32,263 [Worker-154: Building] INFO  o.a.m.s.f.DefaultMavenResourcesFiltering - skip non existing resourceDirectory C:\Users\Matias Mamani\Desktop\Proyecto Pino\ProyectoFabrica_PS\Backend\ProyectoFabricaPS\src\test\resources
2024-10-24 19:30:48,337 [Worker-173: Building] INFO  o.a.m.s.f.DefaultMavenResourcesFiltering - Copying 1 resource from src\main\resources to target\classes
2024-10-24 19:30:48,347 [Worker-173: Building] INFO  o.a.m.s.f.DefaultMavenResourcesFiltering - Copying 0 resource from src\main\resources to target\classes
2024-10-24 19:30:48,352 [Worker-173: Building] INFO  o.a.m.s.f.DefaultMavenResourcesFiltering - skip non existing resourceDirectory C:\Users\Matias Mamani\Desktop\Proyecto Pino\ProyectoFabrica_PS\Backend\ProyectoFabricaPS\src\test\resources
2024-10-24 21:23:02,200 [Worker-176: Building] INFO  o.a.m.s.f.DefaultMavenResourcesFiltering - Copying 1 resource from src\main\resources to target\classes
2024-10-24 21:23:02,224 [Worker-176: Building] INFO  o.a.m.s.f.DefaultMavenResourcesFiltering - Copying 0 resource from src\main\resources to target\classes
2024-10-24 21:23:02,229 [Worker-176: Building] INFO  o.a.m.s.f.DefaultMavenResourcesFiltering - skip non existing resourceDirectory C:\Users\Matias Mamani\Desktop\Proyecto Pino\ProyectoFabrica_PS\Backend\ProyectoFabricaPS\src\test\resources
2024-10-24 21:24:01,330 [Worker-154: Building] INFO  o.a.m.s.f.DefaultMavenResourcesFiltering - Copying 1 resource from src\main\resources to target\classes
2024-10-24 21:24:01,350 [Worker-154: Building] INFO  o.a.m.s.f.DefaultMavenResourcesFiltering - Copying 0 resource from src\main\resources to target\classes
2024-10-24 21:24:01,354 [Worker-154: Building] INFO  o.a.m.s.f.DefaultMavenResourcesFiltering - skip non existing resourceDirectory C:\Users\Matias Mamani\Desktop\Proyecto Pino\ProyectoFabrica_PS\Backend\ProyectoFabricaPS\src\test\resources
2024-10-24 21:26:30,756 [Worker-177: Building] INFO  o.a.m.s.f.DefaultMavenResourcesFiltering - Copying 1 resource from src\main\resources to target\classes
2024-10-24 21:26:30,782 [Worker-177: Building] INFO  o.a.m.s.f.DefaultMavenResourcesFiltering - Copying 0 resource from src\main\resources to target\classes
2024-10-24 21:26:30,789 [Worker-177: Building] INFO  o.a.m.s.f.DefaultMavenResourcesFiltering - skip non existing resourceDirectory C:\Users\Matias Mamani\Desktop\Proyecto Pino\ProyectoFabrica_PS\Backend\ProyectoFabricaPS\src\test\resources
2024-10-24 21:33:12,679 [Worker-181: Building] INFO  o.a.m.s.f.DefaultMavenResourcesFiltering - Copying 1 resource from src\main\resources to target\classes
2024-10-24 21:33:12,732 [Worker-181: Building] INFO  o.a.m.s.f.DefaultMavenResourcesFiltering - Copying 0 resource from src\main\resources to target\classes
2024-10-24 21:33:12,739 [Worker-181: Building] INFO  o.a.m.s.f.DefaultMavenResourcesFiltering - skip non existing resourceDirectory C:\Users\Matias Mamani\Desktop\Proyecto Pino\ProyectoFabrica_PS\Backend\ProyectoFabricaPS\src\test\resources
2024-10-24 21:34:20,201 [Worker-184: Building] INFO  o.a.m.s.f.DefaultMavenResourcesFiltering - Copying 1 resource from src\main\resources to target\classes
2024-10-24 21:34:20,241 [Worker-184: Building] INFO  o.a.m.s.f.DefaultMavenResourcesFiltering - Copying 0 resource from src\main\resources to target\classes
2024-10-24 21:34:20,248 [Worker-184: Building] INFO  o.a.m.s.f.DefaultMavenResourcesFiltering - skip non existing resourceDirectory C:\Users\Matias Mamani\Desktop\Proyecto Pino\ProyectoFabrica_PS\Backend\ProyectoFabricaPS\src\test\resources
2024-10-24 21:34:32,206 [Worker-180: Building] INFO  o.a.m.s.f.DefaultMavenResourcesFiltering - Copying 1 resource from src\main\resources to target\classes
2024-10-24 21:34:32,253 [Worker-180: Building] INFO  o.a.m.s.f.DefaultMavenResourcesFiltering - Copying 0 resource from src\main\resources to target\classes
2024-10-24 21:34:32,259 [Worker-180: Building] INFO  o.a.m.s.f.DefaultMavenResourcesFiltering - skip non existing resourceDirectory C:\Users\Matias Mamani\Desktop\Proyecto Pino\ProyectoFabrica_PS\Backend\ProyectoFabricaPS\src\test\resources
2024-10-24 21:42:01,276 [Worker-190: Building] INFO  o.a.m.s.f.DefaultMavenResourcesFiltering - Copying 1 resource from src\main\resources to target\classes
2024-10-24 21:42:01,288 [Worker-190: Building] INFO  o.a.m.s.f.DefaultMavenResourcesFiltering - Copying 0 resource from src\main\resources to target\classes
2024-10-24 21:42:01,291 [Worker-190: Building] INFO  o.a.m.s.f.DefaultMavenResourcesFiltering - skip non existing resourceDirectory C:\Users\Matias Mamani\Desktop\Proyecto Pino\ProyectoFabrica_PS\Backend\ProyectoFabricaPS\src\test\resources
2024-10-24 21:44:04,542 [Worker-188: Building] INFO  o.a.m.s.f.DefaultMavenResourcesFiltering - Copying 1 resource from src\main\resources to target\classes
2024-10-24 21:44:04,553 [Worker-188: Building] INFO  o.a.m.s.f.DefaultMavenResourcesFiltering - Copying 0 resource from src\main\resources to target\classes
2024-10-24 21:44:04,555 [Worker-188: Building] INFO  o.a.m.s.f.DefaultMavenResourcesFiltering - skip non existing resourceDirectory C:\Users\Matias Mamani\Desktop\Proyecto Pino\ProyectoFabrica_PS\Backend\ProyectoFabricaPS\src\test\resources
2024-10-24 21:44:05,611 [Worker-188: Building] INFO  o.a.m.s.f.DefaultMavenResourcesFiltering - Copying 1 resource from src\main\resources to target\classes
2024-10-24 21:44:05,620 [Worker-188: Building] INFO  o.a.m.s.f.DefaultMavenResourcesFiltering - Copying 0 resource from src\main\resources to target\classes
2024-10-24 21:44:05,624 [Worker-188: Building] INFO  o.a.m.s.f.DefaultMavenResourcesFiltering - skip non existing resourceDirectory C:\Users\Matias Mamani\Desktop\Proyecto Pino\ProyectoFabrica_PS\Backend\ProyectoFabricaPS\src\test\resources
2024-10-24 21:44:10,100 [Worker-194: Building] INFO  o.a.m.s.f.DefaultMavenResourcesFiltering - Copying 1 resource from src\main\resources to target\classes
2024-10-24 21:44:10,124 [Worker-194: Building] INFO  o.a.m.s.f.DefaultMavenResourcesFiltering - Copying 0 resource from src\main\resources to target\classes
2024-10-24 21:44:10,127 [Worker-194: Building] INFO  o.a.m.s.f.DefaultMavenResourcesFiltering - skip non existing resourceDirectory C:\Users\Matias Mamani\Desktop\Proyecto Pino\ProyectoFabrica_PS\Backend\ProyectoFabricaPS\src\test\resources
2024-10-24 21:44:16,294 [Worker-189: Building] INFO  o.a.m.s.f.DefaultMavenResourcesFiltering - Copying 1 resource from src\main\resources to target\classes
2024-10-24 21:44:16,309 [Worker-189: Building] INFO  o.a.m.s.f.DefaultMavenResourcesFiltering - Copying 0 resource from src\main\resources to target\classes
2024-10-24 21:44:16,312 [Worker-189: Building] INFO  o.a.m.s.f.DefaultMavenResourcesFiltering - skip non existing resourceDirectory C:\Users\Matias Mamani\Desktop\Proyecto Pino\ProyectoFabrica_PS\Backend\ProyectoFabricaPS\src\test\resources
2024-10-24 21:44:19,285 [Worker-193: Building] INFO  o.a.m.s.f.DefaultMavenResourcesFiltering - Copying 1 resource from src\main\resources to target\classes
2024-10-24 21:44:19,295 [Worker-193: Building] INFO  o.a.m.s.f.DefaultMavenResourcesFiltering - Copying 0 resource from src\main\resources to target\classes
2024-10-24 21:44:19,298 [Worker-193: Building] INFO  o.a.m.s.f.DefaultMavenResourcesFiltering - skip non existing resourceDirectory C:\Users\Matias Mamani\Desktop\Proyecto Pino\ProyectoFabrica_PS\Backend\ProyectoFabricaPS\src\test\resources
2024-10-24 21:49:38,819 [Worker-196: Building] INFO  o.a.m.s.f.DefaultMavenResourcesFiltering - Copying 1 resource from src\main\resources to target\classes
2024-10-24 21:49:38,839 [Worker-196: Building] INFO  o.a.m.s.f.DefaultMavenResourcesFiltering - Copying 0 resource from src\main\resources to target\classes
2024-10-24 21:49:38,841 [Worker-196: Building] INFO  o.a.m.s.f.DefaultMavenResourcesFiltering - skip non existing resourceDirectory C:\Users\Matias Mamani\Desktop\Proyecto Pino\ProyectoFabrica_PS\Backend\ProyectoFabricaPS\src\test\resources
2024-10-24 21:50:21,869 [Worker-191: Building] INFO  o.a.m.s.f.DefaultMavenResourcesFiltering - Copying 1 resource from src\main\resources to target\classes
2024-10-24 21:50:21,888 [Worker-191: Building] INFO  o.a.m.s.f.DefaultMavenResourcesFiltering - Copying 0 resource from src\main\resources to target\classes
2024-10-24 21:50:21,891 [Worker-191: Building] INFO  o.a.m.s.f.DefaultMavenResourcesFiltering - skip non existing resourceDirectory C:\Users\Matias Mamani\Desktop\Proyecto Pino\ProyectoFabrica_PS\Backend\ProyectoFabricaPS\src\test\resources
2024-10-24 21:50:39,523 [Worker-194: Building] INFO  o.a.m.s.f.DefaultMavenResourcesFiltering - Copying 1 resource from src\main\resources to target\classes
2024-10-24 21:50:39,544 [Worker-194: Building] INFO  o.a.m.s.f.DefaultMavenResourcesFiltering - Copying 0 resource from src\main\resources to target\classes
2024-10-24 21:50:39,548 [Worker-194: Building] INFO  o.a.m.s.f.DefaultMavenResourcesFiltering - skip non existing resourceDirectory C:\Users\Matias Mamani\Desktop\Proyecto Pino\ProyectoFabrica_PS\Backend\ProyectoFabricaPS\src\test\resources
2024-10-24 21:50:57,774 [Worker-196: Building] INFO  o.a.m.s.f.DefaultMavenResourcesFiltering - Copying 1 resource from src\main\resources to target\classes
2024-10-24 21:50:57,784 [Worker-196: Building] INFO  o.a.m.s.f.DefaultMavenResourcesFiltering - Copying 0 resource from src\main\resources to target\classes
2024-10-24 21:50:57,787 [Worker-196: Building] INFO  o.a.m.s.f.DefaultMavenResourcesFiltering - skip non existing resourceDirectory C:\Users\Matias Mamani\Desktop\Proyecto Pino\ProyectoFabrica_PS\Backend\ProyectoFabricaPS\src\test\resources
2024-10-24 21:51:35,047 [Worker-194: Building] INFO  o.a.m.s.f.DefaultMavenResourcesFiltering - Copying 1 resource from src\main\resources to target\classes
2024-10-24 21:51:35,061 [Worker-194: Building] INFO  o.a.m.s.f.DefaultMavenResourcesFiltering - Copying 0 resource from src\main\resources to target\classes
2024-10-24 21:51:35,067 [Worker-194: Building] INFO  o.a.m.s.f.DefaultMavenResourcesFiltering - skip non existing resourceDirectory C:\Users\Matias Mamani\Desktop\Proyecto Pino\ProyectoFabrica_PS\Backend\ProyectoFabricaPS\src\test\resources
2024-10-24 21:52:11,902 [Worker-195: Building] INFO  o.a.m.s.f.DefaultMavenResourcesFiltering - Copying 1 resource from src\main\resources to target\classes
2024-10-24 21:52:11,917 [Worker-195: Building] INFO  o.a.m.s.f.DefaultMavenResourcesFiltering - Copying 0 resource from src\main\resources to target\classes
2024-10-24 21:52:11,921 [Worker-195: Building] INFO  o.a.m.s.f.DefaultMavenResourcesFiltering - skip non existing resourceDirectory C:\Users\Matias Mamani\Desktop\Proyecto Pino\ProyectoFabrica_PS\Backend\ProyectoFabricaPS\src\test\resources
2024-10-24 21:52:19,091 [Worker-191: Building] INFO  o.a.m.s.f.DefaultMavenResourcesFiltering - Copying 1 resource from src\main\resources to target\classes
2024-10-24 21:52:19,101 [Worker-191: Building] INFO  o.a.m.s.f.DefaultMavenResourcesFiltering - Copying 0 resource from src\main\resources to target\classes
2024-10-24 21:52:19,103 [Worker-191: Building] INFO  o.a.m.s.f.DefaultMavenResourcesFiltering - skip non existing resourceDirectory C:\Users\Matias Mamani\Desktop\Proyecto Pino\ProyectoFabrica_PS\Backend\ProyectoFabricaPS\src\test\resources
2024-10-24 21:56:15,426 [Worker-197: Building] INFO  o.a.m.s.f.DefaultMavenResourcesFiltering - Copying 1 resource from src\main\resources to target\classes
2024-10-24 21:56:15,437 [Worker-197: Building] INFO  o.a.m.s.f.DefaultMavenResourcesFiltering - Copying 0 resource from src\main\resources to target\classes
2024-10-24 21:56:15,441 [Worker-197: Building] INFO  o.a.m.s.f.DefaultMavenResourcesFiltering - skip non existing resourceDirectory C:\Users\Matias Mamani\Desktop\Proyecto Pino\ProyectoFabrica_PS\Backend\ProyectoFabricaPS\src\test\resources
2024-10-24 21:56:21,727 [Worker-201: Building] INFO  o.a.m.s.f.DefaultMavenResourcesFiltering - Copying 1 resource from src\main\resources to target\classes
2024-10-24 21:56:21,743 [Worker-201: Building] INFO  o.a.m.s.f.DefaultMavenResourcesFiltering - Copying 0 resource from src\main\resources to target\classes
2024-10-24 21:56:21,746 [Worker-201: Building] INFO  o.a.m.s.f.DefaultMavenResourcesFiltering - skip non existing resourceDirectory C:\Users\Matias Mamani\Desktop\Proyecto Pino\ProyectoFabrica_PS\Backend\ProyectoFabricaPS\src\test\resources
2024-10-24 21:56:43,877 [Worker-199: Building] INFO  o.a.m.s.f.DefaultMavenResourcesFiltering - Copying 1 resource from src\main\resources to target\classes
2024-10-24 21:56:43,889 [Worker-199: Building] INFO  o.a.m.s.f.DefaultMavenResourcesFiltering - Copying 0 resource from src\main\resources to target\classes
2024-10-24 21:56:43,892 [Worker-199: Building] INFO  o.a.m.s.f.DefaultMavenResourcesFiltering - skip non existing resourceDirectory C:\Users\Matias Mamani\Desktop\Proyecto Pino\ProyectoFabrica_PS\Backend\ProyectoFabricaPS\src\test\resources
2024-10-24 21:56:47,501 [Worker-197: Building] INFO  o.a.m.s.f.DefaultMavenResourcesFiltering - Copying 1 resource from src\main\resources to target\classes
2024-10-24 21:56:47,511 [Worker-197: Building] INFO  o.a.m.s.f.DefaultMavenResourcesFiltering - Copying 0 resource from src\main\resources to target\classes
2024-10-24 21:56:47,514 [Worker-197: Building] INFO  o.a.m.s.f.DefaultMavenResourcesFiltering - skip non existing resourceDirectory C:\Users\Matias Mamani\Desktop\Proyecto Pino\ProyectoFabrica_PS\Backend\ProyectoFabricaPS\src\test\resources
2024-10-24 21:57:11,355 [Worker-195: Building] INFO  o.a.m.s.f.DefaultMavenResourcesFiltering - Copying 1 resource from src\main\resources to target\classes
2024-10-24 21:57:11,364 [Worker-195: Building] INFO  o.a.m.s.f.DefaultMavenResourcesFiltering - Copying 0 resource from src\main\resources to target\classes
2024-10-24 21:57:11,367 [Worker-195: Building] INFO  o.a.m.s.f.DefaultMavenResourcesFiltering - skip non existing resourceDirectory C:\Users\Matias Mamani\Desktop\Proyecto Pino\ProyectoFabrica_PS\Backend\ProyectoFabricaPS\src\test\resources
2024-10-24 21:57:12,723 [Worker-197: Building] INFO  o.a.m.s.f.DefaultMavenResourcesFiltering - Copying 1 resource from src\main\resources to target\classes
2024-10-24 21:57:12,733 [Worker-197: Building] INFO  o.a.m.s.f.DefaultMavenResourcesFiltering - Copying 0 resource from src\main\resources to target\classes
2024-10-24 21:57:12,737 [Worker-197: Building] INFO  o.a.m.s.f.DefaultMavenResourcesFiltering - skip non existing resourceDirectory C:\Users\Matias Mamani\Desktop\Proyecto Pino\ProyectoFabrica_PS\Backend\ProyectoFabricaPS\src\test\resources
2024-10-24 22:02:38,781 [Worker-201: Building] INFO  o.a.m.s.f.DefaultMavenResourcesFiltering - Copying 1 resource from src\main\resources to target\classes
2024-10-24 22:02:38,791 [Worker-201: Building] INFO  o.a.m.s.f.DefaultMavenResourcesFiltering - Copying 0 resource from src\main\resources to target\classes
2024-10-24 22:02:38,794 [Worker-201: Building] INFO  o.a.m.s.f.DefaultMavenResourcesFiltering - skip non existing resourceDirectory C:\Users\Matias Mamani\Desktop\Proyecto Pino\ProyectoFabrica_PS\Backend\ProyectoFabricaPS\src\test\resources
2024-10-24 22:03:00,545 [Worker-204: Building] INFO  o.a.m.s.f.DefaultMavenResourcesFiltering - Copying 1 resource from src\main\resources to target\classes
2024-10-24 22:03:00,555 [Worker-204: Building] INFO  o.a.m.s.f.DefaultMavenResourcesFiltering - Copying 0 resource from src\main\resources to target\classes
2024-10-24 22:03:00,557 [Worker-204: Building] INFO  o.a.m.s.f.DefaultMavenResourcesFiltering - skip non existing resourceDirectory C:\Users\Matias Mamani\Desktop\Proyecto Pino\ProyectoFabrica_PS\Backend\ProyectoFabricaPS\src\test\resources
2024-10-24 22:03:14,057 [Worker-201: Building] INFO  o.a.m.s.f.DefaultMavenResourcesFiltering - Copying 1 resource from src\main\resources to target\classes
2024-10-24 22:03:14,066 [Worker-201: Building] INFO  o.a.m.s.f.DefaultMavenResourcesFiltering - Copying 0 resource from src\main\resources to target\classes
2024-10-24 22:03:14,069 [Worker-201: Building] INFO  o.a.m.s.f.DefaultMavenResourcesFiltering - skip non existing resourceDirectory C:\Users\Matias Mamani\Desktop\Proyecto Pino\ProyectoFabrica_PS\Backend\ProyectoFabricaPS\src\test\resources
2024-10-24 22:03:31,176 [Worker-197: Building] INFO  o.a.m.s.f.DefaultMavenResourcesFiltering - Copying 1 resource from src\main\resources to target\classes
2024-10-24 22:03:31,185 [Worker-197: Building] INFO  o.a.m.s.f.DefaultMavenResourcesFiltering - Copying 0 resource from src\main\resources to target\classes
2024-10-24 22:03:31,188 [Worker-197: Building] INFO  o.a.m.s.f.DefaultMavenResourcesFiltering - skip non existing resourceDirectory C:\Users\Matias Mamani\Desktop\Proyecto Pino\ProyectoFabrica_PS\Backend\ProyectoFabricaPS\src\test\resources
2024-10-24 22:03:45,448 [Worker-204: Building] INFO  o.a.m.s.f.DefaultMavenResourcesFiltering - Copying 1 resource from src\main\resources to target\classes
2024-10-24 22:03:45,460 [Worker-204: Building] INFO  o.a.m.s.f.DefaultMavenResourcesFiltering - Copying 0 resource from src\main\resources to target\classes
2024-10-24 22:03:45,464 [Worker-204: Building] INFO  o.a.m.s.f.DefaultMavenResourcesFiltering - skip non existing resourceDirectory C:\Users\Matias Mamani\Desktop\Proyecto Pino\ProyectoFabrica_PS\Backend\ProyectoFabricaPS\src\test\resources
2024-10-24 22:03:57,773 [Worker-203: Building] INFO  o.a.m.s.f.DefaultMavenResourcesFiltering - Copying 1 resource from src\main\resources to target\classes
2024-10-24 22:03:57,783 [Worker-203: Building] INFO  o.a.m.s.f.DefaultMavenResourcesFiltering - Copying 0 resource from src\main\resources to target\classes
2024-10-24 22:03:57,787 [Worker-203: Building] INFO  o.a.m.s.f.DefaultMavenResourcesFiltering - skip non existing resourceDirectory C:\Users\Matias Mamani\Desktop\Proyecto Pino\ProyectoFabrica_PS\Backend\ProyectoFabricaPS\src\test\resources
2024-10-24 22:04:10,824 [Worker-205: Building] INFO  o.a.m.s.f.DefaultMavenResourcesFiltering - Copying 1 resource from src\main\resources to target\classes
2024-10-24 22:04:10,835 [Worker-205: Building] INFO  o.a.m.s.f.DefaultMavenResourcesFiltering - Copying 0 resource from src\main\resources to target\classes
2024-10-24 22:04:10,840 [Worker-205: Building] INFO  o.a.m.s.f.DefaultMavenResourcesFiltering - skip non existing resourceDirectory C:\Users\Matias Mamani\Desktop\Proyecto Pino\ProyectoFabrica_PS\Backend\ProyectoFabricaPS\src\test\resources
2024-10-24 22:05:20,975 [Worker-204: Building] INFO  o.a.m.s.f.DefaultMavenResourcesFiltering - Copying 1 resource from src\main\resources to target\classes
2024-10-24 22:05:20,985 [Worker-204: Building] INFO  o.a.m.s.f.DefaultMavenResourcesFiltering - Copying 0 resource from src\main\resources to target\classes
2024-10-24 22:05:20,988 [Worker-204: Building] INFO  o.a.m.s.f.DefaultMavenResourcesFiltering - skip non existing resourceDirectory C:\Users\Matias Mamani\Desktop\Proyecto Pino\ProyectoFabrica_PS\Backend\ProyectoFabricaPS\src\test\resources
2024-10-24 22:05:38,583 [Worker-206: Building] INFO  o.a.m.s.f.DefaultMavenResourcesFiltering - Copying 1 resource from src\main\resources to target\classes
2024-10-24 22:05:38,592 [Worker-206: Building] INFO  o.a.m.s.f.DefaultMavenResourcesFiltering - Copying 0 resource from src\main\resources to target\classes
2024-10-24 22:05:38,595 [Worker-206: Building] INFO  o.a.m.s.f.DefaultMavenResourcesFiltering - skip non existing resourceDirectory C:\Users\Matias Mamani\Desktop\Proyecto Pino\ProyectoFabrica_PS\Backend\ProyectoFabricaPS\src\test\resources
2024-10-24 22:06:16,847 [Worker-201: Building] INFO  o.a.m.s.f.DefaultMavenResourcesFiltering - Copying 1 resource from src\main\resources to target\classes
2024-10-24 22:06:16,859 [Worker-201: Building] INFO  o.a.m.s.f.DefaultMavenResourcesFiltering - Copying 0 resource from src\main\resources to target\classes
2024-10-24 22:06:16,864 [Worker-201: Building] INFO  o.a.m.s.f.DefaultMavenResourcesFiltering - skip non existing resourceDirectory C:\Users\Matias Mamani\Desktop\Proyecto Pino\ProyectoFabrica_PS\Backend\ProyectoFabricaPS\src\test\resources
2024-10-24 22:06:33,556 [Worker-203: Building] INFO  o.a.m.s.f.DefaultMavenResourcesFiltering - Copying 1 resource from src\main\resources to target\classes
2024-10-24 22:06:33,565 [Worker-203: Building] INFO  o.a.m.s.f.DefaultMavenResourcesFiltering - Copying 0 resource from src\main\resources to target\classes
2024-10-24 22:06:33,567 [Worker-203: Building] INFO  o.a.m.s.f.DefaultMavenResourcesFiltering - skip non existing resourceDirectory C:\Users\Matias Mamani\Desktop\Proyecto Pino\ProyectoFabrica_PS\Backend\ProyectoFabricaPS\src\test\resources
2024-10-24 22:06:55,560 [Worker-201: Building] INFO  o.a.m.s.f.DefaultMavenResourcesFiltering - Copying 1 resource from src\main\resources to target\classes
2024-10-24 22:06:55,568 [Worker-201: Building] INFO  o.a.m.s.f.DefaultMavenResourcesFiltering - Copying 0 resource from src\main\resources to target\classes
2024-10-24 22:06:55,571 [Worker-201: Building] INFO  o.a.m.s.f.DefaultMavenResourcesFiltering - skip non existing resourceDirectory C:\Users\Matias Mamani\Desktop\Proyecto Pino\ProyectoFabrica_PS\Backend\ProyectoFabricaPS\src\test\resources
2024-10-24 22:07:10,550 [Worker-197: Building] INFO  o.a.m.s.f.DefaultMavenResourcesFiltering - Copying 1 resource from src\main\resources to target\classes
2024-10-24 22:07:10,559 [Worker-197: Building] INFO  o.a.m.s.f.DefaultMavenResourcesFiltering - Copying 0 resource from src\main\resources to target\classes
2024-10-24 22:07:10,562 [Worker-197: Building] INFO  o.a.m.s.f.DefaultMavenResourcesFiltering - skip non existing resourceDirectory C:\Users\Matias Mamani\Desktop\Proyecto Pino\ProyectoFabrica_PS\Backend\ProyectoFabricaPS\src\test\resources
2024-10-24 22:08:09,133 [Worker-205: Building] INFO  o.a.m.s.f.DefaultMavenResourcesFiltering - Copying 1 resource from src\main\resources to target\classes
2024-10-24 22:08:09,145 [Worker-205: Building] INFO  o.a.m.s.f.DefaultMavenResourcesFiltering - Copying 0 resource from src\main\resources to target\classes
2024-10-24 22:08:09,150 [Worker-205: Building] INFO  o.a.m.s.f.DefaultMavenResourcesFiltering - skip non existing resourceDirectory C:\Users\Matias Mamani\Desktop\Proyecto Pino\ProyectoFabrica_PS\Backend\ProyectoFabricaPS\src\test\resources
2024-10-24 22:08:23,783 [Worker-197: Building] INFO  o.a.m.s.f.DefaultMavenResourcesFiltering - Copying 1 resource from src\main\resources to target\classes
2024-10-24 22:08:23,797 [Worker-197: Building] INFO  o.a.m.s.f.DefaultMavenResourcesFiltering - Copying 0 resource from src\main\resources to target\classes
2024-10-24 22:08:23,801 [Worker-197: Building] INFO  o.a.m.s.f.DefaultMavenResourcesFiltering - skip non existing resourceDirectory C:\Users\Matias Mamani\Desktop\Proyecto Pino\ProyectoFabrica_PS\Backend\ProyectoFabricaPS\src\test\resources
2024-10-24 22:09:29,575 [Worker-206: Building] INFO  o.a.m.s.f.DefaultMavenResourcesFiltering - Copying 1 resource from src\main\resources to target\classes
2024-10-24 22:09:29,583 [Worker-206: Building] INFO  o.a.m.s.f.DefaultMavenResourcesFiltering - Copying 0 resource from src\main\resources to target\classes
2024-10-24 22:09:29,586 [Worker-206: Building] INFO  o.a.m.s.f.DefaultMavenResourcesFiltering - skip non existing resourceDirectory C:\Users\Matias Mamani\Desktop\Proyecto Pino\ProyectoFabrica_PS\Backend\ProyectoFabricaPS\src\test\resources
2024-10-24 22:35:49,785 [Worker-197: Building] INFO  o.a.m.s.f.DefaultMavenResourcesFiltering - Copying 1 resource from src\main\resources to target\classes
2024-10-24 22:35:49,805 [Worker-197: Building] INFO  o.a.m.s.f.DefaultMavenResourcesFiltering - Copying 0 resource from src\main\resources to target\classes
2024-10-24 22:35:49,810 [Worker-197: Building] INFO  o.a.m.s.f.DefaultMavenResourcesFiltering - skip non existing resourceDirectory C:\Users\Matias Mamani\Desktop\Proyecto Pino\ProyectoFabrica_PS\Backend\ProyectoFabricaPS\src\test\resources
2024-10-24 22:36:22,060 [Worker-209: Building] INFO  o.a.m.s.f.DefaultMavenResourcesFiltering - Copying 1 resource from src\main\resources to target\classes
2024-10-24 22:36:22,084 [Worker-209: Building] INFO  o.a.m.s.f.DefaultMavenResourcesFiltering - Copying 0 resource from src\main\resources to target\classes
2024-10-24 22:36:22,087 [Worker-209: Building] INFO  o.a.m.s.f.DefaultMavenResourcesFiltering - skip non existing resourceDirectory C:\Users\Matias Mamani\Desktop\Proyecto Pino\ProyectoFabrica_PS\Backend\ProyectoFabricaPS\src\test\resources
2024-10-24 22:36:23,790 [Worker-203: Building] INFO  o.a.m.s.f.DefaultMavenResourcesFiltering - Copying 1 resource from src\main\resources to target\classes
2024-10-24 22:36:23,809 [Worker-203: Building] INFO  o.a.m.s.f.DefaultMavenResourcesFiltering - Copying 0 resource from src\main\resources to target\classes
2024-10-24 22:36:23,811 [Worker-203: Building] INFO  o.a.m.s.f.DefaultMavenResourcesFiltering - skip non existing resourceDirectory C:\Users\Matias Mamani\Desktop\Proyecto Pino\ProyectoFabrica_PS\Backend\ProyectoFabricaPS\src\test\resources
2024-10-24 22:36:33,066 [Worker-207: Building] INFO  o.a.m.s.f.DefaultMavenResourcesFiltering - Copying 1 resource from src\main\resources to target\classes
2024-10-24 22:36:33,089 [Worker-207: Building] INFO  o.a.m.s.f.DefaultMavenResourcesFiltering - Copying 0 resource from src\main\resources to target\classes
2024-10-24 22:36:33,093 [Worker-207: Building] INFO  o.a.m.s.f.DefaultMavenResourcesFiltering - skip non existing resourceDirectory C:\Users\Matias Mamani\Desktop\Proyecto Pino\ProyectoFabrica_PS\Backend\ProyectoFabricaPS\src\test\resources
2024-10-24 22:36:36,226 [Worker-208: Building] INFO  o.a.m.s.f.DefaultMavenResourcesFiltering - Copying 1 resource from src\main\resources to target\classes
2024-10-24 22:36:36,241 [Worker-208: Building] INFO  o.a.m.s.f.DefaultMavenResourcesFiltering - Copying 0 resource from src\main\resources to target\classes
2024-10-24 22:36:36,243 [Worker-208: Building] INFO  o.a.m.s.f.DefaultMavenResourcesFiltering - skip non existing resourceDirectory C:\Users\Matias Mamani\Desktop\Proyecto Pino\ProyectoFabrica_PS\Backend\ProyectoFabricaPS\src\test\resources
2024-10-24 22:38:06,197 [Worker-211: Building] INFO  o.a.m.s.f.DefaultMavenResourcesFiltering - Copying 1 resource from src\main\resources to target\classes
2024-10-24 22:38:06,209 [Worker-211: Building] INFO  o.a.m.s.f.DefaultMavenResourcesFiltering - Copying 0 resource from src\main\resources to target\classes
2024-10-24 22:38:06,213 [Worker-211: Building] INFO  o.a.m.s.f.DefaultMavenResourcesFiltering - skip non existing resourceDirectory C:\Users\Matias Mamani\Desktop\Proyecto Pino\ProyectoFabrica_PS\Backend\ProyectoFabricaPS\src\test\resources
2024-10-24 22:40:57,702 [Worker-215: Building] INFO  o.a.m.s.f.DefaultMavenResourcesFiltering - Copying 1 resource from src\main\resources to target\classes
2024-10-24 22:40:57,714 [Worker-215: Building] INFO  o.a.m.s.f.DefaultMavenResourcesFiltering - Copying 0 resource from src\main\resources to target\classes
2024-10-24 22:40:57,717 [Worker-215: Building] INFO  o.a.m.s.f.DefaultMavenResourcesFiltering - skip non existing resourceDirectory C:\Users\Matias Mamani\Desktop\Proyecto Pino\ProyectoFabrica_PS\Backend\ProyectoFabricaPS\src\test\resources
2024-10-24 22:40:59,973 [Worker-213: Building] INFO  o.a.m.s.f.DefaultMavenResourcesFiltering - Copying 1 resource from src\main\resources to target\classes
2024-10-24 22:40:59,983 [Worker-213: Building] INFO  o.a.m.s.f.DefaultMavenResourcesFiltering - Copying 0 resource from src\main\resources to target\classes
2024-10-24 22:40:59,986 [Worker-213: Building] INFO  o.a.m.s.f.DefaultMavenResourcesFiltering - skip non existing resourceDirectory C:\Users\Matias Mamani\Desktop\Proyecto Pino\ProyectoFabrica_PS\Backend\ProyectoFabricaPS\src\test\resources
2024-10-24 22:41:13,570 [Worker-211: Building] INFO  o.a.m.s.f.DefaultMavenResourcesFiltering - Copying 1 resource from src\main\resources to target\classes
2024-10-24 22:41:13,579 [Worker-211: Building] INFO  o.a.m.s.f.DefaultMavenResourcesFiltering - Copying 0 resource from src\main\resources to target\classes
2024-10-24 22:41:13,582 [Worker-211: Building] INFO  o.a.m.s.f.DefaultMavenResourcesFiltering - skip non existing resourceDirectory C:\Users\Matias Mamani\Desktop\Proyecto Pino\ProyectoFabrica_PS\Backend\ProyectoFabricaPS\src\test\resources
2024-10-24 22:43:49,870 [Worker-217: Building] INFO  o.a.m.s.f.DefaultMavenResourcesFiltering - Copying 1 resource from src\main\resources to target\classes
2024-10-24 22:43:49,878 [Worker-217: Building] INFO  o.a.m.s.f.DefaultMavenResourcesFiltering - Copying 0 resource from src\main\resources to target\classes
2024-10-24 22:43:49,882 [Worker-217: Building] INFO  o.a.m.s.f.DefaultMavenResourcesFiltering - skip non existing resourceDirectory C:\Users\Matias Mamani\Desktop\Proyecto Pino\ProyectoFabrica_PS\Backend\ProyectoFabricaPS\src\test\resources
2024-10-24 22:43:53,967 [Worker-218: Building] INFO  o.a.m.s.f.DefaultMavenResourcesFiltering - Copying 1 resource from src\main\resources to target\classes
2024-10-24 22:43:53,977 [Worker-218: Building] INFO  o.a.m.s.f.DefaultMavenResourcesFiltering - Copying 0 resource from src\main\resources to target\classes
2024-10-24 22:43:53,980 [Worker-218: Building] INFO  o.a.m.s.f.DefaultMavenResourcesFiltering - skip non existing resourceDirectory C:\Users\Matias Mamani\Desktop\Proyecto Pino\ProyectoFabrica_PS\Backend\ProyectoFabricaPS\src\test\resources
2024-10-24 22:44:00,161 [Worker-215: Building] INFO  o.a.m.s.f.DefaultMavenResourcesFiltering - Copying 1 resource from src\main\resources to target\classes
2024-10-24 22:44:00,172 [Worker-215: Building] INFO  o.a.m.s.f.DefaultMavenResourcesFiltering - Copying 0 resource from src\main\resources to target\classes
2024-10-24 22:44:00,176 [Worker-215: Building] INFO  o.a.m.s.f.DefaultMavenResourcesFiltering - skip non existing resourceDirectory C:\Users\Matias Mamani\Desktop\Proyecto Pino\ProyectoFabrica_PS\Backend\ProyectoFabricaPS\src\test\resources
2024-10-24 22:44:44,544 [Worker-213: Building] INFO  o.a.m.s.f.DefaultMavenResourcesFiltering - Copying 1 resource from src\main\resources to target\classes
2024-10-24 22:44:44,627 [Worker-213: Building] INFO  o.a.m.s.f.DefaultMavenResourcesFiltering - Copying 0 resource from src\main\resources to target\classes
2024-10-24 22:44:44,632 [Worker-213: Building] INFO  o.a.m.s.f.DefaultMavenResourcesFiltering - skip non existing resourceDirectory C:\Users\Matias Mamani\Desktop\Proyecto Pino\ProyectoFabrica_PS\Backend\ProyectoFabricaPS\src\test\resources
2024-10-24 22:49:01,852 [Worker-220: Building] INFO  o.a.m.s.f.DefaultMavenResourcesFiltering - Copying 1 resource from src\main\resources to target\classes
2024-10-24 22:49:01,864 [Worker-220: Building] INFO  o.a.m.s.f.DefaultMavenResourcesFiltering - Copying 0 resource from src\main\resources to target\classes
2024-10-24 22:49:01,867 [Worker-220: Building] INFO  o.a.m.s.f.DefaultMavenResourcesFiltering - skip non existing resourceDirectory C:\Users\Matias Mamani\Desktop\Proyecto Pino\ProyectoFabrica_PS\Backend\ProyectoFabricaPS\src\test\resources
2024-10-24 22:49:16,525 [Worker-222: Building] INFO  o.a.m.s.f.DefaultMavenResourcesFiltering - Copying 1 resource from src\main\resources to target\classes
2024-10-24 22:49:16,538 [Worker-222: Building] INFO  o.a.m.s.f.DefaultMavenResourcesFiltering - Copying 0 resource from src\main\resources to target\classes
2024-10-24 22:49:16,542 [Worker-222: Building] INFO  o.a.m.s.f.DefaultMavenResourcesFiltering - skip non existing resourceDirectory C:\Users\Matias Mamani\Desktop\Proyecto Pino\ProyectoFabrica_PS\Backend\ProyectoFabricaPS\src\test\resources
2024-10-24 22:49:33,804 [Worker-223: Building] INFO  o.a.m.s.f.DefaultMavenResourcesFiltering - Copying 1 resource from src\main\resources to target\classes
2024-10-24 22:49:33,824 [Worker-223: Building] INFO  o.a.m.s.f.DefaultMavenResourcesFiltering - Copying 0 resource from src\main\resources to target\classes
2024-10-24 22:49:33,827 [Worker-223: Building] INFO  o.a.m.s.f.DefaultMavenResourcesFiltering - skip non existing resourceDirectory C:\Users\Matias Mamani\Desktop\Proyecto Pino\ProyectoFabrica_PS\Backend\ProyectoFabricaPS\src\test\resources
2024-10-24 22:49:36,900 [Worker-221: Building] INFO  o.a.m.s.f.DefaultMavenResourcesFiltering - Copying 1 resource from src\main\resources to target\classes
2024-10-24 22:49:36,908 [Worker-221: Building] INFO  o.a.m.s.f.DefaultMavenResourcesFiltering - Copying 0 resource from src\main\resources to target\classes
2024-10-24 22:49:36,911 [Worker-221: Building] INFO  o.a.m.s.f.DefaultMavenResourcesFiltering - skip non existing resourceDirectory C:\Users\Matias Mamani\Desktop\Proyecto Pino\ProyectoFabrica_PS\Backend\ProyectoFabricaPS\src\test\resources
2024-10-24 22:49:53,773 [Worker-220: Building] INFO  o.a.m.s.f.DefaultMavenResourcesFiltering - Copying 1 resource from src\main\resources to target\classes
2024-10-24 22:49:53,782 [Worker-220: Building] INFO  o.a.m.s.f.DefaultMavenResourcesFiltering - Copying 0 resource from src\main\resources to target\classes
2024-10-24 22:49:53,785 [Worker-220: Building] INFO  o.a.m.s.f.DefaultMavenResourcesFiltering - skip non existing resourceDirectory C:\Users\Matias Mamani\Desktop\Proyecto Pino\ProyectoFabrica_PS\Backend\ProyectoFabricaPS\src\test\resources
2024-10-24 22:50:03,141 [Worker-224: Building] INFO  o.a.m.s.f.DefaultMavenResourcesFiltering - Copying 1 resource from src\main\resources to target\classes
2024-10-24 22:50:03,158 [Worker-224: Building] INFO  o.a.m.s.f.DefaultMavenResourcesFiltering - Copying 0 resource from src\main\resources to target\classes
2024-10-24 22:50:03,161 [Worker-224: Building] INFO  o.a.m.s.f.DefaultMavenResourcesFiltering - skip non existing resourceDirectory C:\Users\Matias Mamani\Desktop\Proyecto Pino\ProyectoFabrica_PS\Backend\ProyectoFabricaPS\src\test\resources
2024-10-24 22:50:21,243 [Worker-220: Building] INFO  o.a.m.s.f.DefaultMavenResourcesFiltering - Copying 1 resource from src\main\resources to target\classes
2024-10-24 22:50:21,254 [Worker-220: Building] INFO  o.a.m.s.f.DefaultMavenResourcesFiltering - Copying 0 resource from src\main\resources to target\classes
2024-10-24 22:50:21,258 [Worker-220: Building] INFO  o.a.m.s.f.DefaultMavenResourcesFiltering - skip non existing resourceDirectory C:\Users\Matias Mamani\Desktop\Proyecto Pino\ProyectoFabrica_PS\Backend\ProyectoFabricaPS\src\test\resources
2024-10-24 22:50:37,736 [Worker-222: Building] INFO  o.a.m.s.f.DefaultMavenResourcesFiltering - Copying 1 resource from src\main\resources to target\classes
2024-10-24 22:50:37,746 [Worker-222: Building] INFO  o.a.m.s.f.DefaultMavenResourcesFiltering - Copying 0 resource from src\main\resources to target\classes
2024-10-24 22:50:37,748 [Worker-222: Building] INFO  o.a.m.s.f.DefaultMavenResourcesFiltering - skip non existing resourceDirectory C:\Users\Matias Mamani\Desktop\Proyecto Pino\ProyectoFabrica_PS\Backend\ProyectoFabricaPS\src\test\resources
2024-10-24 22:50:44,984 [Worker-220: Building] INFO  o.a.m.s.f.DefaultMavenResourcesFiltering - Copying 1 resource from src\main\resources to target\classes
2024-10-24 22:50:44,995 [Worker-220: Building] INFO  o.a.m.s.f.DefaultMavenResourcesFiltering - Copying 0 resource from src\main\resources to target\classes
2024-10-24 22:50:44,997 [Worker-220: Building] INFO  o.a.m.s.f.DefaultMavenResourcesFiltering - skip non existing resourceDirectory C:\Users\Matias Mamani\Desktop\Proyecto Pino\ProyectoFabrica_PS\Backend\ProyectoFabricaPS\src\test\resources
2024-10-24 22:50:47,302 [Worker-222: Building] INFO  o.a.m.s.f.DefaultMavenResourcesFiltering - Copying 1 resource from src\main\resources to target\classes
2024-10-24 22:50:47,311 [Worker-222: Building] INFO  o.a.m.s.f.DefaultMavenResourcesFiltering - Copying 0 resource from src\main\resources to target\classes
2024-10-24 22:50:47,314 [Worker-222: Building] INFO  o.a.m.s.f.DefaultMavenResourcesFiltering - skip non existing resourceDirectory C:\Users\Matias Mamani\Desktop\Proyecto Pino\ProyectoFabrica_PS\Backend\ProyectoFabricaPS\src\test\resources
2024-10-24 22:51:42,889 [Worker-221: Building] INFO  o.a.m.s.f.DefaultMavenResourcesFiltering - Copying 1 resource from src\main\resources to target\classes
2024-10-24 22:51:42,899 [Worker-221: Building] INFO  o.a.m.s.f.DefaultMavenResourcesFiltering - Copying 0 resource from src\main\resources to target\classes
2024-10-24 22:51:42,902 [Worker-221: Building] INFO  o.a.m.s.f.DefaultMavenResourcesFiltering - skip non existing resourceDirectory C:\Users\Matias Mamani\Desktop\Proyecto Pino\ProyectoFabrica_PS\Backend\ProyectoFabricaPS\src\test\resources
2024-10-24 22:51:54,337 [Worker-222: Building] INFO  o.a.m.s.f.DefaultMavenResourcesFiltering - Copying 1 resource from src\main\resources to target\classes
2024-10-24 22:51:54,347 [Worker-222: Building] INFO  o.a.m.s.f.DefaultMavenResourcesFiltering - Copying 0 resource from src\main\resources to target\classes
2024-10-24 22:51:54,350 [Worker-222: Building] INFO  o.a.m.s.f.DefaultMavenResourcesFiltering - skip non existing resourceDirectory C:\Users\Matias Mamani\Desktop\Proyecto Pino\ProyectoFabrica_PS\Backend\ProyectoFabricaPS\src\test\resources
2024-10-24 22:52:08,199 [Worker-224: Building] INFO  o.a.m.s.f.DefaultMavenResourcesFiltering - Copying 1 resource from src\main\resources to target\classes
2024-10-24 22:52:08,209 [Worker-224: Building] INFO  o.a.m.s.f.DefaultMavenResourcesFiltering - Copying 0 resource from src\main\resources to target\classes
2024-10-24 22:52:08,211 [Worker-224: Building] INFO  o.a.m.s.f.DefaultMavenResourcesFiltering - skip non existing resourceDirectory C:\Users\Matias Mamani\Desktop\Proyecto Pino\ProyectoFabrica_PS\Backend\ProyectoFabricaPS\src\test\resources
2024-10-24 22:52:36,468 [Worker-223: Building] INFO  o.a.m.s.f.DefaultMavenResourcesFiltering - Copying 1 resource from src\main\resources to target\classes
2024-10-24 22:52:36,477 [Worker-223: Building] INFO  o.a.m.s.f.DefaultMavenResourcesFiltering - Copying 0 resource from src\main\resources to target\classes
2024-10-24 22:52:36,479 [Worker-223: Building] INFO  o.a.m.s.f.DefaultMavenResourcesFiltering - skip non existing resourceDirectory C:\Users\Matias Mamani\Desktop\Proyecto Pino\ProyectoFabrica_PS\Backend\ProyectoFabricaPS\src\test\resources
2024-10-24 22:52:38,248 [Worker-221: Building] INFO  o.a.m.s.f.DefaultMavenResourcesFiltering - Copying 1 resource from src\main\resources to target\classes
2024-10-24 22:52:38,261 [Worker-221: Building] INFO  o.a.m.s.f.DefaultMavenResourcesFiltering - Copying 0 resource from src\main\resources to target\classes
2024-10-24 22:52:38,265 [Worker-221: Building] INFO  o.a.m.s.f.DefaultMavenResourcesFiltering - skip non existing resourceDirectory C:\Users\Matias Mamani\Desktop\Proyecto Pino\ProyectoFabrica_PS\Backend\ProyectoFabricaPS\src\test\resources
2024-10-24 22:52:50,395 [Worker-220: Building] INFO  o.a.m.s.f.DefaultMavenResourcesFiltering - Copying 1 resource from src\main\resources to target\classes
2024-10-24 22:52:50,405 [Worker-220: Building] INFO  o.a.m.s.f.DefaultMavenResourcesFiltering - Copying 0 resource from src\main\resources to target\classes
2024-10-24 22:52:50,408 [Worker-220: Building] INFO  o.a.m.s.f.DefaultMavenResourcesFiltering - skip non existing resourceDirectory C:\Users\Matias Mamani\Desktop\Proyecto Pino\ProyectoFabrica_PS\Backend\ProyectoFabricaPS\src\test\resources
2024-10-24 22:53:04,362 [Worker-224: Building] INFO  o.a.m.s.f.DefaultMavenResourcesFiltering - Copying 1 resource from src\main\resources to target\classes
2024-10-24 22:53:04,371 [Worker-224: Building] INFO  o.a.m.s.f.DefaultMavenResourcesFiltering - Copying 0 resource from src\main\resources to target\classes
2024-10-24 22:53:04,374 [Worker-224: Building] INFO  o.a.m.s.f.DefaultMavenResourcesFiltering - skip non existing resourceDirectory C:\Users\Matias Mamani\Desktop\Proyecto Pino\ProyectoFabrica_PS\Backend\ProyectoFabricaPS\src\test\resources
2024-10-24 22:53:44,861 [Worker-223: Building] INFO  o.a.m.s.f.DefaultMavenResourcesFiltering - Copying 1 resource from src\main\resources to target\classes
2024-10-24 22:53:44,870 [Worker-223: Building] INFO  o.a.m.s.f.DefaultMavenResourcesFiltering - Copying 0 resource from src\main\resources to target\classes
2024-10-24 22:53:44,873 [Worker-223: Building] INFO  o.a.m.s.f.DefaultMavenResourcesFiltering - skip non existing resourceDirectory C:\Users\Matias Mamani\Desktop\Proyecto Pino\ProyectoFabrica_PS\Backend\ProyectoFabricaPS\src\test\resources
2024-10-24 22:54:00,360 [Worker-215: Building] INFO  o.a.m.s.f.DefaultMavenResourcesFiltering - Copying 1 resource from src\main\resources to target\classes
2024-10-24 22:54:00,372 [Worker-215: Building] INFO  o.a.m.s.f.DefaultMavenResourcesFiltering - Copying 0 resource from src\main\resources to target\classes
2024-10-24 22:54:00,375 [Worker-215: Building] INFO  o.a.m.s.f.DefaultMavenResourcesFiltering - skip non existing resourceDirectory C:\Users\Matias Mamani\Desktop\Proyecto Pino\ProyectoFabrica_PS\Backend\ProyectoFabricaPS\src\test\resources
2024-10-24 22:54:05,789 [Worker-223: Building] INFO  o.a.m.s.f.DefaultMavenResourcesFiltering - Copying 1 resource from src\main\resources to target\classes
2024-10-24 22:54:05,801 [Worker-223: Building] INFO  o.a.m.s.f.DefaultMavenResourcesFiltering - Copying 0 resource from src\main\resources to target\classes
2024-10-24 22:54:05,804 [Worker-223: Building] INFO  o.a.m.s.f.DefaultMavenResourcesFiltering - skip non existing resourceDirectory C:\Users\Matias Mamani\Desktop\Proyecto Pino\ProyectoFabrica_PS\Backend\ProyectoFabricaPS\src\test\resources
2024-10-24 22:54:49,402 [Worker-222: Building] INFO  o.a.m.s.f.DefaultMavenResourcesFiltering - Copying 1 resource from src\main\resources to target\classes
2024-10-24 22:54:49,410 [Worker-222: Building] INFO  o.a.m.s.f.DefaultMavenResourcesFiltering - Copying 0 resource from src\main\resources to target\classes
2024-10-24 22:54:49,412 [Worker-222: Building] INFO  o.a.m.s.f.DefaultMavenResourcesFiltering - skip non existing resourceDirectory C:\Users\Matias Mamani\Desktop\Proyecto Pino\ProyectoFabrica_PS\Backend\ProyectoFabricaPS\src\test\resources
2024-10-24 22:54:54,106 [Worker-221: Building] INFO  o.a.m.s.f.DefaultMavenResourcesFiltering - Copying 1 resource from src\main\resources to target\classes
2024-10-24 22:54:54,116 [Worker-221: Building] INFO  o.a.m.s.f.DefaultMavenResourcesFiltering - Copying 0 resource from src\main\resources to target\classes
2024-10-24 22:54:54,119 [Worker-221: Building] INFO  o.a.m.s.f.DefaultMavenResourcesFiltering - skip non existing resourceDirectory C:\Users\Matias Mamani\Desktop\Proyecto Pino\ProyectoFabrica_PS\Backend\ProyectoFabricaPS\src\test\resources
2024-10-24 22:55:21,431 [Worker-222: Building] INFO  o.a.m.s.f.DefaultMavenResourcesFiltering - Copying 1 resource from src\main\resources to target\classes
2024-10-24 22:55:21,440 [Worker-222: Building] INFO  o.a.m.s.f.DefaultMavenResourcesFiltering - Copying 0 resource from src\main\resources to target\classes
2024-10-24 22:55:21,442 [Worker-222: Building] INFO  o.a.m.s.f.DefaultMavenResourcesFiltering - skip non existing resourceDirectory C:\Users\Matias Mamani\Desktop\Proyecto Pino\ProyectoFabrica_PS\Backend\ProyectoFabricaPS\src\test\resources
2024-10-24 22:55:39,291 [Worker-223: Building] INFO  o.a.m.s.f.DefaultMavenResourcesFiltering - Copying 1 resource from src\main\resources to target\classes
2024-10-24 22:55:39,312 [Worker-223: Building] INFO  o.a.m.s.f.DefaultMavenResourcesFiltering - Copying 0 resource from src\main\resources to target\classes
2024-10-24 22:55:39,316 [Worker-223: Building] INFO  o.a.m.s.f.DefaultMavenResourcesFiltering - skip non existing resourceDirectory C:\Users\Matias Mamani\Desktop\Proyecto Pino\ProyectoFabrica_PS\Backend\ProyectoFabricaPS\src\test\resources
2024-10-24 22:56:09,654 [Worker-220: Building] INFO  o.a.m.s.f.DefaultMavenResourcesFiltering - Copying 1 resource from src\main\resources to target\classes
2024-10-24 22:56:09,663 [Worker-220: Building] INFO  o.a.m.s.f.DefaultMavenResourcesFiltering - Copying 0 resource from src\main\resources to target\classes
2024-10-24 22:56:09,666 [Worker-220: Building] INFO  o.a.m.s.f.DefaultMavenResourcesFiltering - skip non existing resourceDirectory C:\Users\Matias Mamani\Desktop\Proyecto Pino\ProyectoFabrica_PS\Backend\ProyectoFabricaPS\src\test\resources
2024-10-24 22:56:10,756 [Worker-225: Building] INFO  o.a.m.s.f.DefaultMavenResourcesFiltering - Copying 1 resource from src\main\resources to target\classes
2024-10-24 22:56:10,765 [Worker-225: Building] INFO  o.a.m.s.f.DefaultMavenResourcesFiltering - Copying 0 resource from src\main\resources to target\classes
2024-10-24 22:56:10,768 [Worker-225: Building] INFO  o.a.m.s.f.DefaultMavenResourcesFiltering - skip non existing resourceDirectory C:\Users\Matias Mamani\Desktop\Proyecto Pino\ProyectoFabrica_PS\Backend\ProyectoFabricaPS\src\test\resources
2024-10-24 22:56:28,048 [Worker-222: Building] INFO  o.a.m.s.f.DefaultMavenResourcesFiltering - Copying 1 resource from src\main\resources to target\classes
2024-10-24 22:56:28,060 [Worker-222: Building] INFO  o.a.m.s.f.DefaultMavenResourcesFiltering - Copying 0 resource from src\main\resources to target\classes
2024-10-24 22:56:28,063 [Worker-222: Building] INFO  o.a.m.s.f.DefaultMavenResourcesFiltering - skip non existing resourceDirectory C:\Users\Matias Mamani\Desktop\Proyecto Pino\ProyectoFabrica_PS\Backend\ProyectoFabricaPS\src\test\resources
2024-10-24 23:08:53,877 [Worker-225: Building] INFO  o.a.m.s.f.DefaultMavenResourcesFiltering - Copying 1 resource from src\main\resources to target\classes
2024-10-24 23:08:53,897 [Worker-225: Building] INFO  o.a.m.s.f.DefaultMavenResourcesFiltering - Copying 0 resource from src\main\resources to target\classes
2024-10-24 23:08:53,900 [Worker-225: Building] INFO  o.a.m.s.f.DefaultMavenResourcesFiltering - skip non existing resourceDirectory C:\Users\Matias Mamani\Desktop\Proyecto Pino\ProyectoFabrica_PS\Backend\ProyectoFabricaPS\src\test\resources
2024-10-24 23:09:04,869 [Worker-215: Building] INFO  o.a.m.s.f.DefaultMavenResourcesFiltering - Copying 1 resource from src\main\resources to target\classes
2024-10-24 23:09:04,885 [Worker-215: Building] INFO  o.a.m.s.f.DefaultMavenResourcesFiltering - Copying 0 resource from src\main\resources to target\classes
2024-10-24 23:09:04,887 [Worker-215: Building] INFO  o.a.m.s.f.DefaultMavenResourcesFiltering - skip non existing resourceDirectory C:\Users\Matias Mamani\Desktop\Proyecto Pino\ProyectoFabrica_PS\Backend\ProyectoFabricaPS\src\test\resources
2024-10-24 23:12:52,442 [Worker-230: Building] INFO  o.a.m.s.f.DefaultMavenResourcesFiltering - Copying 1 resource from src\main\resources to target\classes
2024-10-24 23:12:52,465 [Worker-230: Building] INFO  o.a.m.s.f.DefaultMavenResourcesFiltering - Copying 0 resource from src\main\resources to target\classes
2024-10-24 23:12:52,469 [Worker-230: Building] INFO  o.a.m.s.f.DefaultMavenResourcesFiltering - skip non existing resourceDirectory C:\Users\Matias Mamani\Desktop\Proyecto Pino\ProyectoFabrica_PS\Backend\ProyectoFabricaPS\src\test\resources
2024-10-24 23:12:54,925 [Worker-230: Building] INFO  o.a.m.s.f.DefaultMavenResourcesFiltering - Copying 1 resource from src\main\resources to target\classes
2024-10-24 23:12:54,942 [Worker-230: Building] INFO  o.a.m.s.f.DefaultMavenResourcesFiltering - Copying 0 resource from src\main\resources to target\classes
2024-10-24 23:12:54,945 [Worker-230: Building] INFO  o.a.m.s.f.DefaultMavenResourcesFiltering - skip non existing resourceDirectory C:\Users\Matias Mamani\Desktop\Proyecto Pino\ProyectoFabrica_PS\Backend\ProyectoFabricaPS\src\test\resources
2024-10-24 23:13:03,578 [Worker-231: Building] INFO  o.a.m.s.f.DefaultMavenResourcesFiltering - Copying 1 resource from src\main\resources to target\classes
2024-10-24 23:13:03,589 [Worker-231: Building] INFO  o.a.m.s.f.DefaultMavenResourcesFiltering - Copying 0 resource from src\main\resources to target\classes
2024-10-24 23:13:03,592 [Worker-231: Building] INFO  o.a.m.s.f.DefaultMavenResourcesFiltering - skip non existing resourceDirectory C:\Users\Matias Mamani\Desktop\Proyecto Pino\ProyectoFabrica_PS\Backend\ProyectoFabricaPS\src\test\resources
2024-10-24 23:14:33,268 [Worker-228: Building] INFO  o.a.m.s.f.DefaultMavenResourcesFiltering - Copying 1 resource from src\main\resources to target\classes
2024-10-24 23:14:33,280 [Worker-228: Building] INFO  o.a.m.s.f.DefaultMavenResourcesFiltering - Copying 0 resource from src\main\resources to target\classes
2024-10-24 23:14:33,283 [Worker-228: Building] INFO  o.a.m.s.f.DefaultMavenResourcesFiltering - skip non existing resourceDirectory C:\Users\Matias Mamani\Desktop\Proyecto Pino\ProyectoFabrica_PS\Backend\ProyectoFabricaPS\src\test\resources
2024-10-24 23:19:30,338 [Worker-230: Building] INFO  o.a.m.s.f.DefaultMavenResourcesFiltering - Copying 1 resource from src\main\resources to target\classes
2024-10-24 23:19:30,351 [Worker-230: Building] INFO  o.a.m.s.f.DefaultMavenResourcesFiltering - Copying 0 resource from src\main\resources to target\classes
2024-10-24 23:19:30,354 [Worker-230: Building] INFO  o.a.m.s.f.DefaultMavenResourcesFiltering - skip non existing resourceDirectory C:\Users\Matias Mamani\Desktop\Proyecto Pino\ProyectoFabrica_PS\Backend\ProyectoFabricaPS\src\test\resources
2024-10-24 23:19:31,809 [Worker-234: Building] INFO  o.a.m.s.f.DefaultMavenResourcesFiltering - Copying 1 resource from src\main\resources to target\classes
2024-10-24 23:19:31,819 [Worker-234: Building] INFO  o.a.m.s.f.DefaultMavenResourcesFiltering - Copying 0 resource from src\main\resources to target\classes
2024-10-24 23:19:31,822 [Worker-234: Building] INFO  o.a.m.s.f.DefaultMavenResourcesFiltering - skip non existing resourceDirectory C:\Users\Matias Mamani\Desktop\Proyecto Pino\ProyectoFabrica_PS\Backend\ProyectoFabricaPS\src\test\resources
2024-10-24 23:19:40,881 [Worker-233: Building] INFO  o.a.m.s.f.DefaultMavenResourcesFiltering - Copying 1 resource from src\main\resources to target\classes
2024-10-24 23:19:40,891 [Worker-233: Building] INFO  o.a.m.s.f.DefaultMavenResourcesFiltering - Copying 0 resource from src\main\resources to target\classes
2024-10-24 23:19:40,894 [Worker-233: Building] INFO  o.a.m.s.f.DefaultMavenResourcesFiltering - skip non existing resourceDirectory C:\Users\Matias Mamani\Desktop\Proyecto Pino\ProyectoFabrica_PS\Backend\ProyectoFabricaPS\src\test\resources
2024-10-24 23:19:50,714 [Worker-230: Building] INFO  o.a.m.s.f.DefaultMavenResourcesFiltering - Copying 1 resource from src\main\resources to target\classes
2024-10-24 23:19:50,724 [Worker-230: Building] INFO  o.a.m.s.f.DefaultMavenResourcesFiltering - Copying 0 resource from src\main\resources to target\classes
2024-10-24 23:19:50,726 [Worker-230: Building] INFO  o.a.m.s.f.DefaultMavenResourcesFiltering - skip non existing resourceDirectory C:\Users\Matias Mamani\Desktop\Proyecto Pino\ProyectoFabrica_PS\Backend\ProyectoFabricaPS\src\test\resources
2024-10-24 23:21:12,634 [Worker-235: Building] INFO  o.a.m.s.f.DefaultMavenResourcesFiltering - Copying 1 resource from src\main\resources to target\classes
2024-10-24 23:21:12,644 [Worker-235: Building] INFO  o.a.m.s.f.DefaultMavenResourcesFiltering - Copying 0 resource from src\main\resources to target\classes
2024-10-24 23:21:12,646 [Worker-235: Building] INFO  o.a.m.s.f.DefaultMavenResourcesFiltering - skip non existing resourceDirectory C:\Users\Matias Mamani\Desktop\Proyecto Pino\ProyectoFabrica_PS\Backend\ProyectoFabricaPS\src\test\resources
2024-10-24 23:21:37,728 [Worker-236: Building] INFO  o.a.m.s.f.DefaultMavenResourcesFiltering - Copying 1 resource from src\main\resources to target\classes
2024-10-24 23:21:37,738 [Worker-236: Building] INFO  o.a.m.s.f.DefaultMavenResourcesFiltering - Copying 0 resource from src\main\resources to target\classes
2024-10-24 23:21:37,740 [Worker-236: Building] INFO  o.a.m.s.f.DefaultMavenResourcesFiltering - skip non existing resourceDirectory C:\Users\Matias Mamani\Desktop\Proyecto Pino\ProyectoFabrica_PS\Backend\ProyectoFabricaPS\src\test\resources
2024-10-24 23:21:39,813 [Worker-236: Building] INFO  o.a.m.s.f.DefaultMavenResourcesFiltering - Copying 1 resource from src\main\resources to target\classes
2024-10-24 23:21:39,823 [Worker-236: Building] INFO  o.a.m.s.f.DefaultMavenResourcesFiltering - Copying 0 resource from src\main\resources to target\classes
2024-10-24 23:21:39,825 [Worker-236: Building] INFO  o.a.m.s.f.DefaultMavenResourcesFiltering - skip non existing resourceDirectory C:\Users\Matias Mamani\Desktop\Proyecto Pino\ProyectoFabrica_PS\Backend\ProyectoFabricaPS\src\test\resources
2024-10-24 23:21:43,637 [Worker-235: Building] INFO  o.a.m.s.f.DefaultMavenResourcesFiltering - Copying 1 resource from src\main\resources to target\classes
2024-10-24 23:21:43,650 [Worker-235: Building] INFO  o.a.m.s.f.DefaultMavenResourcesFiltering - Copying 0 resource from src\main\resources to target\classes
2024-10-24 23:21:43,653 [Worker-235: Building] INFO  o.a.m.s.f.DefaultMavenResourcesFiltering - skip non existing resourceDirectory C:\Users\Matias Mamani\Desktop\Proyecto Pino\ProyectoFabrica_PS\Backend\ProyectoFabricaPS\src\test\resources
2024-10-24 23:21:52,670 [Worker-230: Building] INFO  o.a.m.s.f.DefaultMavenResourcesFiltering - Copying 1 resource from src\main\resources to target\classes
2024-10-24 23:21:52,681 [Worker-230: Building] INFO  o.a.m.s.f.DefaultMavenResourcesFiltering - Copying 0 resource from src\main\resources to target\classes
2024-10-24 23:21:52,685 [Worker-230: Building] INFO  o.a.m.s.f.DefaultMavenResourcesFiltering - skip non existing resourceDirectory C:\Users\Matias Mamani\Desktop\Proyecto Pino\ProyectoFabrica_PS\Backend\ProyectoFabricaPS\src\test\resources
2024-10-24 23:22:01,793 [Worker-233: Building] INFO  o.a.m.s.f.DefaultMavenResourcesFiltering - Copying 1 resource from src\main\resources to target\classes
2024-10-24 23:22:01,805 [Worker-233: Building] INFO  o.a.m.s.f.DefaultMavenResourcesFiltering - Copying 0 resource from src\main\resources to target\classes
2024-10-24 23:22:01,808 [Worker-233: Building] INFO  o.a.m.s.f.DefaultMavenResourcesFiltering - skip non existing resourceDirectory C:\Users\Matias Mamani\Desktop\Proyecto Pino\ProyectoFabrica_PS\Backend\ProyectoFabricaPS\src\test\resources
2024-10-24 23:22:15,009 [Worker-230: Building] INFO  o.a.m.s.f.DefaultMavenResourcesFiltering - Copying 1 resource from src\main\resources to target\classes
2024-10-24 23:22:15,020 [Worker-230: Building] INFO  o.a.m.s.f.DefaultMavenResourcesFiltering - Copying 0 resource from src\main\resources to target\classes
2024-10-24 23:22:15,022 [Worker-230: Building] INFO  o.a.m.s.f.DefaultMavenResourcesFiltering - skip non existing resourceDirectory C:\Users\Matias Mamani\Desktop\Proyecto Pino\ProyectoFabrica_PS\Backend\ProyectoFabricaPS\src\test\resources
2024-10-24 23:22:56,409 [Worker-234: Building] INFO  o.a.m.s.f.DefaultMavenResourcesFiltering - Copying 1 resource from src\main\resources to target\classes
2024-10-24 23:22:56,421 [Worker-234: Building] INFO  o.a.m.s.f.DefaultMavenResourcesFiltering - Copying 0 resource from src\main\resources to target\classes
2024-10-24 23:22:56,424 [Worker-234: Building] INFO  o.a.m.s.f.DefaultMavenResourcesFiltering - skip non existing resourceDirectory C:\Users\Matias Mamani\Desktop\Proyecto Pino\ProyectoFabrica_PS\Backend\ProyectoFabricaPS\src\test\resources
2024-10-24 23:23:25,462 [Worker-235: Building] INFO  o.a.m.s.f.DefaultMavenResourcesFiltering - Copying 1 resource from src\main\resources to target\classes
2024-10-24 23:23:25,473 [Worker-235: Building] INFO  o.a.m.s.f.DefaultMavenResourcesFiltering - Copying 0 resource from src\main\resources to target\classes
2024-10-24 23:23:25,475 [Worker-235: Building] INFO  o.a.m.s.f.DefaultMavenResourcesFiltering - skip non existing resourceDirectory C:\Users\Matias Mamani\Desktop\Proyecto Pino\ProyectoFabrica_PS\Backend\ProyectoFabricaPS\src\test\resources
2024-10-24 23:23:27,329 [Worker-235: Building] INFO  o.a.m.s.f.DefaultMavenResourcesFiltering - Copying 1 resource from src\main\resources to target\classes
2024-10-24 23:23:27,340 [Worker-235: Building] INFO  o.a.m.s.f.DefaultMavenResourcesFiltering - Copying 0 resource from src\main\resources to target\classes
2024-10-24 23:23:27,344 [Worker-235: Building] INFO  o.a.m.s.f.DefaultMavenResourcesFiltering - skip non existing resourceDirectory C:\Users\Matias Mamani\Desktop\Proyecto Pino\ProyectoFabrica_PS\Backend\ProyectoFabricaPS\src\test\resources
2024-10-24 23:29:19,130 [Worker-237: Building] INFO  o.a.m.s.f.DefaultMavenResourcesFiltering - Copying 1 resource from src\main\resources to target\classes
2024-10-24 23:29:19,142 [Worker-237: Building] INFO  o.a.m.s.f.DefaultMavenResourcesFiltering - Copying 0 resource from src\main\resources to target\classes
2024-10-24 23:29:19,146 [Worker-237: Building] INFO  o.a.m.s.f.DefaultMavenResourcesFiltering - skip non existing resourceDirectory C:\Users\Matias Mamani\Desktop\Proyecto Pino\ProyectoFabrica_PS\Backend\ProyectoFabricaPS\src\test\resources
2024-10-24 23:32:00,375 [Worker-233: Building] INFO  o.a.m.s.f.DefaultMavenResourcesFiltering - Copying 1 resource from src\main\resources to target\classes
2024-10-24 23:32:00,386 [Worker-233: Building] INFO  o.a.m.s.f.DefaultMavenResourcesFiltering - Copying 0 resource from src\main\resources to target\classes
2024-10-24 23:32:00,388 [Worker-233: Building] INFO  o.a.m.s.f.DefaultMavenResourcesFiltering - skip non existing resourceDirectory C:\Users\Matias Mamani\Desktop\Proyecto Pino\ProyectoFabrica_PS\Backend\ProyectoFabricaPS\src\test\resources
2024-10-24 23:32:20,042 [Worker-241: Building] INFO  o.a.m.s.f.DefaultMavenResourcesFiltering - Copying 1 resource from src\main\resources to target\classes
2024-10-24 23:32:20,053 [Worker-241: Building] INFO  o.a.m.s.f.DefaultMavenResourcesFiltering - Copying 0 resource from src\main\resources to target\classes
2024-10-24 23:32:20,056 [Worker-241: Building] INFO  o.a.m.s.f.DefaultMavenResourcesFiltering - skip non existing resourceDirectory C:\Users\Matias Mamani\Desktop\Proyecto Pino\ProyectoFabrica_PS\Backend\ProyectoFabricaPS\src\test\resources
2024-10-24 23:32:21,898 [Worker-233: Building] INFO  o.a.m.s.f.DefaultMavenResourcesFiltering - Copying 1 resource from src\main\resources to target\classes
2024-10-24 23:32:21,907 [Worker-233: Building] INFO  o.a.m.s.f.DefaultMavenResourcesFiltering - Copying 0 resource from src\main\resources to target\classes
2024-10-24 23:32:21,909 [Worker-233: Building] INFO  o.a.m.s.f.DefaultMavenResourcesFiltering - skip non existing resourceDirectory C:\Users\Matias Mamani\Desktop\Proyecto Pino\ProyectoFabrica_PS\Backend\ProyectoFabricaPS\src\test\resources
2024-10-24 23:33:58,364 [Worker-241: Building] INFO  o.a.m.s.f.DefaultMavenResourcesFiltering - Copying 1 resource from src\main\resources to target\classes
2024-10-24 23:33:58,375 [Worker-241: Building] INFO  o.a.m.s.f.DefaultMavenResourcesFiltering - Copying 0 resource from src\main\resources to target\classes
2024-10-24 23:33:58,378 [Worker-241: Building] INFO  o.a.m.s.f.DefaultMavenResourcesFiltering - skip non existing resourceDirectory C:\Users\Matias Mamani\Desktop\Proyecto Pino\ProyectoFabrica_PS\Backend\ProyectoFabricaPS\src\test\resources
2024-10-24 23:34:02,576 [Worker-242: Building] INFO  o.a.m.s.f.DefaultMavenResourcesFiltering - Copying 1 resource from src\main\resources to target\classes
2024-10-24 23:34:02,586 [Worker-242: Building] INFO  o.a.m.s.f.DefaultMavenResourcesFiltering - Copying 0 resource from src\main\resources to target\classes
2024-10-24 23:34:02,588 [Worker-242: Building] INFO  o.a.m.s.f.DefaultMavenResourcesFiltering - skip non existing resourceDirectory C:\Users\Matias Mamani\Desktop\Proyecto Pino\ProyectoFabrica_PS\Backend\ProyectoFabricaPS\src\test\resources
2024-10-24 23:34:20,111 [Worker-243: Building] INFO  o.a.m.s.f.DefaultMavenResourcesFiltering - Copying 1 resource from src\main\resources to target\classes
2024-10-24 23:34:20,120 [Worker-243: Building] INFO  o.a.m.s.f.DefaultMavenResourcesFiltering - Copying 0 resource from src\main\resources to target\classes
2024-10-24 23:34:20,123 [Worker-243: Building] INFO  o.a.m.s.f.DefaultMavenResourcesFiltering - skip non existing resourceDirectory C:\Users\Matias Mamani\Desktop\Proyecto Pino\ProyectoFabrica_PS\Backend\ProyectoFabricaPS\src\test\resources
2024-10-24 23:34:44,131 [Worker-233: Building] INFO  o.a.m.s.f.DefaultMavenResourcesFiltering - Copying 1 resource from src\main\resources to target\classes
2024-10-24 23:34:44,141 [Worker-233: Building] INFO  o.a.m.s.f.DefaultMavenResourcesFiltering - Copying 0 resource from src\main\resources to target\classes
2024-10-24 23:34:44,145 [Worker-233: Building] INFO  o.a.m.s.f.DefaultMavenResourcesFiltering - skip non existing resourceDirectory C:\Users\Matias Mamani\Desktop\Proyecto Pino\ProyectoFabrica_PS\Backend\ProyectoFabricaPS\src\test\resources
2024-10-24 23:35:07,224 [Worker-240: Building] INFO  o.a.m.s.f.DefaultMavenResourcesFiltering - Copying 1 resource from src\main\resources to target\classes
2024-10-24 23:35:07,233 [Worker-240: Building] INFO  o.a.m.s.f.DefaultMavenResourcesFiltering - Copying 0 resource from src\main\resources to target\classes
2024-10-24 23:35:07,236 [Worker-240: Building] INFO  o.a.m.s.f.DefaultMavenResourcesFiltering - skip non existing resourceDirectory C:\Users\Matias Mamani\Desktop\Proyecto Pino\ProyectoFabrica_PS\Backend\ProyectoFabricaPS\src\test\resources
2024-10-24 23:35:37,331 [Worker-241: Building] INFO  o.a.m.s.f.DefaultMavenResourcesFiltering - Copying 1 resource from src\main\resources to target\classes
2024-10-24 23:35:37,340 [Worker-241: Building] INFO  o.a.m.s.f.DefaultMavenResourcesFiltering - Copying 0 resource from src\main\resources to target\classes
2024-10-24 23:35:37,342 [Worker-241: Building] INFO  o.a.m.s.f.DefaultMavenResourcesFiltering - skip non existing resourceDirectory C:\Users\Matias Mamani\Desktop\Proyecto Pino\ProyectoFabrica_PS\Backend\ProyectoFabricaPS\src\test\resources
2024-10-24 23:35:54,368 [Worker-240: Building] INFO  o.a.m.s.f.DefaultMavenResourcesFiltering - Copying 1 resource from src\main\resources to target\classes
2024-10-24 23:35:54,384 [Worker-240: Building] INFO  o.a.m.s.f.DefaultMavenResourcesFiltering - Copying 0 resource from src\main\resources to target\classes
2024-10-24 23:35:54,388 [Worker-240: Building] INFO  o.a.m.s.f.DefaultMavenResourcesFiltering - skip non existing resourceDirectory C:\Users\Matias Mamani\Desktop\Proyecto Pino\ProyectoFabrica_PS\Backend\ProyectoFabricaPS\src\test\resources
2024-10-24 23:36:09,795 [Worker-242: Building] INFO  o.a.m.s.f.DefaultMavenResourcesFiltering - Copying 1 resource from src\main\resources to target\classes
2024-10-24 23:36:09,804 [Worker-242: Building] INFO  o.a.m.s.f.DefaultMavenResourcesFiltering - Copying 0 resource from src\main\resources to target\classes
2024-10-24 23:36:09,806 [Worker-242: Building] INFO  o.a.m.s.f.DefaultMavenResourcesFiltering - skip non existing resourceDirectory C:\Users\Matias Mamani\Desktop\Proyecto Pino\ProyectoFabrica_PS\Backend\ProyectoFabricaPS\src\test\resources
2024-10-24 23:50:05,379 [Worker-233: Building] INFO  o.a.m.s.f.DefaultMavenResourcesFiltering - Copying 1 resource from src\main\resources to target\classes
2024-10-24 23:50:05,399 [Worker-233: Building] INFO  o.a.m.s.f.DefaultMavenResourcesFiltering - Copying 0 resource from src\main\resources to target\classes
2024-10-24 23:50:05,405 [Worker-233: Building] INFO  o.a.m.s.f.DefaultMavenResourcesFiltering - skip non existing resourceDirectory C:\Users\Matias Mamani\Desktop\Proyecto Pino\ProyectoFabrica_PS\Backend\ProyectoFabricaPS\src\test\resources
2024-10-24 23:51:16,239 [Worker-247: Building] INFO  o.a.m.s.f.DefaultMavenResourcesFiltering - Copying 1 resource from src\main\resources to target\classes
2024-10-24 23:51:16,259 [Worker-247: Building] INFO  o.a.m.s.f.DefaultMavenResourcesFiltering - Copying 0 resource from src\main\resources to target\classes
2024-10-24 23:51:16,267 [Worker-247: Building] INFO  o.a.m.s.f.DefaultMavenResourcesFiltering - skip non existing resourceDirectory C:\Users\Matias Mamani\Desktop\Proyecto Pino\ProyectoFabrica_PS\Backend\ProyectoFabricaPS\src\test\resources
2024-10-24 23:53:14,397 [Worker-243: Building] INFO  o.a.m.s.f.DefaultMavenResourcesFiltering - Copying 1 resource from src\main\resources to target\classes
2024-10-24 23:53:14,415 [Worker-243: Building] INFO  o.a.m.s.f.DefaultMavenResourcesFiltering - Copying 0 resource from src\main\resources to target\classes
2024-10-24 23:53:14,421 [Worker-243: Building] INFO  o.a.m.s.f.DefaultMavenResourcesFiltering - skip non existing resourceDirectory C:\Users\Matias Mamani\Desktop\Proyecto Pino\ProyectoFabrica_PS\Backend\ProyectoFabricaPS\src\test\resources
2024-10-24 23:54:35,312 [Worker-233: Building] INFO  o.a.m.s.f.DefaultMavenResourcesFiltering - Copying 1 resource from src\main\resources to target\classes
2024-10-24 23:54:35,329 [Worker-233: Building] INFO  o.a.m.s.f.DefaultMavenResourcesFiltering - Copying 0 resource from src\main\resources to target\classes
2024-10-24 23:54:35,335 [Worker-233: Building] INFO  o.a.m.s.f.DefaultMavenResourcesFiltering - skip non existing resourceDirectory C:\Users\Matias Mamani\Desktop\Proyecto Pino\ProyectoFabrica_PS\Backend\ProyectoFabricaPS\src\test\resources
2024-10-24 23:57:21,869 [Worker-233: Building] INFO  o.a.m.s.f.DefaultMavenResourcesFiltering - Copying 1 resource from src\main\resources to target\classes
2024-10-24 23:57:21,882 [Worker-233: Building] INFO  o.a.m.s.f.DefaultMavenResourcesFiltering - Copying 0 resource from src\main\resources to target\classes
2024-10-24 23:57:21,887 [Worker-233: Building] INFO  o.a.m.s.f.DefaultMavenResourcesFiltering - skip non existing resourceDirectory C:\Users\Matias Mamani\Desktop\Proyecto Pino\ProyectoFabrica_PS\Backend\ProyectoFabricaPS\src\test\resources
2024-10-29 15:49:31,519 [Worker-1: Loading available Gradle versions] INFO  o.e.b.c.i.u.g.PublishedGradleVersions - Gradle version information cache is out-of-date. Trying to update.
2024-10-29 17:40:38,442 [Worker-19: Building] INFO  o.a.m.s.f.DefaultMavenResourcesFiltering - Copying 1 resource from src\main\resources to target\classes
2024-10-29 17:40:38,552 [Worker-19: Building] INFO  o.a.m.s.f.DefaultMavenResourcesFiltering - Copying 0 resource from src\main\resources to target\classes
2024-10-29 17:40:38,569 [Worker-19: Building] INFO  o.a.m.s.f.DefaultMavenResourcesFiltering - skip non existing resourceDirectory C:\Users\Matias Mamani\Desktop\Proyecto Pino\ProyectoFabrica_PS\Backend\ProyectoFabricaPS\src\test\resources
2024-10-29 17:40:43,687 [Worker-16: Building] INFO  o.a.m.s.f.DefaultMavenResourcesFiltering - Copying 1 resource from src\main\resources to target\classes
2024-10-29 17:40:43,715 [Worker-16: Building] INFO  o.a.m.s.f.DefaultMavenResourcesFiltering - Copying 0 resource from src\main\resources to target\classes
2024-10-29 17:40:43,730 [Worker-16: Building] INFO  o.a.m.s.f.DefaultMavenResourcesFiltering - skip non existing resourceDirectory C:\Users\Matias Mamani\Desktop\Proyecto Pino\ProyectoFabrica_PS\Backend\ProyectoFabricaPS\src\test\resources
2024-10-29 17:40:56,382 [Worker-7: Building] INFO  o.a.m.s.f.DefaultMavenResourcesFiltering - Copying 1 resource from src\main\resources to target\classes
2024-10-29 17:40:56,399 [Worker-7: Building] INFO  o.a.m.s.f.DefaultMavenResourcesFiltering - Copying 0 resource from src\main\resources to target\classes
2024-10-29 17:40:56,410 [Worker-7: Building] INFO  o.a.m.s.f.DefaultMavenResourcesFiltering - skip non existing resourceDirectory C:\Users\Matias Mamani\Desktop\Proyecto Pino\ProyectoFabrica_PS\Backend\ProyectoFabricaPS\src\test\resources
2024-10-29 17:40:57,872 [Worker-18: Building] INFO  o.a.m.s.f.DefaultMavenResourcesFiltering - Copying 1 resource from src\main\resources to target\classes
2024-10-29 17:40:57,897 [Worker-18: Building] INFO  o.a.m.s.f.DefaultMavenResourcesFiltering - Copying 0 resource from src\main\resources to target\classes
2024-10-29 17:40:57,911 [Worker-18: Building] INFO  o.a.m.s.f.DefaultMavenResourcesFiltering - skip non existing resourceDirectory C:\Users\Matias Mamani\Desktop\Proyecto Pino\ProyectoFabrica_PS\Backend\ProyectoFabricaPS\src\test\resources
2024-10-29 17:41:01,034 [Worker-19: Building] INFO  o.a.m.s.f.DefaultMavenResourcesFiltering - Copying 1 resource from src\main\resources to target\classes
2024-10-29 17:41:01,050 [Worker-19: Building] INFO  o.a.m.s.f.DefaultMavenResourcesFiltering - Copying 0 resource from src\main\resources to target\classes
2024-10-29 17:41:01,060 [Worker-19: Building] INFO  o.a.m.s.f.DefaultMavenResourcesFiltering - skip non existing resourceDirectory C:\Users\Matias Mamani\Desktop\Proyecto Pino\ProyectoFabrica_PS\Backend\ProyectoFabricaPS\src\test\resources
2024-10-29 17:41:16,119 [Worker-12: Building] INFO  o.a.m.s.f.DefaultMavenResourcesFiltering - Copying 1 resource from src\main\resources to target\classes
2024-10-29 17:41:16,134 [Worker-12: Building] INFO  o.a.m.s.f.DefaultMavenResourcesFiltering - Copying 0 resource from src\main\resources to target\classes
2024-10-29 17:41:16,145 [Worker-12: Building] INFO  o.a.m.s.f.DefaultMavenResourcesFiltering - skip non existing resourceDirectory C:\Users\Matias Mamani\Desktop\Proyecto Pino\ProyectoFabrica_PS\Backend\ProyectoFabricaPS\src\test\resources
2024-10-29 17:41:18,856 [Worker-16: Building] INFO  o.a.m.s.f.DefaultMavenResourcesFiltering - Copying 1 resource from src\main\resources to target\classes
2024-10-29 17:41:18,871 [Worker-16: Building] INFO  o.a.m.s.f.DefaultMavenResourcesFiltering - Copying 0 resource from src\main\resources to target\classes
2024-10-29 17:41:18,880 [Worker-16: Building] INFO  o.a.m.s.f.DefaultMavenResourcesFiltering - skip non existing resourceDirectory C:\Users\Matias Mamani\Desktop\Proyecto Pino\ProyectoFabrica_PS\Backend\ProyectoFabricaPS\src\test\resources
2024-10-29 17:42:40,622 [Worker-12: Building] INFO  o.a.m.s.f.DefaultMavenResourcesFiltering - Copying 1 resource from src\main\resources to target\classes
2024-10-29 17:42:40,642 [Worker-12: Building] INFO  o.a.m.s.f.DefaultMavenResourcesFiltering - Copying 0 resource from src\main\resources to target\classes
2024-10-29 17:42:40,658 [Worker-12: Building] INFO  o.a.m.s.f.DefaultMavenResourcesFiltering - skip non existing resourceDirectory C:\Users\Matias Mamani\Desktop\Proyecto Pino\ProyectoFabrica_PS\Backend\ProyectoFabricaPS\src\test\resources
2024-10-29 17:42:41,866 [Worker-16: Building] INFO  o.a.m.s.f.DefaultMavenResourcesFiltering - Copying 1 resource from src\main\resources to target\classes
2024-10-29 17:42:41,880 [Worker-16: Building] INFO  o.a.m.s.f.DefaultMavenResourcesFiltering - Copying 0 resource from src\main\resources to target\classes
2024-10-29 17:42:41,887 [Worker-16: Building] INFO  o.a.m.s.f.DefaultMavenResourcesFiltering - skip non existing resourceDirectory C:\Users\Matias Mamani\Desktop\Proyecto Pino\ProyectoFabrica_PS\Backend\ProyectoFabricaPS\src\test\resources
2024-10-29 17:43:14,472 [Worker-18: Building] INFO  o.a.m.s.f.DefaultMavenResourcesFiltering - Copying 1 resource from src\main\resources to target\classes
2024-10-29 17:43:14,520 [Worker-18: Building] INFO  o.a.m.s.f.DefaultMavenResourcesFiltering - Copying 0 resource from src\main\resources to target\classes
2024-10-29 17:43:14,536 [Worker-18: Building] INFO  o.a.m.s.f.DefaultMavenResourcesFiltering - skip non existing resourceDirectory C:\Users\Matias Mamani\Desktop\Proyecto Pino\ProyectoFabrica_PS\Backend\ProyectoFabricaPS\src\test\resources
2024-10-29 17:43:48,084 [Worker-18: Building] INFO  o.a.m.s.f.DefaultMavenResourcesFiltering - Copying 1 resource from src\main\resources to target\classes
2024-10-29 17:43:48,104 [Worker-18: Building] INFO  o.a.m.s.f.DefaultMavenResourcesFiltering - Copying 0 resource from src\main\resources to target\classes
2024-10-29 17:43:48,117 [Worker-18: Building] INFO  o.a.m.s.f.DefaultMavenResourcesFiltering - skip non existing resourceDirectory C:\Users\Matias Mamani\Desktop\Proyecto Pino\ProyectoFabrica_PS\Backend\ProyectoFabricaPS\src\test\resources
2024-10-29 17:44:16,011 [Worker-19: Building] INFO  o.a.m.s.f.DefaultMavenResourcesFiltering - Copying 1 resource from src\main\resources to target\classes
2024-10-29 17:44:16,026 [Worker-19: Building] INFO  o.a.m.s.f.DefaultMavenResourcesFiltering - Copying 0 resource from src\main\resources to target\classes
2024-10-29 17:44:16,032 [Worker-19: Building] INFO  o.a.m.s.f.DefaultMavenResourcesFiltering - skip non existing resourceDirectory C:\Users\Matias Mamani\Desktop\Proyecto Pino\ProyectoFabrica_PS\Backend\ProyectoFabricaPS\src\test\resources
2024-10-29 17:44:22,800 [Worker-19: Building] INFO  o.a.m.s.f.DefaultMavenResourcesFiltering - Copying 1 resource from src\main\resources to target\classes
2024-10-29 17:44:22,840 [Worker-19: Building] INFO  o.a.m.s.f.DefaultMavenResourcesFiltering - Copying 0 resource from src\main\resources to target\classes
2024-10-29 17:44:22,847 [Worker-19: Building] INFO  o.a.m.s.f.DefaultMavenResourcesFiltering - skip non existing resourceDirectory C:\Users\Matias Mamani\Desktop\Proyecto Pino\ProyectoFabrica_PS\Backend\ProyectoFabricaPS\src\test\resources
2024-10-29 17:44:49,415 [Worker-19: Building] INFO  o.a.m.s.f.DefaultMavenResourcesFiltering - Copying 1 resource from src\main\resources to target\classes
2024-10-29 17:44:49,433 [Worker-19: Building] INFO  o.a.m.s.f.DefaultMavenResourcesFiltering - Copying 0 resource from src\main\resources to target\classes
2024-10-29 17:44:49,446 [Worker-19: Building] INFO  o.a.m.s.f.DefaultMavenResourcesFiltering - skip non existing resourceDirectory C:\Users\Matias Mamani\Desktop\Proyecto Pino\ProyectoFabrica_PS\Backend\ProyectoFabricaPS\src\test\resources
2024-10-29 17:46:19,385 [Worker-16: Building] INFO  o.a.m.s.f.DefaultMavenResourcesFiltering - Copying 1 resource from src\main\resources to target\classes
2024-10-29 17:46:19,405 [Worker-16: Building] INFO  o.a.m.s.f.DefaultMavenResourcesFiltering - Copying 0 resource from src\main\resources to target\classes
2024-10-29 17:46:19,418 [Worker-16: Building] INFO  o.a.m.s.f.DefaultMavenResourcesFiltering - skip non existing resourceDirectory C:\Users\Matias Mamani\Desktop\Proyecto Pino\ProyectoFabrica_PS\Backend\ProyectoFabricaPS\src\test\resources
2024-10-29 17:46:44,350 [Worker-16: Building] INFO  o.a.m.s.f.DefaultMavenResourcesFiltering - Copying 1 resource from src\main\resources to target\classes
2024-10-29 17:46:44,365 [Worker-16: Building] INFO  o.a.m.s.f.DefaultMavenResourcesFiltering - Copying 0 resource from src\main\resources to target\classes
2024-10-29 17:46:44,375 [Worker-16: Building] INFO  o.a.m.s.f.DefaultMavenResourcesFiltering - skip non existing resourceDirectory C:\Users\Matias Mamani\Desktop\Proyecto Pino\ProyectoFabrica_PS\Backend\ProyectoFabricaPS\src\test\resources
2024-10-29 17:47:09,043 [Worker-18: Building] INFO  o.a.m.s.f.DefaultMavenResourcesFiltering - Copying 1 resource from src\main\resources to target\classes
2024-10-29 17:47:09,067 [Worker-18: Building] INFO  o.a.m.s.f.DefaultMavenResourcesFiltering - Copying 0 resource from src\main\resources to target\classes
2024-10-29 17:47:09,078 [Worker-18: Building] INFO  o.a.m.s.f.DefaultMavenResourcesFiltering - skip non existing resourceDirectory C:\Users\Matias Mamani\Desktop\Proyecto Pino\ProyectoFabrica_PS\Backend\ProyectoFabricaPS\src\test\resources
2024-10-29 17:47:23,167 [Worker-16: Building] INFO  o.a.m.s.f.DefaultMavenResourcesFiltering - Copying 1 resource from src\main\resources to target\classes
2024-10-29 17:47:23,183 [Worker-16: Building] INFO  o.a.m.s.f.DefaultMavenResourcesFiltering - Copying 0 resource from src\main\resources to target\classes
2024-10-29 17:47:23,192 [Worker-16: Building] INFO  o.a.m.s.f.DefaultMavenResourcesFiltering - skip non existing resourceDirectory C:\Users\Matias Mamani\Desktop\Proyecto Pino\ProyectoFabrica_PS\Backend\ProyectoFabricaPS\src\test\resources
2024-10-29 17:48:09,941 [Worker-12: Building] INFO  o.a.m.s.f.DefaultMavenResourcesFiltering - Copying 1 resource from src\main\resources to target\classes
2024-10-29 17:48:09,964 [Worker-12: Building] INFO  o.a.m.s.f.DefaultMavenResourcesFiltering - Copying 0 resource from src\main\resources to target\classes
2024-10-29 17:48:09,977 [Worker-12: Building] INFO  o.a.m.s.f.DefaultMavenResourcesFiltering - skip non existing resourceDirectory C:\Users\Matias Mamani\Desktop\Proyecto Pino\ProyectoFabrica_PS\Backend\ProyectoFabricaPS\src\test\resources
2024-10-29 22:34:59,045 [Worker-35: Building] INFO  o.a.m.s.f.DefaultMavenResourcesFiltering - Copying 1 resource from src\main\resources to target\classes
2024-10-29 22:34:59,170 [Worker-35: Building] INFO  o.a.m.s.f.DefaultMavenResourcesFiltering - Copying 0 resource from src\main\resources to target\classes
2024-10-29 22:34:59,183 [Worker-35: Building] INFO  o.a.m.s.f.DefaultMavenResourcesFiltering - skip non existing resourceDirectory C:\Users\Matias Mamani\Desktop\Proyecto Pino\ProyectoFabrica_PS\Backend\ProyectoFabricaPS\src\test\resources
2024-10-29 22:36:47,576 [Worker-29: Building] INFO  o.a.m.s.f.DefaultMavenResourcesFiltering - Copying 1 resource from src\main\resources to target\classes
2024-10-29 22:36:47,644 [Worker-29: Building] INFO  o.a.m.s.f.DefaultMavenResourcesFiltering - Copying 0 resource from src\main\resources to target\classes
2024-10-29 22:36:47,650 [Worker-29: Building] INFO  o.a.m.s.f.DefaultMavenResourcesFiltering - skip non existing resourceDirectory C:\Users\Matias Mamani\Desktop\Proyecto Pino\ProyectoFabrica_PS\Backend\ProyectoFabricaPS\src\test\resources
2024-10-29 22:36:54,773 [Worker-29: Building] INFO  o.a.m.s.f.DefaultMavenResourcesFiltering - Copying 1 resource from src\main\resources to target\classes
2024-10-29 22:36:54,786 [Worker-29: Building] INFO  o.a.m.s.f.DefaultMavenResourcesFiltering - Copying 0 resource from src\main\resources to target\classes
2024-10-29 22:36:54,793 [Worker-29: Building] INFO  o.a.m.s.f.DefaultMavenResourcesFiltering - skip non existing resourceDirectory C:\Users\Matias Mamani\Desktop\Proyecto Pino\ProyectoFabrica_PS\Backend\ProyectoFabricaPS\src\test\resources
2024-10-29 22:37:28,525 [Worker-36: Building] INFO  o.a.m.s.f.DefaultMavenResourcesFiltering - Copying 1 resource from src\main\resources to target\classes
2024-10-29 22:37:28,537 [Worker-36: Building] INFO  o.a.m.s.f.DefaultMavenResourcesFiltering - Copying 0 resource from src\main\resources to target\classes
2024-10-29 22:37:28,543 [Worker-36: Building] INFO  o.a.m.s.f.DefaultMavenResourcesFiltering - skip non existing resourceDirectory C:\Users\Matias Mamani\Desktop\Proyecto Pino\ProyectoFabrica_PS\Backend\ProyectoFabricaPS\src\test\resources
2024-10-29 22:41:57,316 [Worker-41: Building] INFO  o.a.m.s.f.DefaultMavenResourcesFiltering - Copying 1 resource from src\main\resources to target\classes
2024-10-29 22:41:57,336 [Worker-41: Building] INFO  o.a.m.s.f.DefaultMavenResourcesFiltering - Copying 0 resource from src\main\resources to target\classes
2024-10-29 22:41:57,345 [Worker-41: Building] INFO  o.a.m.s.f.DefaultMavenResourcesFiltering - skip non existing resourceDirectory C:\Users\Matias Mamani\Desktop\Proyecto Pino\ProyectoFabrica_PS\Backend\ProyectoFabricaPS\src\test\resources
2024-10-29 22:42:00,741 [Worker-46: Building] INFO  o.a.m.s.f.DefaultMavenResourcesFiltering - Copying 1 resource from src\main\resources to target\classes
2024-10-29 22:42:00,760 [Worker-46: Building] INFO  o.a.m.s.f.DefaultMavenResourcesFiltering - Copying 0 resource from src\main\resources to target\classes
2024-10-29 22:42:00,770 [Worker-46: Building] INFO  o.a.m.s.f.DefaultMavenResourcesFiltering - skip non existing resourceDirectory C:\Users\Matias Mamani\Desktop\Proyecto Pino\ProyectoFabrica_PS\Backend\ProyectoFabricaPS\src\test\resources
2024-10-29 22:42:03,910 [Worker-43: Building] INFO  o.a.m.s.f.DefaultMavenResourcesFiltering - Copying 1 resource from src\main\resources to target\classes
2024-10-29 22:42:03,925 [Worker-43: Building] INFO  o.a.m.s.f.DefaultMavenResourcesFiltering - Copying 0 resource from src\main\resources to target\classes
2024-10-29 22:42:03,932 [Worker-43: Building] INFO  o.a.m.s.f.DefaultMavenResourcesFiltering - skip non existing resourceDirectory C:\Users\Matias Mamani\Desktop\Proyecto Pino\ProyectoFabrica_PS\Backend\ProyectoFabricaPS\src\test\resources
2024-10-29 22:42:09,678 [Worker-45: Building] INFO  o.a.m.s.f.DefaultMavenResourcesFiltering - Copying 1 resource from src\main\resources to target\classes
2024-10-29 22:42:09,692 [Worker-45: Building] INFO  o.a.m.s.f.DefaultMavenResourcesFiltering - Copying 0 resource from src\main\resources to target\classes
2024-10-29 22:42:09,702 [Worker-45: Building] INFO  o.a.m.s.f.DefaultMavenResourcesFiltering - skip non existing resourceDirectory C:\Users\Matias Mamani\Desktop\Proyecto Pino\ProyectoFabrica_PS\Backend\ProyectoFabricaPS\src\test\resources
2024-10-29 22:42:22,216 [Worker-41: Building] INFO  o.a.m.s.f.DefaultMavenResourcesFiltering - Copying 1 resource from src\main\resources to target\classes
2024-10-29 22:42:22,228 [Worker-41: Building] INFO  o.a.m.s.f.DefaultMavenResourcesFiltering - Copying 0 resource from src\main\resources to target\classes
2024-10-29 22:42:22,235 [Worker-41: Building] INFO  o.a.m.s.f.DefaultMavenResourcesFiltering - skip non existing resourceDirectory C:\Users\Matias Mamani\Desktop\Proyecto Pino\ProyectoFabrica_PS\Backend\ProyectoFabricaPS\src\test\resources
2024-10-29 22:42:24,783 [Worker-45: Building] INFO  o.a.m.s.f.DefaultMavenResourcesFiltering - Copying 1 resource from src\main\resources to target\classes
2024-10-29 22:42:24,795 [Worker-45: Building] INFO  o.a.m.s.f.DefaultMavenResourcesFiltering - Copying 0 resource from src\main\resources to target\classes
2024-10-29 22:42:24,800 [Worker-45: Building] INFO  o.a.m.s.f.DefaultMavenResourcesFiltering - skip non existing resourceDirectory C:\Users\Matias Mamani\Desktop\Proyecto Pino\ProyectoFabrica_PS\Backend\ProyectoFabricaPS\src\test\resources
2024-10-29 22:43:02,268 [Worker-46: Building] INFO  o.a.m.s.f.DefaultMavenResourcesFiltering - Copying 1 resource from src\main\resources to target\classes
2024-10-29 22:43:02,284 [Worker-46: Building] INFO  o.a.m.s.f.DefaultMavenResourcesFiltering - Copying 0 resource from src\main\resources to target\classes
2024-10-29 22:43:02,294 [Worker-46: Building] INFO  o.a.m.s.f.DefaultMavenResourcesFiltering - skip non existing resourceDirectory C:\Users\Matias Mamani\Desktop\Proyecto Pino\ProyectoFabrica_PS\Backend\ProyectoFabricaPS\src\test\resources
2024-10-29 22:43:03,990 [Worker-45: Building] INFO  o.a.m.s.f.DefaultMavenResourcesFiltering - Copying 1 resource from src\main\resources to target\classes
2024-10-29 22:43:04,008 [Worker-45: Building] INFO  o.a.m.s.f.DefaultMavenResourcesFiltering - Copying 0 resource from src\main\resources to target\classes
2024-10-29 22:43:04,019 [Worker-45: Building] INFO  o.a.m.s.f.DefaultMavenResourcesFiltering - skip non existing resourceDirectory C:\Users\Matias Mamani\Desktop\Proyecto Pino\ProyectoFabrica_PS\Backend\ProyectoFabricaPS\src\test\resources
2024-10-29 22:43:06,300 [Worker-45: Building] INFO  o.a.m.s.f.DefaultMavenResourcesFiltering - Copying 1 resource from src\main\resources to target\classes
2024-10-29 22:43:06,315 [Worker-45: Building] INFO  o.a.m.s.f.DefaultMavenResourcesFiltering - Copying 0 resource from src\main\resources to target\classes
2024-10-29 22:43:06,323 [Worker-45: Building] INFO  o.a.m.s.f.DefaultMavenResourcesFiltering - skip non existing resourceDirectory C:\Users\Matias Mamani\Desktop\Proyecto Pino\ProyectoFabrica_PS\Backend\ProyectoFabricaPS\src\test\resources
2024-10-29 22:51:47,898 [Worker-44: Building] INFO  o.a.m.s.f.DefaultMavenResourcesFiltering - Copying 1 resource from src\main\resources to target\classes
2024-10-29 22:51:47,916 [Worker-44: Building] INFO  o.a.m.s.f.DefaultMavenResourcesFiltering - Copying 0 resource from src\main\resources to target\classes
2024-10-29 22:51:47,924 [Worker-44: Building] INFO  o.a.m.s.f.DefaultMavenResourcesFiltering - skip non existing resourceDirectory C:\Users\Matias Mamani\Desktop\Proyecto Pino\ProyectoFabrica_PS\Backend\ProyectoFabricaPS\src\test\resources
2024-10-29 22:51:49,709 [Worker-49: Building] INFO  o.a.m.s.f.DefaultMavenResourcesFiltering - Copying 1 resource from src\main\resources to target\classes
2024-10-29 22:51:49,722 [Worker-49: Building] INFO  o.a.m.s.f.DefaultMavenResourcesFiltering - Copying 0 resource from src\main\resources to target\classes
2024-10-29 22:51:49,727 [Worker-49: Building] INFO  o.a.m.s.f.DefaultMavenResourcesFiltering - skip non existing resourceDirectory C:\Users\Matias Mamani\Desktop\Proyecto Pino\ProyectoFabrica_PS\Backend\ProyectoFabricaPS\src\test\resources
2024-10-29 22:52:32,367 [Worker-44: Building] INFO  o.a.m.s.f.DefaultMavenResourcesFiltering - Copying 1 resource from src\main\resources to target\classes
2024-10-29 22:52:32,448 [Worker-44: Building] INFO  o.a.m.s.f.DefaultMavenResourcesFiltering - Copying 0 resource from src\main\resources to target\classes
2024-10-29 22:52:32,459 [Worker-44: Building] INFO  o.a.m.s.f.DefaultMavenResourcesFiltering - skip non existing resourceDirectory C:\Users\Matias Mamani\Desktop\Proyecto Pino\ProyectoFabrica_PS\Backend\ProyectoFabricaPS\src\test\resources
2024-10-29 22:52:54,195 [Worker-41: Building] INFO  o.a.m.s.f.DefaultMavenResourcesFiltering - Copying 1 resource from src\main\resources to target\classes
2024-10-29 22:52:54,210 [Worker-41: Building] INFO  o.a.m.s.f.DefaultMavenResourcesFiltering - Copying 0 resource from src\main\resources to target\classes
2024-10-29 22:52:54,217 [Worker-41: Building] INFO  o.a.m.s.f.DefaultMavenResourcesFiltering - skip non existing resourceDirectory C:\Users\Matias Mamani\Desktop\Proyecto Pino\ProyectoFabrica_PS\Backend\ProyectoFabricaPS\src\test\resources
2024-10-29 22:52:56,873 [Worker-48: Building] INFO  o.a.m.s.f.DefaultMavenResourcesFiltering - Copying 1 resource from src\main\resources to target\classes
2024-10-29 22:52:56,886 [Worker-48: Building] INFO  o.a.m.s.f.DefaultMavenResourcesFiltering - Copying 0 resource from src\main\resources to target\classes
2024-10-29 22:52:56,893 [Worker-48: Building] INFO  o.a.m.s.f.DefaultMavenResourcesFiltering - skip non existing resourceDirectory C:\Users\Matias Mamani\Desktop\Proyecto Pino\ProyectoFabrica_PS\Backend\ProyectoFabricaPS\src\test\resources
2024-10-29 22:53:51,000 [Worker-49: Building] INFO  o.a.m.s.f.DefaultMavenResourcesFiltering - Copying 1 resource from src\main\resources to target\classes
2024-10-29 22:53:51,020 [Worker-49: Building] INFO  o.a.m.s.f.DefaultMavenResourcesFiltering - Copying 0 resource from src\main\resources to target\classes
2024-10-29 22:53:51,030 [Worker-49: Building] INFO  o.a.m.s.f.DefaultMavenResourcesFiltering - skip non existing resourceDirectory C:\Users\Matias Mamani\Desktop\Proyecto Pino\ProyectoFabrica_PS\Backend\ProyectoFabricaPS\src\test\resources
2024-10-29 22:57:02,312 [Worker-53: Building] INFO  o.e.m.c.i.l.LifecycleMappingFactory - Using org.eclipse.m2e.jdt.JarLifecycleMapping lifecycle mapping for MavenProject: com.proyecto.fabrica.ps:ProyectoFabricaPS:0.0.1-SNAPSHOT @ C:\Users\Matias Mamani\Desktop\Proyecto Pino\ProyectoFabrica_PS\Backend\ProyectoFabricaPS\pom.xml.
2024-10-29 22:57:03,859 [Worker-53: Building] INFO  o.e.m.c.i.e.AbstractTransferListenerAdapter - Downloading https://repo.maven.apache.org/maven2/org/mapstruct/mapstruct/1.5.2.Final/mapstruct-1.5.2.Final.pom
2024-10-29 22:57:03,906 [Worker-53: Building] INFO  o.e.m.c.i.e.AbstractTransferListenerAdapter - Downloaded https://repo.maven.apache.org/maven2/org/mapstruct/mapstruct/1.5.2.Final/mapstruct-1.5.2.Final.pom
2024-10-29 22:57:03,950 [Worker-53: Building] INFO  o.e.m.c.i.e.AbstractTransferListenerAdapter - Downloading https://repo.maven.apache.org/maven2/org/mapstruct/mapstruct-parent/1.5.2.Final/mapstruct-parent-1.5.2.Final.pom
2024-10-29 22:57:03,993 [Worker-53: Building] INFO  o.e.m.c.i.e.AbstractTransferListenerAdapter - Downloaded https://repo.maven.apache.org/maven2/org/mapstruct/mapstruct-parent/1.5.2.Final/mapstruct-parent-1.5.2.Final.pom
2024-10-29 22:57:04,083 [Worker-53: Building] INFO  o.e.m.c.i.e.AbstractTransferListenerAdapter - Downloading https://repo.maven.apache.org/maven2/org/mapstruct/mapstruct-processor/1.5.2.Final/mapstruct-processor-1.5.2.Final.pom
2024-10-29 22:57:04,134 [Worker-53: Building] INFO  o.e.m.c.i.e.AbstractTransferListenerAdapter - Downloaded https://repo.maven.apache.org/maven2/org/mapstruct/mapstruct-processor/1.5.2.Final/mapstruct-processor-1.5.2.Final.pom
2024-10-29 22:57:04,512 [Worker-53: Building] INFO  o.e.m.c.i.e.AbstractTransferListenerAdapter - Downloading https://repo.maven.apache.org/maven2/org/mapstruct/mapstruct/1.5.2.Final/mapstruct-1.5.2.Final.jar
2024-10-29 22:57:05,788 [Worker-53: Building] INFO  o.e.m.c.i.e.AbstractTransferListenerAdapter - Downloaded https://repo.maven.apache.org/maven2/org/mapstruct/mapstruct/1.5.2.Final/mapstruct-1.5.2.Final.jar
2024-10-29 22:57:05,820 [BasicRepositoryConnector-repo.maven.apache.org-0-0] INFO  o.e.m.c.i.e.AbstractTransferListenerAdapter - Downloading https://repo.maven.apache.org/maven2/org/mapstruct/mapstruct-processor/1.5.2.Final/mapstruct-processor-1.5.2.Final.jar
2024-10-29 22:57:06,102 [BasicRepositoryConnector-repo.maven.apache.org-0-0] INFO  o.e.m.c.i.e.AbstractTransferListenerAdapter - Downloaded https://repo.maven.apache.org/maven2/org/mapstruct/mapstruct-processor/1.5.2.Final/mapstruct-processor-1.5.2.Final.jar
2024-10-29 22:57:07,137 [Worker-53: Building] INFO  o.a.m.s.f.DefaultMavenResourcesFiltering - Copying 0 resource from src\main\resources to target\classes
2024-10-29 22:57:07,138 [Worker-53: Building] INFO  o.a.m.s.f.DefaultMavenResourcesFiltering - Copying 0 resource from src\main\resources to target\classes
2024-10-29 22:57:07,146 [Worker-53: Building] INFO  o.a.m.s.f.DefaultMavenResourcesFiltering - skip non existing resourceDirectory C:\Users\Matias Mamani\Desktop\Proyecto Pino\ProyectoFabrica_PS\Backend\ProyectoFabricaPS\src\test\resources
2024-10-29 22:57:08,026 [Worker-52: Download sources and javadoc] INFO  o.e.m.c.i.e.AbstractTransferListenerAdapter - Downloading https://repo.maven.apache.org/maven2/org/mapstruct/mapstruct/1.5.2.Final/mapstruct-1.5.2.Final-sources.jar
2024-10-29 22:57:08,124 [Worker-52: Download sources and javadoc] INFO  o.e.m.c.i.e.AbstractTransferListenerAdapter - Downloaded https://repo.maven.apache.org/maven2/org/mapstruct/mapstruct/1.5.2.Final/mapstruct-1.5.2.Final-sources.jar
2024-10-29 22:57:08,135 [Worker-52: Download sources and javadoc] INFO  o.e.m.j.internal.DownloadSourcesJob - Downloaded sources for org.mapstruct:mapstruct:1.5.2.Final
2024-10-29 22:57:08,231 [Worker-52: Download sources and javadoc] INFO  o.e.m.c.i.e.AbstractTransferListenerAdapter - Downloading https://repo.maven.apache.org/maven2/org/mapstruct/mapstruct-processor/1.5.2.Final/mapstruct-processor-1.5.2.Final-sources.jar
2024-10-29 22:57:08,388 [Worker-52: Download sources and javadoc] INFO  o.e.m.c.i.e.AbstractTransferListenerAdapter - Downloaded https://repo.maven.apache.org/maven2/org/mapstruct/mapstruct-processor/1.5.2.Final/mapstruct-processor-1.5.2.Final-sources.jar
2024-10-29 22:57:08,398 [Worker-52: Download sources and javadoc] INFO  o.e.m.j.internal.DownloadSourcesJob - Downloaded sources for org.mapstruct:mapstruct-processor:1.5.2.Final
2024-10-29 22:57:09,621 [Worker-55: Building] INFO  o.a.m.s.f.DefaultMavenResourcesFiltering - Copying 1 resource from src\main\resources to target\classes
2024-10-29 22:57:09,665 [Worker-55: Building] INFO  o.a.m.s.f.DefaultMavenResourcesFiltering - Copying 0 resource from src\main\resources to target\classes
2024-10-29 22:57:09,672 [Worker-55: Building] INFO  o.a.m.s.f.DefaultMavenResourcesFiltering - skip non existing resourceDirectory C:\Users\Matias Mamani\Desktop\Proyecto Pino\ProyectoFabrica_PS\Backend\ProyectoFabricaPS\src\test\resources
2024-10-29 22:57:30,693 [Worker-56: Building] INFO  o.e.m.c.i.l.LifecycleMappingFactory - Using org.eclipse.m2e.jdt.JarLifecycleMapping lifecycle mapping for MavenProject: com.proyecto.fabrica.ps:ProyectoFabricaPS:0.0.1-SNAPSHOT @ C:\Users\Matias Mamani\Desktop\Proyecto Pino\ProyectoFabrica_PS\Backend\ProyectoFabricaPS\pom.xml.
2024-10-29 22:57:31,873 [Worker-56: Building] INFO  o.a.m.s.f.DefaultMavenResourcesFiltering - Copying 0 resource from src\main\resources to target\classes
2024-10-29 22:57:31,874 [Worker-56: Building] INFO  o.a.m.s.f.DefaultMavenResourcesFiltering - Copying 0 resource from src\main\resources to target\classes
2024-10-29 22:57:31,880 [Worker-56: Building] INFO  o.a.m.s.f.DefaultMavenResourcesFiltering - skip non existing resourceDirectory C:\Users\Matias Mamani\Desktop\Proyecto Pino\ProyectoFabrica_PS\Backend\ProyectoFabricaPS\src\test\resources
2024-10-29 23:11:09,088 [Worker-57: Building] INFO  o.a.m.s.f.DefaultMavenResourcesFiltering - Copying 1 resource from src\main\resources to target\classes
2024-10-29 23:11:09,122 [Worker-57: Building] INFO  o.a.m.s.f.DefaultMavenResourcesFiltering - Copying 0 resource from src\main\resources to target\classes
2024-10-29 23:11:09,128 [Worker-57: Building] INFO  o.a.m.s.f.DefaultMavenResourcesFiltering - skip non existing resourceDirectory C:\Users\Matias Mamani\Desktop\Proyecto Pino\ProyectoFabrica_PS\Backend\ProyectoFabricaPS\src\test\resources
2024-10-29 23:11:17,256 [Worker-66: Building] INFO  o.a.m.s.f.DefaultMavenResourcesFiltering - Copying 1 resource from src\main\resources to target\classes
2024-10-29 23:11:17,267 [Worker-66: Building] INFO  o.a.m.s.f.DefaultMavenResourcesFiltering - Copying 0 resource from src\main\resources to target\classes
2024-10-29 23:11:17,270 [Worker-66: Building] INFO  o.a.m.s.f.DefaultMavenResourcesFiltering - skip non existing resourceDirectory C:\Users\Matias Mamani\Desktop\Proyecto Pino\ProyectoFabrica_PS\Backend\ProyectoFabricaPS\src\test\resources
2024-10-29 23:11:19,654 [Worker-64: Building] INFO  o.a.m.s.f.DefaultMavenResourcesFiltering - Copying 1 resource from src\main\resources to target\classes
2024-10-29 23:11:19,662 [Worker-64: Building] INFO  o.a.m.s.f.DefaultMavenResourcesFiltering - Copying 0 resource from src\main\resources to target\classes
2024-10-29 23:11:19,665 [Worker-64: Building] INFO  o.a.m.s.f.DefaultMavenResourcesFiltering - skip non existing resourceDirectory C:\Users\Matias Mamani\Desktop\Proyecto Pino\ProyectoFabrica_PS\Backend\ProyectoFabricaPS\src\test\resources
2024-10-29 23:11:52,441 [Worker-44: Building] INFO  o.a.m.s.f.DefaultMavenResourcesFiltering - Copying 1 resource from src\main\resources to target\classes
2024-10-29 23:11:52,452 [Worker-44: Building] INFO  o.a.m.s.f.DefaultMavenResourcesFiltering - Copying 0 resource from src\main\resources to target\classes
2024-10-29 23:11:52,455 [Worker-44: Building] INFO  o.a.m.s.f.DefaultMavenResourcesFiltering - skip non existing resourceDirectory C:\Users\Matias Mamani\Desktop\Proyecto Pino\ProyectoFabrica_PS\Backend\ProyectoFabricaPS\src\test\resources
2024-10-29 23:11:53,615 [Worker-66: Building] INFO  o.a.m.s.f.DefaultMavenResourcesFiltering - Copying 1 resource from src\main\resources to target\classes
2024-10-29 23:11:53,626 [Worker-66: Building] INFO  o.a.m.s.f.DefaultMavenResourcesFiltering - Copying 0 resource from src\main\resources to target\classes
2024-10-29 23:11:53,629 [Worker-66: Building] INFO  o.a.m.s.f.DefaultMavenResourcesFiltering - skip non existing resourceDirectory C:\Users\Matias Mamani\Desktop\Proyecto Pino\ProyectoFabrica_PS\Backend\ProyectoFabricaPS\src\test\resources
2024-10-29 23:12:35,783 [Worker-66: Building] INFO  o.a.m.s.f.DefaultMavenResourcesFiltering - Copying 1 resource from src\main\resources to target\classes
2024-10-29 23:12:35,796 [Worker-66: Building] INFO  o.a.m.s.f.DefaultMavenResourcesFiltering - Copying 0 resource from src\main\resources to target\classes
2024-10-29 23:12:35,799 [Worker-66: Building] INFO  o.a.m.s.f.DefaultMavenResourcesFiltering - skip non existing resourceDirectory C:\Users\Matias Mamani\Desktop\Proyecto Pino\ProyectoFabrica_PS\Backend\ProyectoFabricaPS\src\test\resources
2024-10-29 23:12:37,835 [Worker-64: Building] INFO  o.a.m.s.f.DefaultMavenResourcesFiltering - Copying 1 resource from src\main\resources to target\classes
2024-10-29 23:12:37,845 [Worker-64: Building] INFO  o.a.m.s.f.DefaultMavenResourcesFiltering - Copying 0 resource from src\main\resources to target\classes
2024-10-29 23:12:37,851 [Worker-64: Building] INFO  o.a.m.s.f.DefaultMavenResourcesFiltering - skip non existing resourceDirectory C:\Users\Matias Mamani\Desktop\Proyecto Pino\ProyectoFabrica_PS\Backend\ProyectoFabricaPS\src\test\resources
2024-10-29 23:13:01,836 [Worker-44: Building] INFO  o.a.m.s.f.DefaultMavenResourcesFiltering - Copying 1 resource from src\main\resources to target\classes
2024-10-29 23:13:01,846 [Worker-44: Building] INFO  o.a.m.s.f.DefaultMavenResourcesFiltering - Copying 0 resource from src\main\resources to target\classes
2024-10-29 23:13:01,850 [Worker-44: Building] INFO  o.a.m.s.f.DefaultMavenResourcesFiltering - skip non existing resourceDirectory C:\Users\Matias Mamani\Desktop\Proyecto Pino\ProyectoFabrica_PS\Backend\ProyectoFabricaPS\src\test\resources
2024-10-29 23:18:20,743 [Worker-68: Building] INFO  o.a.m.s.f.DefaultMavenResourcesFiltering - Copying 1 resource from src\main\resources to target\classes
2024-10-29 23:18:20,756 [Worker-68: Building] INFO  o.a.m.s.f.DefaultMavenResourcesFiltering - Copying 0 resource from src\main\resources to target\classes
2024-10-29 23:18:20,761 [Worker-68: Building] INFO  o.a.m.s.f.DefaultMavenResourcesFiltering - skip non existing resourceDirectory C:\Users\Matias Mamani\Desktop\Proyecto Pino\ProyectoFabrica_PS\Backend\ProyectoFabricaPS\src\test\resources
2024-10-29 23:18:38,489 [Worker-44: Building] INFO  o.a.m.s.f.DefaultMavenResourcesFiltering - Copying 1 resource from src\main\resources to target\classes
2024-10-29 23:18:38,500 [Worker-44: Building] INFO  o.a.m.s.f.DefaultMavenResourcesFiltering - Copying 0 resource from src\main\resources to target\classes
2024-10-29 23:18:38,503 [Worker-44: Building] INFO  o.a.m.s.f.DefaultMavenResourcesFiltering - skip non existing resourceDirectory C:\Users\Matias Mamani\Desktop\Proyecto Pino\ProyectoFabrica_PS\Backend\ProyectoFabricaPS\src\test\resources
2024-10-29 23:18:43,423 [Worker-70: Building] INFO  o.a.m.s.f.DefaultMavenResourcesFiltering - Copying 1 resource from src\main\resources to target\classes
2024-10-29 23:18:43,435 [Worker-70: Building] INFO  o.a.m.s.f.DefaultMavenResourcesFiltering - Copying 0 resource from src\main\resources to target\classes
2024-10-29 23:18:43,439 [Worker-70: Building] INFO  o.a.m.s.f.DefaultMavenResourcesFiltering - skip non existing resourceDirectory C:\Users\Matias Mamani\Desktop\Proyecto Pino\ProyectoFabrica_PS\Backend\ProyectoFabricaPS\src\test\resources
2024-10-29 23:18:48,638 [Worker-71: Building] INFO  o.a.m.s.f.DefaultMavenResourcesFiltering - Copying 1 resource from src\main\resources to target\classes
2024-10-29 23:18:48,649 [Worker-71: Building] INFO  o.a.m.s.f.DefaultMavenResourcesFiltering - Copying 0 resource from src\main\resources to target\classes
2024-10-29 23:18:48,653 [Worker-71: Building] INFO  o.a.m.s.f.DefaultMavenResourcesFiltering - skip non existing resourceDirectory C:\Users\Matias Mamani\Desktop\Proyecto Pino\ProyectoFabrica_PS\Backend\ProyectoFabricaPS\src\test\resources
2024-10-29 23:18:51,857 [Worker-71: Building] INFO  o.a.m.s.f.DefaultMavenResourcesFiltering - Copying 1 resource from src\main\resources to target\classes
2024-10-29 23:18:51,869 [Worker-71: Building] INFO  o.a.m.s.f.DefaultMavenResourcesFiltering - Copying 0 resource from src\main\resources to target\classes
2024-10-29 23:18:51,874 [Worker-71: Building] INFO  o.a.m.s.f.DefaultMavenResourcesFiltering - skip non existing resourceDirectory C:\Users\Matias Mamani\Desktop\Proyecto Pino\ProyectoFabrica_PS\Backend\ProyectoFabricaPS\src\test\resources
2024-10-29 23:20:11,092 [Worker-70: Building] INFO  o.a.m.s.f.DefaultMavenResourcesFiltering - Copying 1 resource from src\main\resources to target\classes
2024-10-29 23:20:11,103 [Worker-70: Building] INFO  o.a.m.s.f.DefaultMavenResourcesFiltering - Copying 0 resource from src\main\resources to target\classes
2024-10-29 23:20:11,107 [Worker-70: Building] INFO  o.a.m.s.f.DefaultMavenResourcesFiltering - skip non existing resourceDirectory C:\Users\Matias Mamani\Desktop\Proyecto Pino\ProyectoFabrica_PS\Backend\ProyectoFabricaPS\src\test\resources
2024-10-29 23:20:23,410 [Worker-72: Building] INFO  o.a.m.s.f.DefaultMavenResourcesFiltering - Copying 1 resource from src\main\resources to target\classes
2024-10-29 23:20:23,419 [Worker-72: Building] INFO  o.a.m.s.f.DefaultMavenResourcesFiltering - Copying 0 resource from src\main\resources to target\classes
2024-10-29 23:20:23,424 [Worker-72: Building] INFO  o.a.m.s.f.DefaultMavenResourcesFiltering - skip non existing resourceDirectory C:\Users\Matias Mamani\Desktop\Proyecto Pino\ProyectoFabrica_PS\Backend\ProyectoFabricaPS\src\test\resources
2024-10-29 23:20:24,613 [Worker-64: Building] INFO  o.a.m.s.f.DefaultMavenResourcesFiltering - Copying 1 resource from src\main\resources to target\classes
2024-10-29 23:20:24,625 [Worker-64: Building] INFO  o.a.m.s.f.DefaultMavenResourcesFiltering - Copying 0 resource from src\main\resources to target\classes
2024-10-29 23:20:24,630 [Worker-64: Building] INFO  o.a.m.s.f.DefaultMavenResourcesFiltering - skip non existing resourceDirectory C:\Users\Matias Mamani\Desktop\Proyecto Pino\ProyectoFabrica_PS\Backend\ProyectoFabricaPS\src\test\resources
2024-10-29 23:20:25,867 [Worker-70: Building] INFO  o.a.m.s.f.DefaultMavenResourcesFiltering - Copying 1 resource from src\main\resources to target\classes
2024-10-29 23:20:25,878 [Worker-70: Building] INFO  o.a.m.s.f.DefaultMavenResourcesFiltering - Copying 0 resource from src\main\resources to target\classes
2024-10-29 23:20:25,882 [Worker-70: Building] INFO  o.a.m.s.f.DefaultMavenResourcesFiltering - skip non existing resourceDirectory C:\Users\Matias Mamani\Desktop\Proyecto Pino\ProyectoFabrica_PS\Backend\ProyectoFabricaPS\src\test\resources
2024-10-29 23:20:32,301 [Worker-70: Building] INFO  o.a.m.s.f.DefaultMavenResourcesFiltering - Copying 1 resource from src\main\resources to target\classes
2024-10-29 23:20:32,315 [Worker-70: Building] INFO  o.a.m.s.f.DefaultMavenResourcesFiltering - Copying 0 resource from src\main\resources to target\classes
2024-10-29 23:20:32,319 [Worker-70: Building] INFO  o.a.m.s.f.DefaultMavenResourcesFiltering - skip non existing resourceDirectory C:\Users\Matias Mamani\Desktop\Proyecto Pino\ProyectoFabrica_PS\Backend\ProyectoFabricaPS\src\test\resources
2024-10-29 23:20:36,590 [Worker-71: Building] INFO  o.a.m.s.f.DefaultMavenResourcesFiltering - Copying 1 resource from src\main\resources to target\classes
2024-10-29 23:20:36,602 [Worker-71: Building] INFO  o.a.m.s.f.DefaultMavenResourcesFiltering - Copying 0 resource from src\main\resources to target\classes
2024-10-29 23:20:36,606 [Worker-71: Building] INFO  o.a.m.s.f.DefaultMavenResourcesFiltering - skip non existing resourceDirectory C:\Users\Matias Mamani\Desktop\Proyecto Pino\ProyectoFabrica_PS\Backend\ProyectoFabricaPS\src\test\resources
2024-10-29 23:21:00,774 [Worker-72: Building] INFO  o.a.m.s.f.DefaultMavenResourcesFiltering - Copying 1 resource from src\main\resources to target\classes
2024-10-29 23:21:00,810 [Worker-72: Building] INFO  o.a.m.s.f.DefaultMavenResourcesFiltering - Copying 0 resource from src\main\resources to target\classes
2024-10-29 23:21:00,816 [Worker-72: Building] INFO  o.a.m.s.f.DefaultMavenResourcesFiltering - skip non existing resourceDirectory C:\Users\Matias Mamani\Desktop\Proyecto Pino\ProyectoFabrica_PS\Backend\ProyectoFabricaPS\src\test\resources
2024-10-29 23:21:16,727 [Worker-72: Building] INFO  o.a.m.s.f.DefaultMavenResourcesFiltering - Copying 1 resource from src\main\resources to target\classes
2024-10-29 23:21:16,740 [Worker-72: Building] INFO  o.a.m.s.f.DefaultMavenResourcesFiltering - Copying 0 resource from src\main\resources to target\classes
2024-10-29 23:21:16,749 [Worker-72: Building] INFO  o.a.m.s.f.DefaultMavenResourcesFiltering - skip non existing resourceDirectory C:\Users\Matias Mamani\Desktop\Proyecto Pino\ProyectoFabrica_PS\Backend\ProyectoFabricaPS\src\test\resources
2024-10-29 23:21:18,807 [Worker-70: Building] INFO  o.a.m.s.f.DefaultMavenResourcesFiltering - Copying 1 resource from src\main\resources to target\classes
2024-10-29 23:21:18,816 [Worker-70: Building] INFO  o.a.m.s.f.DefaultMavenResourcesFiltering - Copying 0 resource from src\main\resources to target\classes
2024-10-29 23:21:18,820 [Worker-70: Building] INFO  o.a.m.s.f.DefaultMavenResourcesFiltering - skip non existing resourceDirectory C:\Users\Matias Mamani\Desktop\Proyecto Pino\ProyectoFabrica_PS\Backend\ProyectoFabricaPS\src\test\resources
2024-10-29 23:34:33,617 [Worker-73: Building] INFO  o.a.m.s.f.DefaultMavenResourcesFiltering - Copying 1 resource from src\main\resources to target\classes
2024-10-29 23:34:33,639 [Worker-73: Building] INFO  o.a.m.s.f.DefaultMavenResourcesFiltering - Copying 0 resource from src\main\resources to target\classes
2024-10-29 23:34:33,646 [Worker-73: Building] INFO  o.a.m.s.f.DefaultMavenResourcesFiltering - skip non existing resourceDirectory C:\Users\Matias Mamani\Desktop\Proyecto Pino\ProyectoFabrica_PS\Backend\ProyectoFabricaPS\src\test\resources
2024-10-29 23:34:36,507 [Worker-70: Building] INFO  o.a.m.s.f.DefaultMavenResourcesFiltering - Copying 1 resource from src\main\resources to target\classes
2024-10-29 23:34:36,527 [Worker-70: Building] INFO  o.a.m.s.f.DefaultMavenResourcesFiltering - Copying 0 resource from src\main\resources to target\classes
2024-10-29 23:34:36,530 [Worker-70: Building] INFO  o.a.m.s.f.DefaultMavenResourcesFiltering - skip non existing resourceDirectory C:\Users\Matias Mamani\Desktop\Proyecto Pino\ProyectoFabrica_PS\Backend\ProyectoFabricaPS\src\test\resources
2024-10-30 00:58:29,601 [Worker-79: Building] INFO  o.a.m.s.f.DefaultMavenResourcesFiltering - Copying 1 resource from src\main\resources to target\classes
2024-10-30 00:58:29,634 [Worker-79: Building] INFO  o.a.m.s.f.DefaultMavenResourcesFiltering - Copying 0 resource from src\main\resources to target\classes
2024-10-30 00:58:29,638 [Worker-79: Building] INFO  o.a.m.s.f.DefaultMavenResourcesFiltering - skip non existing resourceDirectory C:\Users\Matias Mamani\Desktop\Proyecto Pino\ProyectoFabrica_PS\Backend\ProyectoFabricaPS\src\test\resources
2024-10-30 00:59:05,669 [Worker-80: Building] INFO  o.a.m.s.f.DefaultMavenResourcesFiltering - Copying 1 resource from src\main\resources to target\classes
2024-10-30 00:59:05,693 [Worker-80: Building] INFO  o.a.m.s.f.DefaultMavenResourcesFiltering - Copying 0 resource from src\main\resources to target\classes
2024-10-30 00:59:05,697 [Worker-80: Building] INFO  o.a.m.s.f.DefaultMavenResourcesFiltering - skip non existing resourceDirectory C:\Users\Matias Mamani\Desktop\Proyecto Pino\ProyectoFabrica_PS\Backend\ProyectoFabricaPS\src\test\resources
2024-10-30 00:59:06,866 [Worker-77: Building] INFO  o.a.m.s.f.DefaultMavenResourcesFiltering - Copying 1 resource from src\main\resources to target\classes
2024-10-30 00:59:06,887 [Worker-77: Building] INFO  o.a.m.s.f.DefaultMavenResourcesFiltering - Copying 0 resource from src\main\resources to target\classes
2024-10-30 00:59:06,893 [Worker-77: Building] INFO  o.a.m.s.f.DefaultMavenResourcesFiltering - skip non existing resourceDirectory C:\Users\Matias Mamani\Desktop\Proyecto Pino\ProyectoFabrica_PS\Backend\ProyectoFabricaPS\src\test\resources
2024-10-30 00:59:26,259 [Worker-79: Building] INFO  o.a.m.s.f.DefaultMavenResourcesFiltering - Copying 1 resource from src\main\resources to target\classes
2024-10-30 00:59:26,273 [Worker-79: Building] INFO  o.a.m.s.f.DefaultMavenResourcesFiltering - Copying 0 resource from src\main\resources to target\classes
2024-10-30 00:59:26,279 [Worker-79: Building] INFO  o.a.m.s.f.DefaultMavenResourcesFiltering - skip non existing resourceDirectory C:\Users\Matias Mamani\Desktop\Proyecto Pino\ProyectoFabrica_PS\Backend\ProyectoFabricaPS\src\test\resources
2024-10-30 00:59:36,911 [Worker-81: Building] INFO  o.a.m.s.f.DefaultMavenResourcesFiltering - Copying 1 resource from src\main\resources to target\classes
2024-10-30 00:59:36,934 [Worker-81: Building] INFO  o.a.m.s.f.DefaultMavenResourcesFiltering - Copying 0 resource from src\main\resources to target\classes
2024-10-30 00:59:36,937 [Worker-81: Building] INFO  o.a.m.s.f.DefaultMavenResourcesFiltering - skip non existing resourceDirectory C:\Users\Matias Mamani\Desktop\Proyecto Pino\ProyectoFabrica_PS\Backend\ProyectoFabricaPS\src\test\resources
2024-10-30 00:59:43,471 [Worker-79: Building] INFO  o.a.m.s.f.DefaultMavenResourcesFiltering - Copying 1 resource from src\main\resources to target\classes
2024-10-30 00:59:43,492 [Worker-79: Building] INFO  o.a.m.s.f.DefaultMavenResourcesFiltering - Copying 0 resource from src\main\resources to target\classes
2024-10-30 00:59:43,496 [Worker-79: Building] INFO  o.a.m.s.f.DefaultMavenResourcesFiltering - skip non existing resourceDirectory C:\Users\Matias Mamani\Desktop\Proyecto Pino\ProyectoFabrica_PS\Backend\ProyectoFabricaPS\src\test\resources
2024-10-30 00:59:46,616 [Worker-81: Building] INFO  o.a.m.s.f.DefaultMavenResourcesFiltering - Copying 1 resource from src\main\resources to target\classes
2024-10-30 00:59:46,635 [Worker-81: Building] INFO  o.a.m.s.f.DefaultMavenResourcesFiltering - Copying 0 resource from src\main\resources to target\classes
2024-10-30 00:59:46,650 [Worker-81: Building] INFO  o.a.m.s.f.DefaultMavenResourcesFiltering - skip non existing resourceDirectory C:\Users\Matias Mamani\Desktop\Proyecto Pino\ProyectoFabrica_PS\Backend\ProyectoFabricaPS\src\test\resources
2024-10-30 00:59:48,212 [Worker-77: Building] INFO  o.a.m.s.f.DefaultMavenResourcesFiltering - Copying 1 resource from src\main\resources to target\classes
2024-10-30 00:59:48,223 [Worker-77: Building] INFO  o.a.m.s.f.DefaultMavenResourcesFiltering - Copying 0 resource from src\main\resources to target\classes
2024-10-30 00:59:48,228 [Worker-77: Building] INFO  o.a.m.s.f.DefaultMavenResourcesFiltering - skip non existing resourceDirectory C:\Users\Matias Mamani\Desktop\Proyecto Pino\ProyectoFabrica_PS\Backend\ProyectoFabricaPS\src\test\resources
2024-10-30 01:00:05,950 [Worker-81: Building] INFO  o.a.m.s.f.DefaultMavenResourcesFiltering - Copying 1 resource from src\main\resources to target\classes
2024-10-30 01:00:05,966 [Worker-81: Building] INFO  o.a.m.s.f.DefaultMavenResourcesFiltering - Copying 0 resource from src\main\resources to target\classes
2024-10-30 01:00:05,972 [Worker-81: Building] INFO  o.a.m.s.f.DefaultMavenResourcesFiltering - skip non existing resourceDirectory C:\Users\Matias Mamani\Desktop\Proyecto Pino\ProyectoFabrica_PS\Backend\ProyectoFabricaPS\src\test\resources
2024-10-30 01:00:18,132 [Worker-82: Building] INFO  o.a.m.s.f.DefaultMavenResourcesFiltering - Copying 1 resource from src\main\resources to target\classes
2024-10-30 01:00:18,143 [Worker-82: Building] INFO  o.a.m.s.f.DefaultMavenResourcesFiltering - Copying 0 resource from src\main\resources to target\classes
2024-10-30 01:00:18,146 [Worker-82: Building] INFO  o.a.m.s.f.DefaultMavenResourcesFiltering - skip non existing resourceDirectory C:\Users\Matias Mamani\Desktop\Proyecto Pino\ProyectoFabrica_PS\Backend\ProyectoFabricaPS\src\test\resources
2024-10-30 01:00:19,251 [Worker-79: Building] INFO  o.a.m.s.f.DefaultMavenResourcesFiltering - Copying 1 resource from src\main\resources to target\classes
2024-10-30 01:00:19,262 [Worker-79: Building] INFO  o.a.m.s.f.DefaultMavenResourcesFiltering - Copying 0 resource from src\main\resources to target\classes
2024-10-30 01:00:19,265 [Worker-79: Building] INFO  o.a.m.s.f.DefaultMavenResourcesFiltering - skip non existing resourceDirectory C:\Users\Matias Mamani\Desktop\Proyecto Pino\ProyectoFabrica_PS\Backend\ProyectoFabricaPS\src\test\resources
2024-10-30 01:00:31,630 [Worker-79: Building] INFO  o.a.m.s.f.DefaultMavenResourcesFiltering - Copying 1 resource from src\main\resources to target\classes
2024-10-30 01:00:31,643 [Worker-79: Building] INFO  o.a.m.s.f.DefaultMavenResourcesFiltering - Copying 0 resource from src\main\resources to target\classes
2024-10-30 01:00:31,649 [Worker-79: Building] INFO  o.a.m.s.f.DefaultMavenResourcesFiltering - skip non existing resourceDirectory C:\Users\Matias Mamani\Desktop\Proyecto Pino\ProyectoFabrica_PS\Backend\ProyectoFabricaPS\src\test\resources
2024-10-30 01:00:35,649 [Worker-79: Building] INFO  o.a.m.s.f.DefaultMavenResourcesFiltering - Copying 1 resource from src\main\resources to target\classes
2024-10-30 01:00:35,657 [Worker-79: Building] INFO  o.a.m.s.f.DefaultMavenResourcesFiltering - Copying 0 resource from src\main\resources to target\classes
2024-10-30 01:00:35,660 [Worker-79: Building] INFO  o.a.m.s.f.DefaultMavenResourcesFiltering - skip non existing resourceDirectory C:\Users\Matias Mamani\Desktop\Proyecto Pino\ProyectoFabrica_PS\Backend\ProyectoFabricaPS\src\test\resources
2024-10-30 01:00:39,641 [Worker-70: Building] INFO  o.a.m.s.f.DefaultMavenResourcesFiltering - Copying 1 resource from src\main\resources to target\classes
2024-10-30 01:00:39,652 [Worker-70: Building] INFO  o.a.m.s.f.DefaultMavenResourcesFiltering - Copying 0 resource from src\main\resources to target\classes
2024-10-30 01:00:39,656 [Worker-70: Building] INFO  o.a.m.s.f.DefaultMavenResourcesFiltering - skip non existing resourceDirectory C:\Users\Matias Mamani\Desktop\Proyecto Pino\ProyectoFabrica_PS\Backend\ProyectoFabricaPS\src\test\resources
2024-10-30 01:00:47,887 [Worker-79: Building] INFO  o.a.m.s.f.DefaultMavenResourcesFiltering - Copying 1 resource from src\main\resources to target\classes
2024-10-30 01:00:47,925 [Worker-79: Building] INFO  o.a.m.s.f.DefaultMavenResourcesFiltering - Copying 0 resource from src\main\resources to target\classes
2024-10-30 01:00:47,930 [Worker-79: Building] INFO  o.a.m.s.f.DefaultMavenResourcesFiltering - skip non existing resourceDirectory C:\Users\Matias Mamani\Desktop\Proyecto Pino\ProyectoFabrica_PS\Backend\ProyectoFabricaPS\src\test\resources
2024-10-30 01:01:10,474 [Worker-83: Building] INFO  o.a.m.s.f.DefaultMavenResourcesFiltering - Copying 1 resource from src\main\resources to target\classes
2024-10-30 01:01:10,485 [Worker-83: Building] INFO  o.a.m.s.f.DefaultMavenResourcesFiltering - Copying 0 resource from src\main\resources to target\classes
2024-10-30 01:01:10,493 [Worker-83: Building] INFO  o.a.m.s.f.DefaultMavenResourcesFiltering - skip non existing resourceDirectory C:\Users\Matias Mamani\Desktop\Proyecto Pino\ProyectoFabrica_PS\Backend\ProyectoFabricaPS\src\test\resources
2024-10-30 01:01:18,979 [Worker-82: Building] INFO  o.a.m.s.f.DefaultMavenResourcesFiltering - Copying 1 resource from src\main\resources to target\classes
2024-10-30 01:01:18,988 [Worker-82: Building] INFO  o.a.m.s.f.DefaultMavenResourcesFiltering - Copying 0 resource from src\main\resources to target\classes
2024-10-30 01:01:18,991 [Worker-82: Building] INFO  o.a.m.s.f.DefaultMavenResourcesFiltering - skip non existing resourceDirectory C:\Users\Matias Mamani\Desktop\Proyecto Pino\ProyectoFabrica_PS\Backend\ProyectoFabricaPS\src\test\resources
2024-10-30 01:01:30,514 [Worker-82: Building] INFO  o.a.m.s.f.DefaultMavenResourcesFiltering - Copying 1 resource from src\main\resources to target\classes
2024-10-30 01:01:30,529 [Worker-82: Building] INFO  o.a.m.s.f.DefaultMavenResourcesFiltering - Copying 0 resource from src\main\resources to target\classes
2024-10-30 01:01:30,534 [Worker-82: Building] INFO  o.a.m.s.f.DefaultMavenResourcesFiltering - skip non existing resourceDirectory C:\Users\Matias Mamani\Desktop\Proyecto Pino\ProyectoFabrica_PS\Backend\ProyectoFabricaPS\src\test\resources
2024-10-30 01:01:33,717 [Worker-80: Building] INFO  o.a.m.s.f.DefaultMavenResourcesFiltering - Copying 1 resource from src\main\resources to target\classes
2024-10-30 01:01:33,727 [Worker-80: Building] INFO  o.a.m.s.f.DefaultMavenResourcesFiltering - Copying 0 resource from src\main\resources to target\classes
2024-10-30 01:01:33,730 [Worker-80: Building] INFO  o.a.m.s.f.DefaultMavenResourcesFiltering - skip non existing resourceDirectory C:\Users\Matias Mamani\Desktop\Proyecto Pino\ProyectoFabrica_PS\Backend\ProyectoFabricaPS\src\test\resources
2024-10-30 01:01:36,394 [Worker-80: Building] INFO  o.a.m.s.f.DefaultMavenResourcesFiltering - Copying 1 resource from src\main\resources to target\classes
2024-10-30 01:01:36,463 [Worker-80: Building] INFO  o.a.m.s.f.DefaultMavenResourcesFiltering - Copying 0 resource from src\main\resources to target\classes
2024-10-30 01:01:36,471 [Worker-80: Building] INFO  o.a.m.s.f.DefaultMavenResourcesFiltering - skip non existing resourceDirectory C:\Users\Matias Mamani\Desktop\Proyecto Pino\ProyectoFabrica_PS\Backend\ProyectoFabricaPS\src\test\resources
2024-10-30 01:01:38,568 [Worker-84: Building] INFO  o.a.m.s.f.DefaultMavenResourcesFiltering - Copying 1 resource from src\main\resources to target\classes
2024-10-30 01:01:38,580 [Worker-84: Building] INFO  o.a.m.s.f.DefaultMavenResourcesFiltering - Copying 0 resource from src\main\resources to target\classes
2024-10-30 01:01:38,584 [Worker-84: Building] INFO  o.a.m.s.f.DefaultMavenResourcesFiltering - skip non existing resourceDirectory C:\Users\Matias Mamani\Desktop\Proyecto Pino\ProyectoFabrica_PS\Backend\ProyectoFabricaPS\src\test\resources
2024-10-30 01:02:32,847 [Worker-83: Building] INFO  o.a.m.s.f.DefaultMavenResourcesFiltering - Copying 1 resource from src\main\resources to target\classes
2024-10-30 01:02:32,876 [Worker-83: Building] INFO  o.a.m.s.f.DefaultMavenResourcesFiltering - Copying 0 resource from src\main\resources to target\classes
2024-10-30 01:02:32,881 [Worker-83: Building] INFO  o.a.m.s.f.DefaultMavenResourcesFiltering - skip non existing resourceDirectory C:\Users\Matias Mamani\Desktop\Proyecto Pino\ProyectoFabrica_PS\Backend\ProyectoFabricaPS\src\test\resources
2024-10-30 01:02:42,593 [Worker-77: Building] INFO  o.a.m.s.f.DefaultMavenResourcesFiltering - Copying 1 resource from src\main\resources to target\classes
2024-10-30 01:02:42,604 [Worker-77: Building] INFO  o.a.m.s.f.DefaultMavenResourcesFiltering - Copying 0 resource from src\main\resources to target\classes
2024-10-30 01:02:42,607 [Worker-77: Building] INFO  o.a.m.s.f.DefaultMavenResourcesFiltering - skip non existing resourceDirectory C:\Users\Matias Mamani\Desktop\Proyecto Pino\ProyectoFabrica_PS\Backend\ProyectoFabricaPS\src\test\resources
2024-10-30 01:02:45,528 [Worker-80: Building] INFO  o.a.m.s.f.DefaultMavenResourcesFiltering - Copying 1 resource from src\main\resources to target\classes
2024-10-30 01:02:45,537 [Worker-80: Building] INFO  o.a.m.s.f.DefaultMavenResourcesFiltering - Copying 0 resource from src\main\resources to target\classes
2024-10-30 01:02:45,550 [Worker-80: Building] INFO  o.a.m.s.f.DefaultMavenResourcesFiltering - skip non existing resourceDirectory C:\Users\Matias Mamani\Desktop\Proyecto Pino\ProyectoFabrica_PS\Backend\ProyectoFabricaPS\src\test\resources
2024-10-30 01:03:01,560 [Worker-80: Building] INFO  o.a.m.s.f.DefaultMavenResourcesFiltering - Copying 1 resource from src\main\resources to target\classes
2024-10-30 01:03:01,574 [Worker-80: Building] INFO  o.a.m.s.f.DefaultMavenResourcesFiltering - Copying 0 resource from src\main\resources to target\classes
2024-10-30 01:03:01,580 [Worker-80: Building] INFO  o.a.m.s.f.DefaultMavenResourcesFiltering - skip non existing resourceDirectory C:\Users\Matias Mamani\Desktop\Proyecto Pino\ProyectoFabrica_PS\Backend\ProyectoFabricaPS\src\test\resources
2024-10-30 01:03:11,301 [Worker-83: Building] INFO  o.a.m.s.f.DefaultMavenResourcesFiltering - Copying 1 resource from src\main\resources to target\classes
2024-10-30 01:03:11,313 [Worker-83: Building] INFO  o.a.m.s.f.DefaultMavenResourcesFiltering - Copying 0 resource from src\main\resources to target\classes
2024-10-30 01:03:11,317 [Worker-83: Building] INFO  o.a.m.s.f.DefaultMavenResourcesFiltering - skip non existing resourceDirectory C:\Users\Matias Mamani\Desktop\Proyecto Pino\ProyectoFabrica_PS\Backend\ProyectoFabricaPS\src\test\resources
2024-10-30 01:03:12,390 [Worker-84: Building] INFO  o.a.m.s.f.DefaultMavenResourcesFiltering - Copying 1 resource from src\main\resources to target\classes
2024-10-30 01:03:12,400 [Worker-84: Building] INFO  o.a.m.s.f.DefaultMavenResourcesFiltering - Copying 0 resource from src\main\resources to target\classes
2024-10-30 01:03:12,404 [Worker-84: Building] INFO  o.a.m.s.f.DefaultMavenResourcesFiltering - skip non existing resourceDirectory C:\Users\Matias Mamani\Desktop\Proyecto Pino\ProyectoFabrica_PS\Backend\ProyectoFabricaPS\src\test\resources
2024-10-30 01:03:23,854 [Worker-81: Building] INFO  o.a.m.s.f.DefaultMavenResourcesFiltering - Copying 1 resource from src\main\resources to target\classes
2024-10-30 01:03:23,868 [Worker-81: Building] INFO  o.a.m.s.f.DefaultMavenResourcesFiltering - Copying 0 resource from src\main\resources to target\classes
2024-10-30 01:03:23,874 [Worker-81: Building] INFO  o.a.m.s.f.DefaultMavenResourcesFiltering - skip non existing resourceDirectory C:\Users\Matias Mamani\Desktop\Proyecto Pino\ProyectoFabrica_PS\Backend\ProyectoFabricaPS\src\test\resources
2024-10-30 01:03:28,136 [Worker-77: Building] INFO  o.a.m.s.f.DefaultMavenResourcesFiltering - Copying 1 resource from src\main\resources to target\classes
2024-10-30 01:03:28,146 [Worker-77: Building] INFO  o.a.m.s.f.DefaultMavenResourcesFiltering - Copying 0 resource from src\main\resources to target\classes
2024-10-30 01:03:28,150 [Worker-77: Building] INFO  o.a.m.s.f.DefaultMavenResourcesFiltering - skip non existing resourceDirectory C:\Users\Matias Mamani\Desktop\Proyecto Pino\ProyectoFabrica_PS\Backend\ProyectoFabricaPS\src\test\resources
2024-10-30 01:03:38,750 [Worker-77: Building] INFO  o.a.m.s.f.DefaultMavenResourcesFiltering - Copying 1 resource from src\main\resources to target\classes
2024-10-30 01:03:38,763 [Worker-77: Building] INFO  o.a.m.s.f.DefaultMavenResourcesFiltering - Copying 0 resource from src\main\resources to target\classes
2024-10-30 01:03:38,767 [Worker-77: Building] INFO  o.a.m.s.f.DefaultMavenResourcesFiltering - skip non existing resourceDirectory C:\Users\Matias Mamani\Desktop\Proyecto Pino\ProyectoFabrica_PS\Backend\ProyectoFabricaPS\src\test\resources
2024-10-30 01:03:46,187 [Worker-83: Building] INFO  o.a.m.s.f.DefaultMavenResourcesFiltering - Copying 1 resource from src\main\resources to target\classes
2024-10-30 01:03:46,197 [Worker-83: Building] INFO  o.a.m.s.f.DefaultMavenResourcesFiltering - Copying 0 resource from src\main\resources to target\classes
2024-10-30 01:03:46,200 [Worker-83: Building] INFO  o.a.m.s.f.DefaultMavenResourcesFiltering - skip non existing resourceDirectory C:\Users\Matias Mamani\Desktop\Proyecto Pino\ProyectoFabrica_PS\Backend\ProyectoFabricaPS\src\test\resources
2024-10-30 01:03:47,390 [Worker-77: Building] INFO  o.a.m.s.f.DefaultMavenResourcesFiltering - Copying 1 resource from src\main\resources to target\classes
2024-10-30 01:03:47,401 [Worker-77: Building] INFO  o.a.m.s.f.DefaultMavenResourcesFiltering - Copying 0 resource from src\main\resources to target\classes
2024-10-30 01:03:47,405 [Worker-77: Building] INFO  o.a.m.s.f.DefaultMavenResourcesFiltering - skip non existing resourceDirectory C:\Users\Matias Mamani\Desktop\Proyecto Pino\ProyectoFabrica_PS\Backend\ProyectoFabricaPS\src\test\resources
2024-10-30 01:03:58,884 [Worker-80: Building] INFO  o.a.m.s.f.DefaultMavenResourcesFiltering - Copying 1 resource from src\main\resources to target\classes
2024-10-30 01:03:58,897 [Worker-80: Building] INFO  o.a.m.s.f.DefaultMavenResourcesFiltering - Copying 0 resource from src\main\resources to target\classes
2024-10-30 01:03:58,902 [Worker-80: Building] INFO  o.a.m.s.f.DefaultMavenResourcesFiltering - skip non existing resourceDirectory C:\Users\Matias Mamani\Desktop\Proyecto Pino\ProyectoFabrica_PS\Backend\ProyectoFabricaPS\src\test\resources
2024-10-30 01:04:03,631 [Worker-83: Building] INFO  o.a.m.s.f.DefaultMavenResourcesFiltering - Copying 1 resource from src\main\resources to target\classes
2024-10-30 01:04:03,641 [Worker-83: Building] INFO  o.a.m.s.f.DefaultMavenResourcesFiltering - Copying 0 resource from src\main\resources to target\classes
2024-10-30 01:04:03,644 [Worker-83: Building] INFO  o.a.m.s.f.DefaultMavenResourcesFiltering - skip non existing resourceDirectory C:\Users\Matias Mamani\Desktop\Proyecto Pino\ProyectoFabrica_PS\Backend\ProyectoFabricaPS\src\test\resources
2024-10-30 01:04:09,307 [Worker-77: Building] INFO  o.a.m.s.f.DefaultMavenResourcesFiltering - Copying 1 resource from src\main\resources to target\classes
2024-10-30 01:04:09,316 [Worker-77: Building] INFO  o.a.m.s.f.DefaultMavenResourcesFiltering - Copying 0 resource from src\main\resources to target\classes
2024-10-30 01:04:09,319 [Worker-77: Building] INFO  o.a.m.s.f.DefaultMavenResourcesFiltering - skip non existing resourceDirectory C:\Users\Matias Mamani\Desktop\Proyecto Pino\ProyectoFabrica_PS\Backend\ProyectoFabricaPS\src\test\resources
2024-10-30 01:04:10,391 [Worker-82: Building] INFO  o.a.m.s.f.DefaultMavenResourcesFiltering - Copying 1 resource from src\main\resources to target\classes
2024-10-30 01:04:10,401 [Worker-82: Building] INFO  o.a.m.s.f.DefaultMavenResourcesFiltering - Copying 0 resource from src\main\resources to target\classes
2024-10-30 01:04:10,404 [Worker-82: Building] INFO  o.a.m.s.f.DefaultMavenResourcesFiltering - skip non existing resourceDirectory C:\Users\Matias Mamani\Desktop\Proyecto Pino\ProyectoFabrica_PS\Backend\ProyectoFabricaPS\src\test\resources
2024-10-30 01:15:04,142 [Worker-79: Building] INFO  o.a.m.s.f.DefaultMavenResourcesFiltering - Copying 1 resource from src\main\resources to target\classes
2024-10-30 01:15:04,169 [Worker-79: Building] INFO  o.a.m.s.f.DefaultMavenResourcesFiltering - Copying 0 resource from src\main\resources to target\classes
2024-10-30 01:15:04,173 [Worker-79: Building] INFO  o.a.m.s.f.DefaultMavenResourcesFiltering - skip non existing resourceDirectory C:\Users\Matias Mamani\Desktop\Proyecto Pino\ProyectoFabrica_PS\Backend\ProyectoFabricaPS\src\test\resources
2024-10-30 01:15:20,690 [Worker-79: Building] INFO  o.a.m.s.f.DefaultMavenResourcesFiltering - Copying 1 resource from src\main\resources to target\classes
2024-10-30 01:15:20,701 [Worker-79: Building] INFO  o.a.m.s.f.DefaultMavenResourcesFiltering - Copying 0 resource from src\main\resources to target\classes
2024-10-30 01:15:20,706 [Worker-79: Building] INFO  o.a.m.s.f.DefaultMavenResourcesFiltering - skip non existing resourceDirectory C:\Users\Matias Mamani\Desktop\Proyecto Pino\ProyectoFabrica_PS\Backend\ProyectoFabricaPS\src\test\resources
2024-10-30 01:15:21,820 [Worker-86: Building] INFO  o.a.m.s.f.DefaultMavenResourcesFiltering - Copying 1 resource from src\main\resources to target\classes
2024-10-30 01:15:21,840 [Worker-86: Building] INFO  o.a.m.s.f.DefaultMavenResourcesFiltering - Copying 0 resource from src\main\resources to target\classes
2024-10-30 01:15:21,843 [Worker-86: Building] INFO  o.a.m.s.f.DefaultMavenResourcesFiltering - skip non existing resourceDirectory C:\Users\Matias Mamani\Desktop\Proyecto Pino\ProyectoFabrica_PS\Backend\ProyectoFabricaPS\src\test\resources
2024-10-30 01:15:43,831 [Worker-77: Building] INFO  o.a.m.s.f.DefaultMavenResourcesFiltering - Copying 1 resource from src\main\resources to target\classes
2024-10-30 01:15:43,862 [Worker-77: Building] INFO  o.a.m.s.f.DefaultMavenResourcesFiltering - Copying 0 resource from src\main\resources to target\classes
2024-10-30 01:15:43,867 [Worker-77: Building] INFO  o.a.m.s.f.DefaultMavenResourcesFiltering - skip non existing resourceDirectory C:\Users\Matias Mamani\Desktop\Proyecto Pino\ProyectoFabrica_PS\Backend\ProyectoFabricaPS\src\test\resources
2024-10-30 01:15:48,648 [Worker-77: Building] INFO  o.a.m.s.f.DefaultMavenResourcesFiltering - Copying 1 resource from src\main\resources to target\classes
2024-10-30 01:15:48,665 [Worker-77: Building] INFO  o.a.m.s.f.DefaultMavenResourcesFiltering - Copying 0 resource from src\main\resources to target\classes
2024-10-30 01:15:48,669 [Worker-77: Building] INFO  o.a.m.s.f.DefaultMavenResourcesFiltering - skip non existing resourceDirectory C:\Users\Matias Mamani\Desktop\Proyecto Pino\ProyectoFabrica_PS\Backend\ProyectoFabricaPS\src\test\resources
2024-10-30 01:15:54,903 [Worker-85: Building] INFO  o.a.m.s.f.DefaultMavenResourcesFiltering - Copying 1 resource from src\main\resources to target\classes
2024-10-30 01:15:54,915 [Worker-85: Building] INFO  o.a.m.s.f.DefaultMavenResourcesFiltering - Copying 0 resource from src\main\resources to target\classes
2024-10-30 01:15:54,918 [Worker-85: Building] INFO  o.a.m.s.f.DefaultMavenResourcesFiltering - skip non existing resourceDirectory C:\Users\Matias Mamani\Desktop\Proyecto Pino\ProyectoFabrica_PS\Backend\ProyectoFabricaPS\src\test\resources
2024-10-30 01:15:56,172 [Worker-86: Building] INFO  o.a.m.s.f.DefaultMavenResourcesFiltering - Copying 1 resource from src\main\resources to target\classes
2024-10-30 01:15:56,182 [Worker-86: Building] INFO  o.a.m.s.f.DefaultMavenResourcesFiltering - Copying 0 resource from src\main\resources to target\classes
2024-10-30 01:15:56,185 [Worker-86: Building] INFO  o.a.m.s.f.DefaultMavenResourcesFiltering - skip non existing resourceDirectory C:\Users\Matias Mamani\Desktop\Proyecto Pino\ProyectoFabrica_PS\Backend\ProyectoFabricaPS\src\test\resources
2024-10-30 01:16:16,549 [Worker-85: Building] INFO  o.a.m.s.f.DefaultMavenResourcesFiltering - Copying 1 resource from src\main\resources to target\classes
2024-10-30 01:16:16,562 [Worker-85: Building] INFO  o.a.m.s.f.DefaultMavenResourcesFiltering - Copying 0 resource from src\main\resources to target\classes
2024-10-30 01:16:16,568 [Worker-85: Building] INFO  o.a.m.s.f.DefaultMavenResourcesFiltering - skip non existing resourceDirectory C:\Users\Matias Mamani\Desktop\Proyecto Pino\ProyectoFabrica_PS\Backend\ProyectoFabricaPS\src\test\resources
2024-10-30 01:16:28,349 [Worker-89: Building] INFO  o.a.m.s.f.DefaultMavenResourcesFiltering - Copying 1 resource from src\main\resources to target\classes
2024-10-30 01:16:28,359 [Worker-89: Building] INFO  o.a.m.s.f.DefaultMavenResourcesFiltering - Copying 0 resource from src\main\resources to target\classes
2024-10-30 01:16:28,362 [Worker-89: Building] INFO  o.a.m.s.f.DefaultMavenResourcesFiltering - skip non existing resourceDirectory C:\Users\Matias Mamani\Desktop\Proyecto Pino\ProyectoFabrica_PS\Backend\ProyectoFabricaPS\src\test\resources
2024-10-30 01:16:29,473 [Worker-89: Building] INFO  o.a.m.s.f.DefaultMavenResourcesFiltering - Copying 1 resource from src\main\resources to target\classes
2024-10-30 01:16:29,483 [Worker-89: Building] INFO  o.a.m.s.f.DefaultMavenResourcesFiltering - Copying 0 resource from src\main\resources to target\classes
2024-10-30 01:16:29,486 [Worker-89: Building] INFO  o.a.m.s.f.DefaultMavenResourcesFiltering - skip non existing resourceDirectory C:\Users\Matias Mamani\Desktop\Proyecto Pino\ProyectoFabrica_PS\Backend\ProyectoFabricaPS\src\test\resources
2024-10-30 01:17:11,868 [Worker-87: Building] INFO  o.a.m.s.f.DefaultMavenResourcesFiltering - Copying 1 resource from src\main\resources to target\classes
2024-10-30 01:17:11,881 [Worker-87: Building] INFO  o.a.m.s.f.DefaultMavenResourcesFiltering - Copying 0 resource from src\main\resources to target\classes
2024-10-30 01:17:11,885 [Worker-87: Building] INFO  o.a.m.s.f.DefaultMavenResourcesFiltering - skip non existing resourceDirectory C:\Users\Matias Mamani\Desktop\Proyecto Pino\ProyectoFabrica_PS\Backend\ProyectoFabricaPS\src\test\resources
2024-10-30 01:17:22,069 [Worker-90: Building] INFO  o.a.m.s.f.DefaultMavenResourcesFiltering - Copying 1 resource from src\main\resources to target\classes
2024-10-30 01:17:22,081 [Worker-90: Building] INFO  o.a.m.s.f.DefaultMavenResourcesFiltering - Copying 0 resource from src\main\resources to target\classes
2024-10-30 01:17:22,084 [Worker-90: Building] INFO  o.a.m.s.f.DefaultMavenResourcesFiltering - skip non existing resourceDirectory C:\Users\Matias Mamani\Desktop\Proyecto Pino\ProyectoFabrica_PS\Backend\ProyectoFabricaPS\src\test\resources
2024-10-30 01:17:23,182 [Worker-77: Building] INFO  o.a.m.s.f.DefaultMavenResourcesFiltering - Copying 1 resource from src\main\resources to target\classes
2024-10-30 01:17:23,196 [Worker-77: Building] INFO  o.a.m.s.f.DefaultMavenResourcesFiltering - Copying 0 resource from src\main\resources to target\classes
2024-10-30 01:17:23,199 [Worker-77: Building] INFO  o.a.m.s.f.DefaultMavenResourcesFiltering - skip non existing resourceDirectory C:\Users\Matias Mamani\Desktop\Proyecto Pino\ProyectoFabrica_PS\Backend\ProyectoFabricaPS\src\test\resources
2024-10-30 01:17:39,043 [Worker-77: Building] INFO  o.a.m.s.f.DefaultMavenResourcesFiltering - Copying 1 resource from src\main\resources to target\classes
2024-10-30 01:17:39,055 [Worker-77: Building] INFO  o.a.m.s.f.DefaultMavenResourcesFiltering - Copying 0 resource from src\main\resources to target\classes
2024-10-30 01:17:39,060 [Worker-77: Building] INFO  o.a.m.s.f.DefaultMavenResourcesFiltering - skip non existing resourceDirectory C:\Users\Matias Mamani\Desktop\Proyecto Pino\ProyectoFabrica_PS\Backend\ProyectoFabricaPS\src\test\resources
2024-10-30 01:17:43,132 [Worker-87: Building] INFO  o.a.m.s.f.DefaultMavenResourcesFiltering - Copying 1 resource from src\main\resources to target\classes
2024-10-30 01:17:43,142 [Worker-87: Building] INFO  o.a.m.s.f.DefaultMavenResourcesFiltering - Copying 0 resource from src\main\resources to target\classes
2024-10-30 01:17:43,144 [Worker-87: Building] INFO  o.a.m.s.f.DefaultMavenResourcesFiltering - skip non existing resourceDirectory C:\Users\Matias Mamani\Desktop\Proyecto Pino\ProyectoFabrica_PS\Backend\ProyectoFabricaPS\src\test\resources
2024-10-30 01:17:49,139 [Worker-87: Building] INFO  o.a.m.s.f.DefaultMavenResourcesFiltering - Copying 1 resource from src\main\resources to target\classes
2024-10-30 01:17:49,149 [Worker-87: Building] INFO  o.a.m.s.f.DefaultMavenResourcesFiltering - Copying 0 resource from src\main\resources to target\classes
2024-10-30 01:17:49,152 [Worker-87: Building] INFO  o.a.m.s.f.DefaultMavenResourcesFiltering - skip non existing resourceDirectory C:\Users\Matias Mamani\Desktop\Proyecto Pino\ProyectoFabrica_PS\Backend\ProyectoFabricaPS\src\test\resources
2024-10-30 01:17:50,274 [Worker-90: Building] INFO  o.a.m.s.f.DefaultMavenResourcesFiltering - Copying 1 resource from src\main\resources to target\classes
2024-10-30 01:17:50,285 [Worker-90: Building] INFO  o.a.m.s.f.DefaultMavenResourcesFiltering - Copying 0 resource from src\main\resources to target\classes
2024-10-30 01:17:50,288 [Worker-90: Building] INFO  o.a.m.s.f.DefaultMavenResourcesFiltering - skip non existing resourceDirectory C:\Users\Matias Mamani\Desktop\Proyecto Pino\ProyectoFabrica_PS\Backend\ProyectoFabricaPS\src\test\resources
2024-10-30 01:18:05,864 [Worker-88: Building] INFO  o.a.m.s.f.DefaultMavenResourcesFiltering - Copying 1 resource from src\main\resources to target\classes
2024-10-30 01:18:05,874 [Worker-88: Building] INFO  o.a.m.s.f.DefaultMavenResourcesFiltering - Copying 0 resource from src\main\resources to target\classes
2024-10-30 01:18:05,879 [Worker-88: Building] INFO  o.a.m.s.f.DefaultMavenResourcesFiltering - skip non existing resourceDirectory C:\Users\Matias Mamani\Desktop\Proyecto Pino\ProyectoFabrica_PS\Backend\ProyectoFabricaPS\src\test\resources
2024-10-30 01:18:13,586 [Worker-87: Building] INFO  o.a.m.s.f.DefaultMavenResourcesFiltering - Copying 1 resource from src\main\resources to target\classes
2024-10-30 01:18:13,602 [Worker-87: Building] INFO  o.a.m.s.f.DefaultMavenResourcesFiltering - Copying 0 resource from src\main\resources to target\classes
2024-10-30 01:18:13,607 [Worker-87: Building] INFO  o.a.m.s.f.DefaultMavenResourcesFiltering - skip non existing resourceDirectory C:\Users\Matias Mamani\Desktop\Proyecto Pino\ProyectoFabrica_PS\Backend\ProyectoFabricaPS\src\test\resources
2024-10-30 01:18:17,498 [Worker-87: Building] INFO  o.a.m.s.f.DefaultMavenResourcesFiltering - Copying 1 resource from src\main\resources to target\classes
2024-10-30 01:18:17,510 [Worker-87: Building] INFO  o.a.m.s.f.DefaultMavenResourcesFiltering - Copying 0 resource from src\main\resources to target\classes
2024-10-30 01:18:17,513 [Worker-87: Building] INFO  o.a.m.s.f.DefaultMavenResourcesFiltering - skip non existing resourceDirectory C:\Users\Matias Mamani\Desktop\Proyecto Pino\ProyectoFabrica_PS\Backend\ProyectoFabricaPS\src\test\resources
2024-10-30 01:18:39,247 [Worker-79: Building] INFO  o.a.m.s.f.DefaultMavenResourcesFiltering - Copying 1 resource from src\main\resources to target\classes
2024-10-30 01:18:39,261 [Worker-79: Building] INFO  o.a.m.s.f.DefaultMavenResourcesFiltering - Copying 0 resource from src\main\resources to target\classes
2024-10-30 01:18:39,265 [Worker-79: Building] INFO  o.a.m.s.f.DefaultMavenResourcesFiltering - skip non existing resourceDirectory C:\Users\Matias Mamani\Desktop\Proyecto Pino\ProyectoFabrica_PS\Backend\ProyectoFabricaPS\src\test\resources
2024-10-30 01:18:50,041 [Worker-87: Building] INFO  o.a.m.s.f.DefaultMavenResourcesFiltering - Copying 1 resource from src\main\resources to target\classes
2024-10-30 01:18:50,050 [Worker-87: Building] INFO  o.a.m.s.f.DefaultMavenResourcesFiltering - Copying 0 resource from src\main\resources to target\classes
2024-10-30 01:18:50,053 [Worker-87: Building] INFO  o.a.m.s.f.DefaultMavenResourcesFiltering - skip non existing resourceDirectory C:\Users\Matias Mamani\Desktop\Proyecto Pino\ProyectoFabrica_PS\Backend\ProyectoFabricaPS\src\test\resources
2024-10-30 01:18:51,122 [Worker-87: Building] INFO  o.a.m.s.f.DefaultMavenResourcesFiltering - Copying 1 resource from src\main\resources to target\classes
2024-10-30 01:18:51,131 [Worker-87: Building] INFO  o.a.m.s.f.DefaultMavenResourcesFiltering - Copying 0 resource from src\main\resources to target\classes
2024-10-30 01:18:51,134 [Worker-87: Building] INFO  o.a.m.s.f.DefaultMavenResourcesFiltering - skip non existing resourceDirectory C:\Users\Matias Mamani\Desktop\Proyecto Pino\ProyectoFabrica_PS\Backend\ProyectoFabricaPS\src\test\resources
2024-10-30 01:19:15,268 [Worker-88: Building] INFO  o.a.m.s.f.DefaultMavenResourcesFiltering - Copying 1 resource from src\main\resources to target\classes
2024-10-30 01:19:15,283 [Worker-88: Building] INFO  o.a.m.s.f.DefaultMavenResourcesFiltering - Copying 0 resource from src\main\resources to target\classes
2024-10-30 01:19:15,289 [Worker-88: Building] INFO  o.a.m.s.f.DefaultMavenResourcesFiltering - skip non existing resourceDirectory C:\Users\Matias Mamani\Desktop\Proyecto Pino\ProyectoFabrica_PS\Backend\ProyectoFabricaPS\src\test\resources
2024-10-30 01:19:25,155 [Worker-88: Building] INFO  o.a.m.s.f.DefaultMavenResourcesFiltering - Copying 1 resource from src\main\resources to target\classes
2024-10-30 01:19:25,168 [Worker-88: Building] INFO  o.a.m.s.f.DefaultMavenResourcesFiltering - Copying 0 resource from src\main\resources to target\classes
2024-10-30 01:19:25,173 [Worker-88: Building] INFO  o.a.m.s.f.DefaultMavenResourcesFiltering - skip non existing resourceDirectory C:\Users\Matias Mamani\Desktop\Proyecto Pino\ProyectoFabrica_PS\Backend\ProyectoFabricaPS\src\test\resources
2024-10-30 01:19:26,291 [Worker-85: Building] INFO  o.a.m.s.f.DefaultMavenResourcesFiltering - Copying 1 resource from src\main\resources to target\classes
2024-10-30 01:19:26,302 [Worker-85: Building] INFO  o.a.m.s.f.DefaultMavenResourcesFiltering - Copying 0 resource from src\main\resources to target\classes
2024-10-30 01:19:26,305 [Worker-85: Building] INFO  o.a.m.s.f.DefaultMavenResourcesFiltering - skip non existing resourceDirectory C:\Users\Matias Mamani\Desktop\Proyecto Pino\ProyectoFabrica_PS\Backend\ProyectoFabricaPS\src\test\resources
2024-10-30 01:19:53,123 [Worker-86: Building] INFO  o.a.m.s.f.DefaultMavenResourcesFiltering - Copying 1 resource from src\main\resources to target\classes
2024-10-30 01:19:53,133 [Worker-86: Building] INFO  o.a.m.s.f.DefaultMavenResourcesFiltering - Copying 0 resource from src\main\resources to target\classes
2024-10-30 01:19:53,137 [Worker-86: Building] INFO  o.a.m.s.f.DefaultMavenResourcesFiltering - skip non existing resourceDirectory C:\Users\Matias Mamani\Desktop\Proyecto Pino\ProyectoFabrica_PS\Backend\ProyectoFabricaPS\src\test\resources
2024-10-30 01:20:02,898 [Worker-91: Building] INFO  o.a.m.s.f.DefaultMavenResourcesFiltering - Copying 1 resource from src\main\resources to target\classes
2024-10-30 01:20:02,910 [Worker-91: Building] INFO  o.a.m.s.f.DefaultMavenResourcesFiltering - Copying 0 resource from src\main\resources to target\classes
2024-10-30 01:20:02,914 [Worker-91: Building] INFO  o.a.m.s.f.DefaultMavenResourcesFiltering - skip non existing resourceDirectory C:\Users\Matias Mamani\Desktop\Proyecto Pino\ProyectoFabrica_PS\Backend\ProyectoFabricaPS\src\test\resources
2024-10-30 01:20:03,987 [Worker-88: Building] INFO  o.a.m.s.f.DefaultMavenResourcesFiltering - Copying 1 resource from src\main\resources to target\classes
2024-10-30 01:20:03,998 [Worker-88: Building] INFO  o.a.m.s.f.DefaultMavenResourcesFiltering - Copying 0 resource from src\main\resources to target\classes
2024-10-30 01:20:04,001 [Worker-88: Building] INFO  o.a.m.s.f.DefaultMavenResourcesFiltering - skip non existing resourceDirectory C:\Users\Matias Mamani\Desktop\Proyecto Pino\ProyectoFabrica_PS\Backend\ProyectoFabricaPS\src\test\resources
2024-10-30 01:20:19,266 [Worker-79: Building] INFO  o.a.m.s.f.DefaultMavenResourcesFiltering - Copying 1 resource from src\main\resources to target\classes
2024-10-30 01:20:19,278 [Worker-79: Building] INFO  o.a.m.s.f.DefaultMavenResourcesFiltering - Copying 0 resource from src\main\resources to target\classes
2024-10-30 01:20:19,282 [Worker-79: Building] INFO  o.a.m.s.f.DefaultMavenResourcesFiltering - skip non existing resourceDirectory C:\Users\Matias Mamani\Desktop\Proyecto Pino\ProyectoFabrica_PS\Backend\ProyectoFabricaPS\src\test\resources
2024-10-30 01:20:28,533 [Worker-88: Building] INFO  o.a.m.s.f.DefaultMavenResourcesFiltering - Copying 1 resource from src\main\resources to target\classes
2024-10-30 01:20:28,541 [Worker-88: Building] INFO  o.a.m.s.f.DefaultMavenResourcesFiltering - Copying 0 resource from src\main\resources to target\classes
2024-10-30 01:20:28,544 [Worker-88: Building] INFO  o.a.m.s.f.DefaultMavenResourcesFiltering - skip non existing resourceDirectory C:\Users\Matias Mamani\Desktop\Proyecto Pino\ProyectoFabrica_PS\Backend\ProyectoFabricaPS\src\test\resources
2024-10-30 21:17:52,237 [Worker-96: Building] INFO  o.a.m.s.f.DefaultMavenResourcesFiltering - Copying 1 resource from src\main\resources to target\classes
2024-10-30 21:17:52,389 [Worker-96: Building] INFO  o.a.m.s.f.DefaultMavenResourcesFiltering - Copying 0 resource from src\main\resources to target\classes
2024-10-30 21:17:52,406 [Worker-96: Building] INFO  o.a.m.s.f.DefaultMavenResourcesFiltering - skip non existing resourceDirectory C:\Users\Matias Mamani\Desktop\Proyecto Pino\ProyectoFabrica_PS\Backend\ProyectoFabricaPS\src\test\resources
2024-10-30 21:18:00,623 [Worker-97: Building] INFO  o.a.m.s.f.DefaultMavenResourcesFiltering - Copying 1 resource from src\main\resources to target\classes
2024-10-30 21:18:00,663 [Worker-97: Building] INFO  o.a.m.s.f.DefaultMavenResourcesFiltering - Copying 0 resource from src\main\resources to target\classes
2024-10-30 21:18:00,675 [Worker-97: Building] INFO  o.a.m.s.f.DefaultMavenResourcesFiltering - skip non existing resourceDirectory C:\Users\Matias Mamani\Desktop\Proyecto Pino\ProyectoFabrica_PS\Backend\ProyectoFabricaPS\src\test\resources
2024-10-30 21:18:22,584 [Worker-96: Building] INFO  o.a.m.s.f.DefaultMavenResourcesFiltering - Copying 1 resource from src\main\resources to target\classes
2024-10-30 21:18:22,646 [Worker-96: Building] INFO  o.a.m.s.f.DefaultMavenResourcesFiltering - Copying 0 resource from src\main\resources to target\classes
2024-10-30 21:18:22,666 [Worker-96: Building] INFO  o.a.m.s.f.DefaultMavenResourcesFiltering - skip non existing resourceDirectory C:\Users\Matias Mamani\Desktop\Proyecto Pino\ProyectoFabrica_PS\Backend\ProyectoFabricaPS\src\test\resources
2024-10-30 21:18:40,156 [Worker-97: Building] INFO  o.a.m.s.f.DefaultMavenResourcesFiltering - Copying 1 resource from src\main\resources to target\classes
2024-10-30 21:18:40,316 [Worker-97: Building] INFO  o.a.m.s.f.DefaultMavenResourcesFiltering - Copying 0 resource from src\main\resources to target\classes
2024-10-30 21:18:40,338 [Worker-97: Building] INFO  o.a.m.s.f.DefaultMavenResourcesFiltering - skip non existing resourceDirectory C:\Users\Matias Mamani\Desktop\Proyecto Pino\ProyectoFabrica_PS\Backend\ProyectoFabricaPS\src\test\resources
2024-10-30 21:18:49,108 [Worker-99: Building] INFO  o.a.m.s.f.DefaultMavenResourcesFiltering - Copying 1 resource from src\main\resources to target\classes
2024-10-30 21:18:49,137 [Worker-99: Building] INFO  o.a.m.s.f.DefaultMavenResourcesFiltering - Copying 0 resource from src\main\resources to target\classes
2024-10-30 21:18:49,148 [Worker-99: Building] INFO  o.a.m.s.f.DefaultMavenResourcesFiltering - skip non existing resourceDirectory C:\Users\Matias Mamani\Desktop\Proyecto Pino\ProyectoFabrica_PS\Backend\ProyectoFabricaPS\src\test\resources
2024-10-30 21:19:17,787 [Worker-96: Building] INFO  o.a.m.s.f.DefaultMavenResourcesFiltering - Copying 1 resource from src\main\resources to target\classes
2024-10-30 21:19:17,815 [Worker-96: Building] INFO  o.a.m.s.f.DefaultMavenResourcesFiltering - Copying 0 resource from src\main\resources to target\classes
2024-10-30 21:19:17,823 [Worker-96: Building] INFO  o.a.m.s.f.DefaultMavenResourcesFiltering - skip non existing resourceDirectory C:\Users\Matias Mamani\Desktop\Proyecto Pino\ProyectoFabrica_PS\Backend\ProyectoFabricaPS\src\test\resources
2024-10-30 21:19:21,104 [Worker-98: Building] INFO  o.a.m.s.f.DefaultMavenResourcesFiltering - Copying 1 resource from src\main\resources to target\classes
2024-10-30 21:19:21,119 [Worker-98: Building] INFO  o.a.m.s.f.DefaultMavenResourcesFiltering - Copying 0 resource from src\main\resources to target\classes
2024-10-30 21:19:21,126 [Worker-98: Building] INFO  o.a.m.s.f.DefaultMavenResourcesFiltering - skip non existing resourceDirectory C:\Users\Matias Mamani\Desktop\Proyecto Pino\ProyectoFabrica_PS\Backend\ProyectoFabricaPS\src\test\resources
2024-10-30 21:19:41,530 [Worker-99: Building] INFO  o.a.m.s.f.DefaultMavenResourcesFiltering - Copying 1 resource from src\main\resources to target\classes
2024-10-30 21:19:41,545 [Worker-99: Building] INFO  o.a.m.s.f.DefaultMavenResourcesFiltering - Copying 0 resource from src\main\resources to target\classes
2024-10-30 21:19:41,553 [Worker-99: Building] INFO  o.a.m.s.f.DefaultMavenResourcesFiltering - skip non existing resourceDirectory C:\Users\Matias Mamani\Desktop\Proyecto Pino\ProyectoFabrica_PS\Backend\ProyectoFabricaPS\src\test\resources
2024-10-30 21:19:47,618 [Worker-95: Building] INFO  o.a.m.s.f.DefaultMavenResourcesFiltering - Copying 1 resource from src\main\resources to target\classes
2024-10-30 21:19:47,635 [Worker-95: Building] INFO  o.a.m.s.f.DefaultMavenResourcesFiltering - Copying 0 resource from src\main\resources to target\classes
2024-10-30 21:19:47,641 [Worker-95: Building] INFO  o.a.m.s.f.DefaultMavenResourcesFiltering - skip non existing resourceDirectory C:\Users\Matias Mamani\Desktop\Proyecto Pino\ProyectoFabrica_PS\Backend\ProyectoFabricaPS\src\test\resources
2024-10-30 21:20:48,506 [Worker-100: Building] INFO  o.a.m.s.f.DefaultMavenResourcesFiltering - Copying 1 resource from src\main\resources to target\classes
2024-10-30 21:20:48,524 [Worker-100: Building] INFO  o.a.m.s.f.DefaultMavenResourcesFiltering - Copying 0 resource from src\main\resources to target\classes
2024-10-30 21:20:48,529 [Worker-100: Building] INFO  o.a.m.s.f.DefaultMavenResourcesFiltering - skip non existing resourceDirectory C:\Users\Matias Mamani\Desktop\Proyecto Pino\ProyectoFabrica_PS\Backend\ProyectoFabricaPS\src\test\resources
2024-10-30 21:20:49,689 [Worker-100: Building] INFO  o.a.m.s.f.DefaultMavenResourcesFiltering - Copying 1 resource from src\main\resources to target\classes
2024-10-30 21:20:49,710 [Worker-100: Building] INFO  o.a.m.s.f.DefaultMavenResourcesFiltering - Copying 0 resource from src\main\resources to target\classes
2024-10-30 21:20:49,722 [Worker-100: Building] INFO  o.a.m.s.f.DefaultMavenResourcesFiltering - skip non existing resourceDirectory C:\Users\Matias Mamani\Desktop\Proyecto Pino\ProyectoFabrica_PS\Backend\ProyectoFabricaPS\src\test\resources
2024-10-30 21:20:58,913 [Worker-93: Building] INFO  o.a.m.s.f.DefaultMavenResourcesFiltering - Copying 1 resource from src\main\resources to target\classes
2024-10-30 21:20:58,956 [Worker-93: Building] INFO  o.a.m.s.f.DefaultMavenResourcesFiltering - Copying 0 resource from src\main\resources to target\classes
2024-10-30 21:20:58,963 [Worker-93: Building] INFO  o.a.m.s.f.DefaultMavenResourcesFiltering - skip non existing resourceDirectory C:\Users\Matias Mamani\Desktop\Proyecto Pino\ProyectoFabrica_PS\Backend\ProyectoFabricaPS\src\test\resources
2024-10-30 21:21:00,162 [Worker-97: Building] INFO  o.a.m.s.f.DefaultMavenResourcesFiltering - Copying 1 resource from src\main\resources to target\classes
2024-10-30 21:21:00,178 [Worker-97: Building] INFO  o.a.m.s.f.DefaultMavenResourcesFiltering - Copying 0 resource from src\main\resources to target\classes
2024-10-30 21:21:00,185 [Worker-97: Building] INFO  o.a.m.s.f.DefaultMavenResourcesFiltering - skip non existing resourceDirectory C:\Users\Matias Mamani\Desktop\Proyecto Pino\ProyectoFabrica_PS\Backend\ProyectoFabricaPS\src\test\resources
2024-10-30 21:21:01,335 [Worker-101: Building] INFO  o.a.m.s.f.DefaultMavenResourcesFiltering - Copying 1 resource from src\main\resources to target\classes
2024-10-30 21:21:01,359 [Worker-101: Building] INFO  o.a.m.s.f.DefaultMavenResourcesFiltering - Copying 0 resource from src\main\resources to target\classes
2024-10-30 21:21:01,369 [Worker-101: Building] INFO  o.a.m.s.f.DefaultMavenResourcesFiltering - skip non existing resourceDirectory C:\Users\Matias Mamani\Desktop\Proyecto Pino\ProyectoFabrica_PS\Backend\ProyectoFabricaPS\src\test\resources
2024-10-30 21:21:05,430 [Worker-101: Building] INFO  o.a.m.s.f.DefaultMavenResourcesFiltering - Copying 1 resource from src\main\resources to target\classes
2024-10-30 21:21:05,450 [Worker-101: Building] INFO  o.a.m.s.f.DefaultMavenResourcesFiltering - Copying 0 resource from src\main\resources to target\classes
2024-10-30 21:21:05,457 [Worker-101: Building] INFO  o.a.m.s.f.DefaultMavenResourcesFiltering - skip non existing resourceDirectory C:\Users\Matias Mamani\Desktop\Proyecto Pino\ProyectoFabrica_PS\Backend\ProyectoFabricaPS\src\test\resources
2024-10-30 21:24:07,855 [Worker-93: Building] INFO  o.a.m.s.f.DefaultMavenResourcesFiltering - Copying 1 resource from src\main\resources to target\classes
2024-10-30 21:24:07,874 [Worker-93: Building] INFO  o.a.m.s.f.DefaultMavenResourcesFiltering - Copying 0 resource from src\main\resources to target\classes
2024-10-30 21:24:07,881 [Worker-93: Building] INFO  o.a.m.s.f.DefaultMavenResourcesFiltering - skip non existing resourceDirectory C:\Users\Matias Mamani\Desktop\Proyecto Pino\ProyectoFabrica_PS\Backend\ProyectoFabricaPS\src\test\resources
2024-10-30 21:24:17,484 [Worker-103: Building] INFO  o.a.m.s.f.DefaultMavenResourcesFiltering - Copying 1 resource from src\main\resources to target\classes
2024-10-30 21:24:17,508 [Worker-103: Building] INFO  o.a.m.s.f.DefaultMavenResourcesFiltering - Copying 0 resource from src\main\resources to target\classes
2024-10-30 21:24:17,517 [Worker-103: Building] INFO  o.a.m.s.f.DefaultMavenResourcesFiltering - skip non existing resourceDirectory C:\Users\Matias Mamani\Desktop\Proyecto Pino\ProyectoFabrica_PS\Backend\ProyectoFabricaPS\src\test\resources
2024-10-30 21:24:33,238 [Worker-96: Building] INFO  o.a.m.s.f.DefaultMavenResourcesFiltering - Copying 1 resource from src\main\resources to target\classes
2024-10-30 21:24:33,251 [Worker-96: Building] INFO  o.a.m.s.f.DefaultMavenResourcesFiltering - Copying 0 resource from src\main\resources to target\classes
2024-10-30 21:24:33,257 [Worker-96: Building] INFO  o.a.m.s.f.DefaultMavenResourcesFiltering - skip non existing resourceDirectory C:\Users\Matias Mamani\Desktop\Proyecto Pino\ProyectoFabrica_PS\Backend\ProyectoFabricaPS\src\test\resources
2024-10-30 21:24:34,650 [Worker-102: Building] INFO  o.a.m.s.f.DefaultMavenResourcesFiltering - Copying 1 resource from src\main\resources to target\classes
2024-10-30 21:24:34,665 [Worker-102: Building] INFO  o.a.m.s.f.DefaultMavenResourcesFiltering - Copying 0 resource from src\main\resources to target\classes
2024-10-30 21:24:34,670 [Worker-102: Building] INFO  o.a.m.s.f.DefaultMavenResourcesFiltering - skip non existing resourceDirectory C:\Users\Matias Mamani\Desktop\Proyecto Pino\ProyectoFabrica_PS\Backend\ProyectoFabricaPS\src\test\resources
2024-10-30 21:24:36,891 [Worker-104: Building] INFO  o.a.m.s.f.DefaultMavenResourcesFiltering - Copying 1 resource from src\main\resources to target\classes
2024-10-30 21:24:36,903 [Worker-104: Building] INFO  o.a.m.s.f.DefaultMavenResourcesFiltering - Copying 0 resource from src\main\resources to target\classes
2024-10-30 21:24:36,909 [Worker-104: Building] INFO  o.a.m.s.f.DefaultMavenResourcesFiltering - skip non existing resourceDirectory C:\Users\Matias Mamani\Desktop\Proyecto Pino\ProyectoFabrica_PS\Backend\ProyectoFabricaPS\src\test\resources
2024-10-30 21:44:52,562 [Worker-108: Building] INFO  o.a.m.s.f.DefaultMavenResourcesFiltering - Copying 1 resource from src\main\resources to target\classes
2024-10-30 21:44:52,593 [Worker-108: Building] INFO  o.a.m.s.f.DefaultMavenResourcesFiltering - Copying 0 resource from src\main\resources to target\classes
2024-10-30 21:44:52,600 [Worker-108: Building] INFO  o.a.m.s.f.DefaultMavenResourcesFiltering - skip non existing resourceDirectory C:\Users\Matias Mamani\Desktop\Proyecto Pino\ProyectoFabrica_PS\Backend\ProyectoFabricaPS\src\test\resources
2024-10-30 21:44:56,130 [Worker-103: Building] INFO  o.a.m.s.f.DefaultMavenResourcesFiltering - Copying 1 resource from src\main\resources to target\classes
2024-10-30 21:44:56,170 [Worker-103: Building] INFO  o.a.m.s.f.DefaultMavenResourcesFiltering - Copying 0 resource from src\main\resources to target\classes
2024-10-30 21:44:56,180 [Worker-103: Building] INFO  o.a.m.s.f.DefaultMavenResourcesFiltering - skip non existing resourceDirectory C:\Users\Matias Mamani\Desktop\Proyecto Pino\ProyectoFabrica_PS\Backend\ProyectoFabricaPS\src\test\resources
2024-10-30 21:45:21,083 [Worker-108: Building] INFO  o.a.m.s.f.DefaultMavenResourcesFiltering - Copying 1 resource from src\main\resources to target\classes
2024-10-30 21:45:21,112 [Worker-108: Building] INFO  o.a.m.s.f.DefaultMavenResourcesFiltering - Copying 0 resource from src\main\resources to target\classes
2024-10-30 21:45:21,119 [Worker-108: Building] INFO  o.a.m.s.f.DefaultMavenResourcesFiltering - skip non existing resourceDirectory C:\Users\Matias Mamani\Desktop\Proyecto Pino\ProyectoFabrica_PS\Backend\ProyectoFabricaPS\src\test\resources
2024-10-30 21:45:26,299 [Worker-108: Building] INFO  o.a.m.s.f.DefaultMavenResourcesFiltering - Copying 1 resource from src\main\resources to target\classes
2024-10-30 21:45:26,330 [Worker-108: Building] INFO  o.a.m.s.f.DefaultMavenResourcesFiltering - Copying 0 resource from src\main\resources to target\classes
2024-10-30 21:45:26,336 [Worker-108: Building] INFO  o.a.m.s.f.DefaultMavenResourcesFiltering - skip non existing resourceDirectory C:\Users\Matias Mamani\Desktop\Proyecto Pino\ProyectoFabrica_PS\Backend\ProyectoFabricaPS\src\test\resources
2024-10-30 21:45:27,537 [Worker-110: Building] INFO  o.a.m.s.f.DefaultMavenResourcesFiltering - Copying 1 resource from src\main\resources to target\classes
2024-10-30 21:45:27,559 [Worker-110: Building] INFO  o.a.m.s.f.DefaultMavenResourcesFiltering - Copying 0 resource from src\main\resources to target\classes
2024-10-30 21:45:27,567 [Worker-110: Building] INFO  o.a.m.s.f.DefaultMavenResourcesFiltering - skip non existing resourceDirectory C:\Users\Matias Mamani\Desktop\Proyecto Pino\ProyectoFabrica_PS\Backend\ProyectoFabricaPS\src\test\resources
2024-10-30 21:45:32,593 [Worker-108: Building] INFO  o.a.m.s.f.DefaultMavenResourcesFiltering - Copying 1 resource from src\main\resources to target\classes
2024-10-30 21:45:32,705 [Worker-108: Building] INFO  o.a.m.s.f.DefaultMavenResourcesFiltering - Copying 0 resource from src\main\resources to target\classes
2024-10-30 21:45:32,711 [Worker-108: Building] INFO  o.a.m.s.f.DefaultMavenResourcesFiltering - skip non existing resourceDirectory C:\Users\Matias Mamani\Desktop\Proyecto Pino\ProyectoFabrica_PS\Backend\ProyectoFabricaPS\src\test\resources
2024-10-30 21:45:40,152 [Worker-109: Building] INFO  o.a.m.s.f.DefaultMavenResourcesFiltering - Copying 1 resource from src\main\resources to target\classes
2024-10-30 21:45:40,170 [Worker-109: Building] INFO  o.a.m.s.f.DefaultMavenResourcesFiltering - Copying 0 resource from src\main\resources to target\classes
2024-10-30 21:45:40,179 [Worker-109: Building] INFO  o.a.m.s.f.DefaultMavenResourcesFiltering - skip non existing resourceDirectory C:\Users\Matias Mamani\Desktop\Proyecto Pino\ProyectoFabrica_PS\Backend\ProyectoFabricaPS\src\test\resources
2024-10-30 21:45:42,354 [Worker-107: Building] INFO  o.a.m.s.f.DefaultMavenResourcesFiltering - Copying 1 resource from src\main\resources to target\classes
2024-10-30 21:45:42,368 [Worker-107: Building] INFO  o.a.m.s.f.DefaultMavenResourcesFiltering - Copying 0 resource from src\main\resources to target\classes
2024-10-30 21:45:42,375 [Worker-107: Building] INFO  o.a.m.s.f.DefaultMavenResourcesFiltering - skip non existing resourceDirectory C:\Users\Matias Mamani\Desktop\Proyecto Pino\ProyectoFabrica_PS\Backend\ProyectoFabricaPS\src\test\resources
2024-10-30 21:46:02,875 [Worker-106: Building] INFO  o.a.m.s.f.DefaultMavenResourcesFiltering - Copying 1 resource from src\main\resources to target\classes
2024-10-30 21:46:02,889 [Worker-106: Building] INFO  o.a.m.s.f.DefaultMavenResourcesFiltering - Copying 0 resource from src\main\resources to target\classes
2024-10-30 21:46:02,894 [Worker-106: Building] INFO  o.a.m.s.f.DefaultMavenResourcesFiltering - skip non existing resourceDirectory C:\Users\Matias Mamani\Desktop\Proyecto Pino\ProyectoFabrica_PS\Backend\ProyectoFabricaPS\src\test\resources
2024-10-30 21:46:12,001 [Worker-108: Building] INFO  o.a.m.s.f.DefaultMavenResourcesFiltering - Copying 1 resource from src\main\resources to target\classes
2024-10-30 21:46:12,017 [Worker-108: Building] INFO  o.a.m.s.f.DefaultMavenResourcesFiltering - Copying 0 resource from src\main\resources to target\classes
2024-10-30 21:46:12,023 [Worker-108: Building] INFO  o.a.m.s.f.DefaultMavenResourcesFiltering - skip non existing resourceDirectory C:\Users\Matias Mamani\Desktop\Proyecto Pino\ProyectoFabrica_PS\Backend\ProyectoFabricaPS\src\test\resources
2024-10-30 21:46:17,870 [Worker-103: Building] INFO  o.a.m.s.f.DefaultMavenResourcesFiltering - Copying 1 resource from src\main\resources to target\classes
2024-10-30 21:46:17,885 [Worker-103: Building] INFO  o.a.m.s.f.DefaultMavenResourcesFiltering - Copying 0 resource from src\main\resources to target\classes
2024-10-30 21:46:17,892 [Worker-103: Building] INFO  o.a.m.s.f.DefaultMavenResourcesFiltering - skip non existing resourceDirectory C:\Users\Matias Mamani\Desktop\Proyecto Pino\ProyectoFabrica_PS\Backend\ProyectoFabricaPS\src\test\resources
2024-10-30 21:46:30,832 [Worker-103: Building] INFO  o.a.m.s.f.DefaultMavenResourcesFiltering - Copying 1 resource from src\main\resources to target\classes
2024-10-30 21:46:30,845 [Worker-103: Building] INFO  o.a.m.s.f.DefaultMavenResourcesFiltering - Copying 0 resource from src\main\resources to target\classes
2024-10-30 21:46:30,853 [Worker-103: Building] INFO  o.a.m.s.f.DefaultMavenResourcesFiltering - skip non existing resourceDirectory C:\Users\Matias Mamani\Desktop\Proyecto Pino\ProyectoFabrica_PS\Backend\ProyectoFabricaPS\src\test\resources
2024-10-30 21:46:36,050 [Worker-110: Building] INFO  o.a.m.s.f.DefaultMavenResourcesFiltering - Copying 1 resource from src\main\resources to target\classes
2024-10-30 21:46:36,066 [Worker-110: Building] INFO  o.a.m.s.f.DefaultMavenResourcesFiltering - Copying 0 resource from src\main\resources to target\classes
2024-10-30 21:46:36,072 [Worker-110: Building] INFO  o.a.m.s.f.DefaultMavenResourcesFiltering - skip non existing resourceDirectory C:\Users\Matias Mamani\Desktop\Proyecto Pino\ProyectoFabrica_PS\Backend\ProyectoFabricaPS\src\test\resources
2024-10-30 21:56:29,863 [Worker-111: Building] INFO  o.a.m.s.f.DefaultMavenResourcesFiltering - Copying 1 resource from src\main\resources to target\classes
2024-10-30 21:56:29,881 [Worker-111: Building] INFO  o.a.m.s.f.DefaultMavenResourcesFiltering - Copying 0 resource from src\main\resources to target\classes
2024-10-30 21:56:29,890 [Worker-111: Building] INFO  o.a.m.s.f.DefaultMavenResourcesFiltering - skip non existing resourceDirectory C:\Users\Matias Mamani\Desktop\Proyecto Pino\ProyectoFabrica_PS\Backend\ProyectoFabricaPS\src\test\resources
2024-10-30 21:56:32,898 [Worker-110: Building] INFO  o.a.m.s.f.DefaultMavenResourcesFiltering - Copying 1 resource from src\main\resources to target\classes
2024-10-30 21:56:32,919 [Worker-110: Building] INFO  o.a.m.s.f.DefaultMavenResourcesFiltering - Copying 0 resource from src\main\resources to target\classes
2024-10-30 21:56:32,928 [Worker-110: Building] INFO  o.a.m.s.f.DefaultMavenResourcesFiltering - skip non existing resourceDirectory C:\Users\Matias Mamani\Desktop\Proyecto Pino\ProyectoFabrica_PS\Backend\ProyectoFabricaPS\src\test\resources
2024-10-30 21:56:36,260 [Worker-112: Building] INFO  o.a.m.s.f.DefaultMavenResourcesFiltering - Copying 1 resource from src\main\resources to target\classes
2024-10-30 21:56:36,279 [Worker-112: Building] INFO  o.a.m.s.f.DefaultMavenResourcesFiltering - Copying 0 resource from src\main\resources to target\classes
2024-10-30 21:56:36,287 [Worker-112: Building] INFO  o.a.m.s.f.DefaultMavenResourcesFiltering - skip non existing resourceDirectory C:\Users\Matias Mamani\Desktop\Proyecto Pino\ProyectoFabrica_PS\Backend\ProyectoFabricaPS\src\test\resources
2024-10-30 21:56:43,977 [Worker-110: Building] INFO  o.a.m.s.f.DefaultMavenResourcesFiltering - Copying 1 resource from src\main\resources to target\classes
2024-10-30 21:56:44,013 [Worker-110: Building] INFO  o.a.m.s.f.DefaultMavenResourcesFiltering - Copying 0 resource from src\main\resources to target\classes
2024-10-30 21:56:44,019 [Worker-110: Building] INFO  o.a.m.s.f.DefaultMavenResourcesFiltering - skip non existing resourceDirectory C:\Users\Matias Mamani\Desktop\Proyecto Pino\ProyectoFabrica_PS\Backend\ProyectoFabricaPS\src\test\resources
2024-10-30 21:56:52,614 [Worker-111: Building] INFO  o.a.m.s.f.DefaultMavenResourcesFiltering - Copying 1 resource from src\main\resources to target\classes
2024-10-30 21:56:52,693 [Worker-111: Building] INFO  o.a.m.s.f.DefaultMavenResourcesFiltering - Copying 0 resource from src\main\resources to target\classes
2024-10-30 21:56:52,701 [Worker-111: Building] INFO  o.a.m.s.f.DefaultMavenResourcesFiltering - skip non existing resourceDirectory C:\Users\Matias Mamani\Desktop\Proyecto Pino\ProyectoFabrica_PS\Backend\ProyectoFabricaPS\src\test\resources
2024-10-30 21:57:06,942 [Worker-113: Building] INFO  o.a.m.s.f.DefaultMavenResourcesFiltering - Copying 1 resource from src\main\resources to target\classes
2024-10-30 21:57:06,956 [Worker-113: Building] INFO  o.a.m.s.f.DefaultMavenResourcesFiltering - Copying 0 resource from src\main\resources to target\classes
2024-10-30 21:57:06,962 [Worker-113: Building] INFO  o.a.m.s.f.DefaultMavenResourcesFiltering - skip non existing resourceDirectory C:\Users\Matias Mamani\Desktop\Proyecto Pino\ProyectoFabrica_PS\Backend\ProyectoFabricaPS\src\test\resources
2024-10-30 21:57:08,124 [Worker-114: Building] INFO  o.a.m.s.f.DefaultMavenResourcesFiltering - Copying 1 resource from src\main\resources to target\classes
2024-10-30 21:57:08,137 [Worker-114: Building] INFO  o.a.m.s.f.DefaultMavenResourcesFiltering - Copying 0 resource from src\main\resources to target\classes
2024-10-30 21:57:08,142 [Worker-114: Building] INFO  o.a.m.s.f.DefaultMavenResourcesFiltering - skip non existing resourceDirectory C:\Users\Matias Mamani\Desktop\Proyecto Pino\ProyectoFabrica_PS\Backend\ProyectoFabricaPS\src\test\resources
2024-10-30 21:57:22,215 [Worker-111: Building] INFO  o.a.m.s.f.DefaultMavenResourcesFiltering - Copying 1 resource from src\main\resources to target\classes
2024-10-30 21:57:22,228 [Worker-111: Building] INFO  o.a.m.s.f.DefaultMavenResourcesFiltering - Copying 0 resource from src\main\resources to target\classes
2024-10-30 21:57:22,235 [Worker-111: Building] INFO  o.a.m.s.f.DefaultMavenResourcesFiltering - skip non existing resourceDirectory C:\Users\Matias Mamani\Desktop\Proyecto Pino\ProyectoFabrica_PS\Backend\ProyectoFabricaPS\src\test\resources
2024-10-30 21:57:28,419 [Worker-115: Building] INFO  o.a.m.s.f.DefaultMavenResourcesFiltering - Copying 1 resource from src\main\resources to target\classes
2024-10-30 21:57:28,439 [Worker-115: Building] INFO  o.a.m.s.f.DefaultMavenResourcesFiltering - Copying 0 resource from src\main\resources to target\classes
2024-10-30 21:57:28,446 [Worker-115: Building] INFO  o.a.m.s.f.DefaultMavenResourcesFiltering - skip non existing resourceDirectory C:\Users\Matias Mamani\Desktop\Proyecto Pino\ProyectoFabrica_PS\Backend\ProyectoFabricaPS\src\test\resources
2024-10-30 21:57:53,339 [Worker-112: Building] INFO  o.a.m.s.f.DefaultMavenResourcesFiltering - Copying 1 resource from src\main\resources to target\classes
2024-10-30 21:57:53,356 [Worker-112: Building] INFO  o.a.m.s.f.DefaultMavenResourcesFiltering - Copying 0 resource from src\main\resources to target\classes
2024-10-30 21:57:53,363 [Worker-112: Building] INFO  o.a.m.s.f.DefaultMavenResourcesFiltering - skip non existing resourceDirectory C:\Users\Matias Mamani\Desktop\Proyecto Pino\ProyectoFabrica_PS\Backend\ProyectoFabricaPS\src\test\resources
2024-10-30 21:58:11,089 [Worker-113: Building] INFO  o.a.m.s.f.DefaultMavenResourcesFiltering - Copying 1 resource from src\main\resources to target\classes
2024-10-30 21:58:11,126 [Worker-113: Building] INFO  o.a.m.s.f.DefaultMavenResourcesFiltering - Copying 0 resource from src\main\resources to target\classes
2024-10-30 21:58:11,132 [Worker-113: Building] INFO  o.a.m.s.f.DefaultMavenResourcesFiltering - skip non existing resourceDirectory C:\Users\Matias Mamani\Desktop\Proyecto Pino\ProyectoFabrica_PS\Backend\ProyectoFabricaPS\src\test\resources
2024-10-30 21:58:19,479 [Worker-114: Building] INFO  o.a.m.s.f.DefaultMavenResourcesFiltering - Copying 1 resource from src\main\resources to target\classes
2024-10-30 21:58:19,496 [Worker-114: Building] INFO  o.a.m.s.f.DefaultMavenResourcesFiltering - Copying 0 resource from src\main\resources to target\classes
2024-10-30 21:58:19,503 [Worker-114: Building] INFO  o.a.m.s.f.DefaultMavenResourcesFiltering - skip non existing resourceDirectory C:\Users\Matias Mamani\Desktop\Proyecto Pino\ProyectoFabrica_PS\Backend\ProyectoFabricaPS\src\test\resources
2024-10-30 21:58:30,987 [Worker-111: Building] INFO  o.a.m.s.f.DefaultMavenResourcesFiltering - Copying 1 resource from src\main\resources to target\classes
2024-10-30 21:58:31,007 [Worker-111: Building] INFO  o.a.m.s.f.DefaultMavenResourcesFiltering - Copying 0 resource from src\main\resources to target\classes
2024-10-30 21:58:31,015 [Worker-111: Building] INFO  o.a.m.s.f.DefaultMavenResourcesFiltering - skip non existing resourceDirectory C:\Users\Matias Mamani\Desktop\Proyecto Pino\ProyectoFabrica_PS\Backend\ProyectoFabricaPS\src\test\resources
2024-10-30 21:58:41,954 [Worker-112: Building] INFO  o.a.m.s.f.DefaultMavenResourcesFiltering - Copying 1 resource from src\main\resources to target\classes
2024-10-30 21:58:41,967 [Worker-112: Building] INFO  o.a.m.s.f.DefaultMavenResourcesFiltering - Copying 0 resource from src\main\resources to target\classes
2024-10-30 21:58:41,972 [Worker-112: Building] INFO  o.a.m.s.f.DefaultMavenResourcesFiltering - skip non existing resourceDirectory C:\Users\Matias Mamani\Desktop\Proyecto Pino\ProyectoFabrica_PS\Backend\ProyectoFabricaPS\src\test\resources
2024-10-30 21:59:35,218 [Worker-113: Building] INFO  o.a.m.s.f.DefaultMavenResourcesFiltering - Copying 1 resource from src\main\resources to target\classes
2024-10-30 21:59:35,232 [Worker-113: Building] INFO  o.a.m.s.f.DefaultMavenResourcesFiltering - Copying 0 resource from src\main\resources to target\classes
2024-10-30 21:59:35,237 [Worker-113: Building] INFO  o.a.m.s.f.DefaultMavenResourcesFiltering - skip non existing resourceDirectory C:\Users\Matias Mamani\Desktop\Proyecto Pino\ProyectoFabrica_PS\Backend\ProyectoFabricaPS\src\test\resources
2024-10-30 22:02:24,518 [Worker-117: Building] INFO  o.a.m.s.f.DefaultMavenResourcesFiltering - Copying 1 resource from src\main\resources to target\classes
2024-10-30 22:02:24,533 [Worker-117: Building] INFO  o.a.m.s.f.DefaultMavenResourcesFiltering - Copying 0 resource from src\main\resources to target\classes
2024-10-30 22:02:24,538 [Worker-117: Building] INFO  o.a.m.s.f.DefaultMavenResourcesFiltering - skip non existing resourceDirectory C:\Users\Matias Mamani\Desktop\Proyecto Pino\ProyectoFabrica_PS\Backend\ProyectoFabricaPS\src\test\resources
2024-10-30 22:02:29,716 [Worker-118: Building] INFO  o.a.m.s.f.DefaultMavenResourcesFiltering - Copying 1 resource from src\main\resources to target\classes
2024-10-30 22:02:29,733 [Worker-118: Building] INFO  o.a.m.s.f.DefaultMavenResourcesFiltering - Copying 0 resource from src\main\resources to target\classes
2024-10-30 22:02:29,738 [Worker-118: Building] INFO  o.a.m.s.f.DefaultMavenResourcesFiltering - skip non existing resourceDirectory C:\Users\Matias Mamani\Desktop\Proyecto Pino\ProyectoFabrica_PS\Backend\ProyectoFabricaPS\src\test\resources
2024-10-30 22:02:54,182 [Worker-117: Building] INFO  o.a.m.s.f.DefaultMavenResourcesFiltering - Copying 1 resource from src\main\resources to target\classes
2024-10-30 22:02:54,200 [Worker-117: Building] INFO  o.a.m.s.f.DefaultMavenResourcesFiltering - Copying 0 resource from src\main\resources to target\classes
2024-10-30 22:02:54,208 [Worker-117: Building] INFO  o.a.m.s.f.DefaultMavenResourcesFiltering - skip non existing resourceDirectory C:\Users\Matias Mamani\Desktop\Proyecto Pino\ProyectoFabrica_PS\Backend\ProyectoFabricaPS\src\test\resources
2024-10-30 22:04:19,551 [Worker-118: Building] INFO  o.a.m.s.f.DefaultMavenResourcesFiltering - Copying 1 resource from src\main\resources to target\classes
2024-10-30 22:04:19,566 [Worker-118: Building] INFO  o.a.m.s.f.DefaultMavenResourcesFiltering - Copying 0 resource from src\main\resources to target\classes
2024-10-30 22:04:19,573 [Worker-118: Building] INFO  o.a.m.s.f.DefaultMavenResourcesFiltering - skip non existing resourceDirectory C:\Users\Matias Mamani\Desktop\Proyecto Pino\ProyectoFabrica_PS\Backend\ProyectoFabricaPS\src\test\resources
2024-10-30 22:04:31,105 [Worker-121: Building] INFO  o.a.m.s.f.DefaultMavenResourcesFiltering - Copying 1 resource from src\main\resources to target\classes
2024-10-30 22:04:31,130 [Worker-121: Building] INFO  o.a.m.s.f.DefaultMavenResourcesFiltering - Copying 0 resource from src\main\resources to target\classes
2024-10-30 22:04:31,138 [Worker-121: Building] INFO  o.a.m.s.f.DefaultMavenResourcesFiltering - skip non existing resourceDirectory C:\Users\Matias Mamani\Desktop\Proyecto Pino\ProyectoFabrica_PS\Backend\ProyectoFabricaPS\src\test\resources
2024-10-30 22:04:34,994 [Worker-119: Building] INFO  o.a.m.s.f.DefaultMavenResourcesFiltering - Copying 1 resource from src\main\resources to target\classes
2024-10-30 22:04:35,012 [Worker-119: Building] INFO  o.a.m.s.f.DefaultMavenResourcesFiltering - Copying 0 resource from src\main\resources to target\classes
2024-10-30 22:04:35,020 [Worker-119: Building] INFO  o.a.m.s.f.DefaultMavenResourcesFiltering - skip non existing resourceDirectory C:\Users\Matias Mamani\Desktop\Proyecto Pino\ProyectoFabrica_PS\Backend\ProyectoFabricaPS\src\test\resources
2024-10-30 22:04:36,374 [Worker-117: Building] INFO  o.a.m.s.f.DefaultMavenResourcesFiltering - Copying 1 resource from src\main\resources to target\classes
2024-10-30 22:04:36,388 [Worker-117: Building] INFO  o.a.m.s.f.DefaultMavenResourcesFiltering - Copying 0 resource from src\main\resources to target\classes
2024-10-30 22:04:36,394 [Worker-117: Building] INFO  o.a.m.s.f.DefaultMavenResourcesFiltering - skip non existing resourceDirectory C:\Users\Matias Mamani\Desktop\Proyecto Pino\ProyectoFabrica_PS\Backend\ProyectoFabricaPS\src\test\resources
2024-10-30 22:04:44,704 [Worker-118: Building] INFO  o.a.m.s.f.DefaultMavenResourcesFiltering - Copying 1 resource from src\main\resources to target\classes
2024-10-30 22:04:44,720 [Worker-118: Building] INFO  o.a.m.s.f.DefaultMavenResourcesFiltering - Copying 0 resource from src\main\resources to target\classes
2024-10-30 22:04:44,731 [Worker-118: Building] INFO  o.a.m.s.f.DefaultMavenResourcesFiltering - skip non existing resourceDirectory C:\Users\Matias Mamani\Desktop\Proyecto Pino\ProyectoFabrica_PS\Backend\ProyectoFabricaPS\src\test\resources
2024-10-30 22:05:04,605 [Worker-123: Building] INFO  o.a.m.s.f.DefaultMavenResourcesFiltering - Copying 1 resource from src\main\resources to target\classes
2024-10-30 22:05:04,620 [Worker-123: Building] INFO  o.a.m.s.f.DefaultMavenResourcesFiltering - Copying 0 resource from src\main\resources to target\classes
2024-10-30 22:05:04,625 [Worker-123: Building] INFO  o.a.m.s.f.DefaultMavenResourcesFiltering - skip non existing resourceDirectory C:\Users\Matias Mamani\Desktop\Proyecto Pino\ProyectoFabrica_PS\Backend\ProyectoFabricaPS\src\test\resources
2024-10-30 22:05:05,815 [Worker-118: Building] INFO  o.a.m.s.f.DefaultMavenResourcesFiltering - Copying 1 resource from src\main\resources to target\classes
2024-10-30 22:05:05,826 [Worker-118: Building] INFO  o.a.m.s.f.DefaultMavenResourcesFiltering - Copying 0 resource from src\main\resources to target\classes
2024-10-30 22:05:05,831 [Worker-118: Building] INFO  o.a.m.s.f.DefaultMavenResourcesFiltering - skip non existing resourceDirectory C:\Users\Matias Mamani\Desktop\Proyecto Pino\ProyectoFabrica_PS\Backend\ProyectoFabricaPS\src\test\resources
2024-10-30 22:05:11,857 [Worker-119: Building] INFO  o.a.m.s.f.DefaultMavenResourcesFiltering - Copying 1 resource from src\main\resources to target\classes
2024-10-30 22:05:11,880 [Worker-119: Building] INFO  o.a.m.s.f.DefaultMavenResourcesFiltering - Copying 0 resource from src\main\resources to target\classes
2024-10-30 22:05:11,887 [Worker-119: Building] INFO  o.a.m.s.f.DefaultMavenResourcesFiltering - skip non existing resourceDirectory C:\Users\Matias Mamani\Desktop\Proyecto Pino\ProyectoFabrica_PS\Backend\ProyectoFabricaPS\src\test\resources
2024-10-30 22:05:17,920 [Worker-122: Building] INFO  o.a.m.s.f.DefaultMavenResourcesFiltering - Copying 1 resource from src\main\resources to target\classes
2024-10-30 22:05:17,940 [Worker-122: Building] INFO  o.a.m.s.f.DefaultMavenResourcesFiltering - Copying 0 resource from src\main\resources to target\classes
2024-10-30 22:05:17,950 [Worker-122: Building] INFO  o.a.m.s.f.DefaultMavenResourcesFiltering - skip non existing resourceDirectory C:\Users\Matias Mamani\Desktop\Proyecto Pino\ProyectoFabrica_PS\Backend\ProyectoFabricaPS\src\test\resources
2024-10-30 22:05:27,541 [Worker-118: Building] INFO  o.a.m.s.f.DefaultMavenResourcesFiltering - Copying 1 resource from src\main\resources to target\classes
2024-10-30 22:05:27,553 [Worker-118: Building] INFO  o.a.m.s.f.DefaultMavenResourcesFiltering - Copying 0 resource from src\main\resources to target\classes
2024-10-30 22:05:27,561 [Worker-118: Building] INFO  o.a.m.s.f.DefaultMavenResourcesFiltering - skip non existing resourceDirectory C:\Users\Matias Mamani\Desktop\Proyecto Pino\ProyectoFabrica_PS\Backend\ProyectoFabricaPS\src\test\resources
2024-10-30 22:05:39,973 [Worker-117: Building] INFO  o.a.m.s.f.DefaultMavenResourcesFiltering - Copying 1 resource from src\main\resources to target\classes
2024-10-30 22:05:39,987 [Worker-117: Building] INFO  o.a.m.s.f.DefaultMavenResourcesFiltering - Copying 0 resource from src\main\resources to target\classes
2024-10-30 22:05:39,993 [Worker-117: Building] INFO  o.a.m.s.f.DefaultMavenResourcesFiltering - skip non existing resourceDirectory C:\Users\Matias Mamani\Desktop\Proyecto Pino\ProyectoFabrica_PS\Backend\ProyectoFabricaPS\src\test\resources
2024-10-30 22:05:52,506 [Worker-117: Building] INFO  o.a.m.s.f.DefaultMavenResourcesFiltering - Copying 1 resource from src\main\resources to target\classes
2024-10-30 22:05:52,523 [Worker-117: Building] INFO  o.a.m.s.f.DefaultMavenResourcesFiltering - Copying 0 resource from src\main\resources to target\classes
2024-10-30 22:05:52,531 [Worker-117: Building] INFO  o.a.m.s.f.DefaultMavenResourcesFiltering - skip non existing resourceDirectory C:\Users\Matias Mamani\Desktop\Proyecto Pino\ProyectoFabrica_PS\Backend\ProyectoFabricaPS\src\test\resources
2024-10-30 22:05:53,725 [Worker-121: Building] INFO  o.a.m.s.f.DefaultMavenResourcesFiltering - Copying 1 resource from src\main\resources to target\classes
2024-10-30 22:05:53,738 [Worker-121: Building] INFO  o.a.m.s.f.DefaultMavenResourcesFiltering - Copying 0 resource from src\main\resources to target\classes
2024-10-30 22:05:53,744 [Worker-121: Building] INFO  o.a.m.s.f.DefaultMavenResourcesFiltering - skip non existing resourceDirectory C:\Users\Matias Mamani\Desktop\Proyecto Pino\ProyectoFabrica_PS\Backend\ProyectoFabricaPS\src\test\resources
2024-10-30 22:05:56,025 [Worker-121: Building] INFO  o.a.m.s.f.DefaultMavenResourcesFiltering - Copying 1 resource from src\main\resources to target\classes
2024-10-30 22:05:56,040 [Worker-121: Building] INFO  o.a.m.s.f.DefaultMavenResourcesFiltering - Copying 0 resource from src\main\resources to target\classes
2024-10-30 22:05:56,045 [Worker-121: Building] INFO  o.a.m.s.f.DefaultMavenResourcesFiltering - skip non existing resourceDirectory C:\Users\Matias Mamani\Desktop\Proyecto Pino\ProyectoFabrica_PS\Backend\ProyectoFabricaPS\src\test\resources
2024-10-30 22:06:00,130 [Worker-118: Building] INFO  o.a.m.s.f.DefaultMavenResourcesFiltering - Copying 1 resource from src\main\resources to target\classes
2024-10-30 22:06:00,143 [Worker-118: Building] INFO  o.a.m.s.f.DefaultMavenResourcesFiltering - Copying 0 resource from src\main\resources to target\classes
2024-10-30 22:06:00,150 [Worker-118: Building] INFO  o.a.m.s.f.DefaultMavenResourcesFiltering - skip non existing resourceDirectory C:\Users\Matias Mamani\Desktop\Proyecto Pino\ProyectoFabrica_PS\Backend\ProyectoFabricaPS\src\test\resources
2024-10-30 22:06:09,673 [Worker-119: Building] INFO  o.a.m.s.f.DefaultMavenResourcesFiltering - Copying 1 resource from src\main\resources to target\classes
2024-10-30 22:06:09,687 [Worker-119: Building] INFO  o.a.m.s.f.DefaultMavenResourcesFiltering - Copying 0 resource from src\main\resources to target\classes
2024-10-30 22:06:09,693 [Worker-119: Building] INFO  o.a.m.s.f.DefaultMavenResourcesFiltering - skip non existing resourceDirectory C:\Users\Matias Mamani\Desktop\Proyecto Pino\ProyectoFabrica_PS\Backend\ProyectoFabricaPS\src\test\resources
2024-10-30 22:06:11,731 [Worker-124: Building] INFO  o.a.m.s.f.DefaultMavenResourcesFiltering - Copying 1 resource from src\main\resources to target\classes
2024-10-30 22:06:11,745 [Worker-124: Building] INFO  o.a.m.s.f.DefaultMavenResourcesFiltering - Copying 0 resource from src\main\resources to target\classes
2024-10-30 22:06:11,750 [Worker-124: Building] INFO  o.a.m.s.f.DefaultMavenResourcesFiltering - skip non existing resourceDirectory C:\Users\Matias Mamani\Desktop\Proyecto Pino\ProyectoFabrica_PS\Backend\ProyectoFabricaPS\src\test\resources
2024-10-30 22:06:12,895 [Worker-124: Building] INFO  o.a.m.s.f.DefaultMavenResourcesFiltering - Copying 1 resource from src\main\resources to target\classes
2024-10-30 22:06:12,911 [Worker-124: Building] INFO  o.a.m.s.f.DefaultMavenResourcesFiltering - Copying 0 resource from src\main\resources to target\classes
2024-10-30 22:06:12,919 [Worker-124: Building] INFO  o.a.m.s.f.DefaultMavenResourcesFiltering - skip non existing resourceDirectory C:\Users\Matias Mamani\Desktop\Proyecto Pino\ProyectoFabrica_PS\Backend\ProyectoFabricaPS\src\test\resources
2024-10-30 22:06:18,285 [Worker-121: Building] INFO  o.a.m.s.f.DefaultMavenResourcesFiltering - Copying 1 resource from src\main\resources to target\classes
2024-10-30 22:06:18,300 [Worker-121: Building] INFO  o.a.m.s.f.DefaultMavenResourcesFiltering - Copying 0 resource from src\main\resources to target\classes
2024-10-30 22:06:18,306 [Worker-121: Building] INFO  o.a.m.s.f.DefaultMavenResourcesFiltering - skip non existing resourceDirectory C:\Users\Matias Mamani\Desktop\Proyecto Pino\ProyectoFabrica_PS\Backend\ProyectoFabricaPS\src\test\resources
2024-10-30 22:06:36,758 [Worker-117: Building] INFO  o.a.m.s.f.DefaultMavenResourcesFiltering - Copying 1 resource from src\main\resources to target\classes
2024-10-30 22:06:36,777 [Worker-117: Building] INFO  o.a.m.s.f.DefaultMavenResourcesFiltering - Copying 0 resource from src\main\resources to target\classes
2024-10-30 22:06:36,785 [Worker-117: Building] INFO  o.a.m.s.f.DefaultMavenResourcesFiltering - skip non existing resourceDirectory C:\Users\Matias Mamani\Desktop\Proyecto Pino\ProyectoFabrica_PS\Backend\ProyectoFabricaPS\src\test\resources
2024-10-30 22:06:37,918 [Worker-123: Building] INFO  o.a.m.s.f.DefaultMavenResourcesFiltering - Copying 1 resource from src\main\resources to target\classes
2024-10-30 22:06:37,930 [Worker-123: Building] INFO  o.a.m.s.f.DefaultMavenResourcesFiltering - Copying 0 resource from src\main\resources to target\classes
2024-10-30 22:06:37,935 [Worker-123: Building] INFO  o.a.m.s.f.DefaultMavenResourcesFiltering - skip non existing resourceDirectory C:\Users\Matias Mamani\Desktop\Proyecto Pino\ProyectoFabrica_PS\Backend\ProyectoFabricaPS\src\test\resources
2024-10-30 22:06:59,894 [Worker-124: Building] INFO  o.a.m.s.f.DefaultMavenResourcesFiltering - Copying 1 resource from src\main\resources to target\classes
2024-10-30 22:06:59,908 [Worker-124: Building] INFO  o.a.m.s.f.DefaultMavenResourcesFiltering - Copying 0 resource from src\main\resources to target\classes
2024-10-30 22:06:59,912 [Worker-124: Building] INFO  o.a.m.s.f.DefaultMavenResourcesFiltering - skip non existing resourceDirectory C:\Users\Matias Mamani\Desktop\Proyecto Pino\ProyectoFabrica_PS\Backend\ProyectoFabricaPS\src\test\resources
2024-10-30 22:07:03,620 [Worker-117: Building] INFO  o.a.m.s.f.DefaultMavenResourcesFiltering - Copying 1 resource from src\main\resources to target\classes
2024-10-30 22:07:03,634 [Worker-117: Building] INFO  o.a.m.s.f.DefaultMavenResourcesFiltering - Copying 0 resource from src\main\resources to target\classes
2024-10-30 22:07:03,639 [Worker-117: Building] INFO  o.a.m.s.f.DefaultMavenResourcesFiltering - skip non existing resourceDirectory C:\Users\Matias Mamani\Desktop\Proyecto Pino\ProyectoFabrica_PS\Backend\ProyectoFabricaPS\src\test\resources
2024-10-30 22:07:18,359 [Worker-122: Building] INFO  o.a.m.s.f.DefaultMavenResourcesFiltering - Copying 1 resource from src\main\resources to target\classes
2024-10-30 22:07:18,378 [Worker-122: Building] INFO  o.a.m.s.f.DefaultMavenResourcesFiltering - Copying 0 resource from src\main\resources to target\classes
2024-10-30 22:07:18,385 [Worker-122: Building] INFO  o.a.m.s.f.DefaultMavenResourcesFiltering - skip non existing resourceDirectory C:\Users\Matias Mamani\Desktop\Proyecto Pino\ProyectoFabrica_PS\Backend\ProyectoFabricaPS\src\test\resources
2024-10-30 22:07:29,663 [Worker-121: Building] INFO  o.a.m.s.f.DefaultMavenResourcesFiltering - Copying 1 resource from src\main\resources to target\classes
2024-10-30 22:07:29,676 [Worker-121: Building] INFO  o.a.m.s.f.DefaultMavenResourcesFiltering - Copying 0 resource from src\main\resources to target\classes
2024-10-30 22:07:29,682 [Worker-121: Building] INFO  o.a.m.s.f.DefaultMavenResourcesFiltering - skip non existing resourceDirectory C:\Users\Matias Mamani\Desktop\Proyecto Pino\ProyectoFabrica_PS\Backend\ProyectoFabricaPS\src\test\resources
2024-10-30 22:07:32,940 [Worker-124: Building] INFO  o.a.m.s.f.DefaultMavenResourcesFiltering - Copying 1 resource from src\main\resources to target\classes
2024-10-30 22:07:32,951 [Worker-124: Building] INFO  o.a.m.s.f.DefaultMavenResourcesFiltering - Copying 0 resource from src\main\resources to target\classes
2024-10-30 22:07:32,956 [Worker-124: Building] INFO  o.a.m.s.f.DefaultMavenResourcesFiltering - skip non existing resourceDirectory C:\Users\Matias Mamani\Desktop\Proyecto Pino\ProyectoFabrica_PS\Backend\ProyectoFabricaPS\src\test\resources
2024-10-30 22:07:34,429 [Worker-124: Building] INFO  o.a.m.s.f.DefaultMavenResourcesFiltering - Copying 1 resource from src\main\resources to target\classes
2024-10-30 22:07:34,444 [Worker-124: Building] INFO  o.a.m.s.f.DefaultMavenResourcesFiltering - Copying 0 resource from src\main\resources to target\classes
2024-10-30 22:07:34,450 [Worker-124: Building] INFO  o.a.m.s.f.DefaultMavenResourcesFiltering - skip non existing resourceDirectory C:\Users\Matias Mamani\Desktop\Proyecto Pino\ProyectoFabrica_PS\Backend\ProyectoFabricaPS\src\test\resources
2024-10-30 22:07:48,563 [Worker-121: Building] INFO  o.a.m.s.f.DefaultMavenResourcesFiltering - Copying 1 resource from src\main\resources to target\classes
2024-10-30 22:07:48,576 [Worker-121: Building] INFO  o.a.m.s.f.DefaultMavenResourcesFiltering - Copying 0 resource from src\main\resources to target\classes
2024-10-30 22:07:48,581 [Worker-121: Building] INFO  o.a.m.s.f.DefaultMavenResourcesFiltering - skip non existing resourceDirectory C:\Users\Matias Mamani\Desktop\Proyecto Pino\ProyectoFabrica_PS\Backend\ProyectoFabricaPS\src\test\resources
2024-10-30 22:07:55,914 [Worker-118: Building] INFO  o.a.m.s.f.DefaultMavenResourcesFiltering - Copying 1 resource from src\main\resources to target\classes
2024-10-30 22:07:55,929 [Worker-118: Building] INFO  o.a.m.s.f.DefaultMavenResourcesFiltering - Copying 0 resource from src\main\resources to target\classes
2024-10-30 22:07:55,935 [Worker-118: Building] INFO  o.a.m.s.f.DefaultMavenResourcesFiltering - skip non existing resourceDirectory C:\Users\Matias Mamani\Desktop\Proyecto Pino\ProyectoFabrica_PS\Backend\ProyectoFabricaPS\src\test\resources
2024-10-30 22:08:08,836 [Worker-117: Building] INFO  o.a.m.s.f.DefaultMavenResourcesFiltering - Copying 1 resource from src\main\resources to target\classes
2024-10-30 22:08:08,850 [Worker-117: Building] INFO  o.a.m.s.f.DefaultMavenResourcesFiltering - Copying 0 resource from src\main\resources to target\classes
2024-10-30 22:08:08,856 [Worker-117: Building] INFO  o.a.m.s.f.DefaultMavenResourcesFiltering - skip non existing resourceDirectory C:\Users\Matias Mamani\Desktop\Proyecto Pino\ProyectoFabrica_PS\Backend\ProyectoFabricaPS\src\test\resources
2024-10-30 22:08:22,887 [Worker-117: Building] INFO  o.a.m.s.f.DefaultMavenResourcesFiltering - Copying 1 resource from src\main\resources to target\classes
2024-10-30 22:08:22,901 [Worker-117: Building] INFO  o.a.m.s.f.DefaultMavenResourcesFiltering - Copying 0 resource from src\main\resources to target\classes
2024-10-30 22:08:22,906 [Worker-117: Building] INFO  o.a.m.s.f.DefaultMavenResourcesFiltering - skip non existing resourceDirectory C:\Users\Matias Mamani\Desktop\Proyecto Pino\ProyectoFabrica_PS\Backend\ProyectoFabricaPS\src\test\resources
2024-10-30 22:08:37,222 [Worker-117: Building] INFO  o.a.m.s.f.DefaultMavenResourcesFiltering - Copying 1 resource from src\main\resources to target\classes
2024-10-30 22:08:37,237 [Worker-117: Building] INFO  o.a.m.s.f.DefaultMavenResourcesFiltering - Copying 0 resource from src\main\resources to target\classes
2024-10-30 22:08:37,242 [Worker-117: Building] INFO  o.a.m.s.f.DefaultMavenResourcesFiltering - skip non existing resourceDirectory C:\Users\Matias Mamani\Desktop\Proyecto Pino\ProyectoFabrica_PS\Backend\ProyectoFabricaPS\src\test\resources
2024-10-30 22:08:40,713 [Worker-118: Building] INFO  o.a.m.s.f.DefaultMavenResourcesFiltering - Copying 1 resource from src\main\resources to target\classes
2024-10-30 22:08:40,726 [Worker-118: Building] INFO  o.a.m.s.f.DefaultMavenResourcesFiltering - Copying 0 resource from src\main\resources to target\classes
2024-10-30 22:08:40,732 [Worker-118: Building] INFO  o.a.m.s.f.DefaultMavenResourcesFiltering - skip non existing resourceDirectory C:\Users\Matias Mamani\Desktop\Proyecto Pino\ProyectoFabrica_PS\Backend\ProyectoFabricaPS\src\test\resources
2024-10-30 22:08:47,294 [Worker-119: Building] INFO  o.a.m.s.f.DefaultMavenResourcesFiltering - Copying 1 resource from src\main\resources to target\classes
2024-10-30 22:08:47,310 [Worker-119: Building] INFO  o.a.m.s.f.DefaultMavenResourcesFiltering - Copying 0 resource from src\main\resources to target\classes
2024-10-30 22:08:47,317 [Worker-119: Building] INFO  o.a.m.s.f.DefaultMavenResourcesFiltering - skip non existing resourceDirectory C:\Users\Matias Mamani\Desktop\Proyecto Pino\ProyectoFabrica_PS\Backend\ProyectoFabricaPS\src\test\resources
2024-10-30 22:08:52,732 [Worker-118: Building] INFO  o.a.m.s.f.DefaultMavenResourcesFiltering - Copying 1 resource from src\main\resources to target\classes
2024-10-30 22:08:52,747 [Worker-118: Building] INFO  o.a.m.s.f.DefaultMavenResourcesFiltering - Copying 0 resource from src\main\resources to target\classes
2024-10-30 22:08:52,755 [Worker-118: Building] INFO  o.a.m.s.f.DefaultMavenResourcesFiltering - skip non existing resourceDirectory C:\Users\Matias Mamani\Desktop\Proyecto Pino\ProyectoFabrica_PS\Backend\ProyectoFabricaPS\src\test\resources
2024-10-30 22:09:55,042 [Worker-118: Building] INFO  o.a.m.s.f.DefaultMavenResourcesFiltering - Copying 1 resource from src\main\resources to target\classes
2024-10-30 22:09:55,057 [Worker-118: Building] INFO  o.a.m.s.f.DefaultMavenResourcesFiltering - Copying 0 resource from src\main\resources to target\classes
2024-10-30 22:09:55,064 [Worker-118: Building] INFO  o.a.m.s.f.DefaultMavenResourcesFiltering - skip non existing resourceDirectory C:\Users\Matias Mamani\Desktop\Proyecto Pino\ProyectoFabrica_PS\Backend\ProyectoFabricaPS\src\test\resources
2024-10-30 22:10:03,009 [Worker-124: Building] INFO  o.a.m.s.f.DefaultMavenResourcesFiltering - Copying 1 resource from src\main\resources to target\classes
2024-10-30 22:10:03,035 [Worker-124: Building] INFO  o.a.m.s.f.DefaultMavenResourcesFiltering - Copying 0 resource from src\main\resources to target\classes
2024-10-30 22:10:03,042 [Worker-124: Building] INFO  o.a.m.s.f.DefaultMavenResourcesFiltering - skip non existing resourceDirectory C:\Users\Matias Mamani\Desktop\Proyecto Pino\ProyectoFabrica_PS\Backend\ProyectoFabricaPS\src\test\resources
2024-10-30 22:10:18,536 [Worker-122: Building] INFO  o.a.m.s.f.DefaultMavenResourcesFiltering - Copying 1 resource from src\main\resources to target\classes
2024-10-30 22:10:18,550 [Worker-122: Building] INFO  o.a.m.s.f.DefaultMavenResourcesFiltering - Copying 0 resource from src\main\resources to target\classes
2024-10-30 22:10:18,555 [Worker-122: Building] INFO  o.a.m.s.f.DefaultMavenResourcesFiltering - skip non existing resourceDirectory C:\Users\Matias Mamani\Desktop\Proyecto Pino\ProyectoFabrica_PS\Backend\ProyectoFabricaPS\src\test\resources
2024-10-30 22:10:23,141 [Worker-118: Building] INFO  o.a.m.s.f.DefaultMavenResourcesFiltering - Copying 1 resource from src\main\resources to target\classes
2024-10-30 22:10:23,160 [Worker-118: Building] INFO  o.a.m.s.f.DefaultMavenResourcesFiltering - Copying 0 resource from src\main\resources to target\classes
2024-10-30 22:10:23,175 [Worker-118: Building] INFO  o.a.m.s.f.DefaultMavenResourcesFiltering - skip non existing resourceDirectory C:\Users\Matias Mamani\Desktop\Proyecto Pino\ProyectoFabrica_PS\Backend\ProyectoFabricaPS\src\test\resources
2024-10-30 22:10:53,102 [Worker-122: Building] INFO  o.a.m.s.f.DefaultMavenResourcesFiltering - Copying 1 resource from src\main\resources to target\classes
2024-10-30 22:10:53,117 [Worker-122: Building] INFO  o.a.m.s.f.DefaultMavenResourcesFiltering - Copying 0 resource from src\main\resources to target\classes
2024-10-30 22:10:53,123 [Worker-122: Building] INFO  o.a.m.s.f.DefaultMavenResourcesFiltering - skip non existing resourceDirectory C:\Users\Matias Mamani\Desktop\Proyecto Pino\ProyectoFabrica_PS\Backend\ProyectoFabricaPS\src\test\resources
2024-10-30 22:10:54,275 [Worker-124: Building] INFO  o.a.m.s.f.DefaultMavenResourcesFiltering - Copying 1 resource from src\main\resources to target\classes
2024-10-30 22:10:54,287 [Worker-124: Building] INFO  o.a.m.s.f.DefaultMavenResourcesFiltering - Copying 0 resource from src\main\resources to target\classes
2024-10-30 22:10:54,292 [Worker-124: Building] INFO  o.a.m.s.f.DefaultMavenResourcesFiltering - skip non existing resourceDirectory C:\Users\Matias Mamani\Desktop\Proyecto Pino\ProyectoFabrica_PS\Backend\ProyectoFabricaPS\src\test\resources
2024-10-30 22:17:46,530 [Worker-126: Building] INFO  o.a.m.s.f.DefaultMavenResourcesFiltering - Copying 1 resource from src\main\resources to target\classes
2024-10-30 22:17:46,547 [Worker-126: Building] INFO  o.a.m.s.f.DefaultMavenResourcesFiltering - Copying 0 resource from src\main\resources to target\classes
2024-10-30 22:17:46,553 [Worker-126: Building] INFO  o.a.m.s.f.DefaultMavenResourcesFiltering - skip non existing resourceDirectory C:\Users\Matias Mamani\Desktop\Proyecto Pino\ProyectoFabrica_PS\Backend\ProyectoFabricaPS\src\test\resources
2024-10-30 22:17:47,701 [Worker-126: Building] INFO  o.a.m.s.f.DefaultMavenResourcesFiltering - Copying 1 resource from src\main\resources to target\classes
2024-10-30 22:17:47,714 [Worker-126: Building] INFO  o.a.m.s.f.DefaultMavenResourcesFiltering - Copying 0 resource from src\main\resources to target\classes
2024-10-30 22:17:47,719 [Worker-126: Building] INFO  o.a.m.s.f.DefaultMavenResourcesFiltering - skip non existing resourceDirectory C:\Users\Matias Mamani\Desktop\Proyecto Pino\ProyectoFabrica_PS\Backend\ProyectoFabricaPS\src\test\resources
2024-10-30 22:17:59,080 [Worker-118: Building] INFO  o.a.m.s.f.DefaultMavenResourcesFiltering - Copying 1 resource from src\main\resources to target\classes
2024-10-30 22:17:59,094 [Worker-118: Building] INFO  o.a.m.s.f.DefaultMavenResourcesFiltering - Copying 0 resource from src\main\resources to target\classes
2024-10-30 22:17:59,100 [Worker-118: Building] INFO  o.a.m.s.f.DefaultMavenResourcesFiltering - skip non existing resourceDirectory C:\Users\Matias Mamani\Desktop\Proyecto Pino\ProyectoFabrica_PS\Backend\ProyectoFabricaPS\src\test\resources
2024-10-30 22:18:06,024 [Worker-118: Building] INFO  o.a.m.s.f.DefaultMavenResourcesFiltering - Copying 1 resource from src\main\resources to target\classes
2024-10-30 22:18:06,040 [Worker-118: Building] INFO  o.a.m.s.f.DefaultMavenResourcesFiltering - Copying 0 resource from src\main\resources to target\classes
2024-10-30 22:18:06,046 [Worker-118: Building] INFO  o.a.m.s.f.DefaultMavenResourcesFiltering - skip non existing resourceDirectory C:\Users\Matias Mamani\Desktop\Proyecto Pino\ProyectoFabrica_PS\Backend\ProyectoFabricaPS\src\test\resources
2024-10-30 22:18:21,033 [Worker-128: Building] INFO  o.a.m.s.f.DefaultMavenResourcesFiltering - Copying 1 resource from src\main\resources to target\classes
2024-10-30 22:18:21,049 [Worker-128: Building] INFO  o.a.m.s.f.DefaultMavenResourcesFiltering - Copying 0 resource from src\main\resources to target\classes
2024-10-30 22:18:21,056 [Worker-128: Building] INFO  o.a.m.s.f.DefaultMavenResourcesFiltering - skip non existing resourceDirectory C:\Users\Matias Mamani\Desktop\Proyecto Pino\ProyectoFabrica_PS\Backend\ProyectoFabricaPS\src\test\resources
2024-10-30 22:25:41,931 [Worker-130: Building] INFO  o.a.m.s.f.DefaultMavenResourcesFiltering - Copying 1 resource from src\main\resources to target\classes
2024-10-30 22:25:41,965 [Worker-130: Building] INFO  o.a.m.s.f.DefaultMavenResourcesFiltering - Copying 0 resource from src\main\resources to target\classes
2024-10-30 22:25:41,971 [Worker-130: Building] INFO  o.a.m.s.f.DefaultMavenResourcesFiltering - skip non existing resourceDirectory C:\Users\Matias Mamani\Desktop\Proyecto Pino\ProyectoFabrica_PS\Backend\ProyectoFabricaPS\src\test\resources
2024-10-30 22:26:09,365 [Worker-131: Building] INFO  o.a.m.s.f.DefaultMavenResourcesFiltering - Copying 1 resource from src\main\resources to target\classes
2024-10-30 22:26:09,420 [Worker-131: Building] INFO  o.a.m.s.f.DefaultMavenResourcesFiltering - Copying 0 resource from src\main\resources to target\classes
2024-10-30 22:26:09,425 [Worker-131: Building] INFO  o.a.m.s.f.DefaultMavenResourcesFiltering - skip non existing resourceDirectory C:\Users\Matias Mamani\Desktop\Proyecto Pino\ProyectoFabrica_PS\Backend\ProyectoFabricaPS\src\test\resources
2024-10-30 22:26:11,809 [Worker-127: Building] INFO  o.a.m.s.f.DefaultMavenResourcesFiltering - Copying 1 resource from src\main\resources to target\classes
2024-10-30 22:26:11,843 [Worker-127: Building] INFO  o.a.m.s.f.DefaultMavenResourcesFiltering - Copying 0 resource from src\main\resources to target\classes
2024-10-30 22:26:11,849 [Worker-127: Building] INFO  o.a.m.s.f.DefaultMavenResourcesFiltering - skip non existing resourceDirectory C:\Users\Matias Mamani\Desktop\Proyecto Pino\ProyectoFabrica_PS\Backend\ProyectoFabricaPS\src\test\resources
2024-10-30 22:28:53,026 [Worker-132: Building] INFO  o.a.m.s.f.DefaultMavenResourcesFiltering - Copying 1 resource from src\main\resources to target\classes
2024-10-30 22:28:53,070 [Worker-132: Building] INFO  o.a.m.s.f.DefaultMavenResourcesFiltering - Copying 0 resource from src\main\resources to target\classes
2024-10-30 22:28:53,075 [Worker-132: Building] INFO  o.a.m.s.f.DefaultMavenResourcesFiltering - skip non existing resourceDirectory C:\Users\Matias Mamani\Desktop\Proyecto Pino\ProyectoFabrica_PS\Backend\ProyectoFabricaPS\src\test\resources
2024-10-30 22:31:21,291 [Worker-135: Building] INFO  o.a.m.s.f.DefaultMavenResourcesFiltering - Copying 1 resource from src\main\resources to target\classes
2024-10-30 22:31:21,311 [Worker-135: Building] INFO  o.a.m.s.f.DefaultMavenResourcesFiltering - Copying 0 resource from src\main\resources to target\classes
2024-10-30 22:31:21,316 [Worker-135: Building] INFO  o.a.m.s.f.DefaultMavenResourcesFiltering - skip non existing resourceDirectory C:\Users\Matias Mamani\Desktop\Proyecto Pino\ProyectoFabrica_PS\Backend\ProyectoFabricaPS\src\test\resources
2024-10-30 22:34:51,425 [Worker-141: Building] INFO  o.a.m.s.f.DefaultMavenResourcesFiltering - Copying 1 resource from src\main\resources to target\classes
2024-10-30 22:34:51,439 [Worker-141: Building] INFO  o.a.m.s.f.DefaultMavenResourcesFiltering - Copying 0 resource from src\main\resources to target\classes
2024-10-30 22:34:51,443 [Worker-141: Building] INFO  o.a.m.s.f.DefaultMavenResourcesFiltering - skip non existing resourceDirectory C:\Users\Matias Mamani\Desktop\Proyecto Pino\ProyectoFabrica_PS\Backend\ProyectoFabricaPS\src\test\resources
2024-10-30 22:34:53,624 [Worker-139: Building] INFO  o.a.m.s.f.DefaultMavenResourcesFiltering - Copying 1 resource from src\main\resources to target\classes
2024-10-30 22:34:53,641 [Worker-139: Building] INFO  o.a.m.s.f.DefaultMavenResourcesFiltering - Copying 0 resource from src\main\resources to target\classes
2024-10-30 22:34:53,648 [Worker-139: Building] INFO  o.a.m.s.f.DefaultMavenResourcesFiltering - skip non existing resourceDirectory C:\Users\Matias Mamani\Desktop\Proyecto Pino\ProyectoFabrica_PS\Backend\ProyectoFabricaPS\src\test\resources
2024-10-30 22:35:17,886 [Worker-144: Building] INFO  o.a.m.s.f.DefaultMavenResourcesFiltering - Copying 1 resource from src\main\resources to target\classes
2024-10-30 22:35:17,903 [Worker-144: Building] INFO  o.a.m.s.f.DefaultMavenResourcesFiltering - Copying 0 resource from src\main\resources to target\classes
2024-10-30 22:35:17,909 [Worker-144: Building] INFO  o.a.m.s.f.DefaultMavenResourcesFiltering - skip non existing resourceDirectory C:\Users\Matias Mamani\Desktop\Proyecto Pino\ProyectoFabrica_PS\Backend\ProyectoFabricaPS\src\test\resources
2024-10-30 22:35:19,053 [Worker-145: Building] INFO  o.a.m.s.f.DefaultMavenResourcesFiltering - Copying 1 resource from src\main\resources to target\classes
2024-10-30 22:35:19,069 [Worker-145: Building] INFO  o.a.m.s.f.DefaultMavenResourcesFiltering - Copying 0 resource from src\main\resources to target\classes
2024-10-30 22:35:19,074 [Worker-145: Building] INFO  o.a.m.s.f.DefaultMavenResourcesFiltering - skip non existing resourceDirectory C:\Users\Matias Mamani\Desktop\Proyecto Pino\ProyectoFabrica_PS\Backend\ProyectoFabricaPS\src\test\resources
2024-10-30 22:35:21,256 [Worker-143: Building] INFO  o.a.m.s.f.DefaultMavenResourcesFiltering - Copying 1 resource from src\main\resources to target\classes
2024-10-30 22:35:21,270 [Worker-143: Building] INFO  o.a.m.s.f.DefaultMavenResourcesFiltering - Copying 0 resource from src\main\resources to target\classes
2024-10-30 22:35:21,277 [Worker-143: Building] INFO  o.a.m.s.f.DefaultMavenResourcesFiltering - skip non existing resourceDirectory C:\Users\Matias Mamani\Desktop\Proyecto Pino\ProyectoFabrica_PS\Backend\ProyectoFabricaPS\src\test\resources
2024-10-30 22:35:26,554 [Worker-144: Building] INFO  o.a.m.s.f.DefaultMavenResourcesFiltering - Copying 1 resource from src\main\resources to target\classes
2024-10-30 22:35:26,568 [Worker-144: Building] INFO  o.a.m.s.f.DefaultMavenResourcesFiltering - Copying 0 resource from src\main\resources to target\classes
2024-10-30 22:35:26,573 [Worker-144: Building] INFO  o.a.m.s.f.DefaultMavenResourcesFiltering - skip non existing resourceDirectory C:\Users\Matias Mamani\Desktop\Proyecto Pino\ProyectoFabrica_PS\Backend\ProyectoFabricaPS\src\test\resources
2024-10-30 22:35:41,854 [Worker-143: Building] INFO  o.a.m.s.f.DefaultMavenResourcesFiltering - Copying 1 resource from src\main\resources to target\classes
2024-10-30 22:35:41,867 [Worker-143: Building] INFO  o.a.m.s.f.DefaultMavenResourcesFiltering - Copying 0 resource from src\main\resources to target\classes
2024-10-30 22:35:41,871 [Worker-143: Building] INFO  o.a.m.s.f.DefaultMavenResourcesFiltering - skip non existing resourceDirectory C:\Users\Matias Mamani\Desktop\Proyecto Pino\ProyectoFabrica_PS\Backend\ProyectoFabricaPS\src\test\resources
2024-10-30 22:36:05,040 [Worker-139: Building] INFO  o.a.m.s.f.DefaultMavenResourcesFiltering - Copying 1 resource from src\main\resources to target\classes
2024-10-30 22:36:05,054 [Worker-139: Building] INFO  o.a.m.s.f.DefaultMavenResourcesFiltering - Copying 0 resource from src\main\resources to target\classes
2024-10-30 22:36:05,059 [Worker-139: Building] INFO  o.a.m.s.f.DefaultMavenResourcesFiltering - skip non existing resourceDirectory C:\Users\Matias Mamani\Desktop\Proyecto Pino\ProyectoFabrica_PS\Backend\ProyectoFabricaPS\src\test\resources
2024-10-30 22:36:06,184 [Worker-144: Building] INFO  o.a.m.s.f.DefaultMavenResourcesFiltering - Copying 1 resource from src\main\resources to target\classes
2024-10-30 22:36:06,299 [Worker-144: Building] INFO  o.a.m.s.f.DefaultMavenResourcesFiltering - Copying 0 resource from src\main\resources to target\classes
2024-10-30 22:36:06,306 [Worker-144: Building] INFO  o.a.m.s.f.DefaultMavenResourcesFiltering - skip non existing resourceDirectory C:\Users\Matias Mamani\Desktop\Proyecto Pino\ProyectoFabrica_PS\Backend\ProyectoFabricaPS\src\test\resources
2024-10-30 22:36:24,111 [Worker-143: Building] INFO  o.a.m.s.f.DefaultMavenResourcesFiltering - Copying 1 resource from src\main\resources to target\classes
2024-10-30 22:36:24,124 [Worker-143: Building] INFO  o.a.m.s.f.DefaultMavenResourcesFiltering - Copying 0 resource from src\main\resources to target\classes
2024-10-30 22:36:24,129 [Worker-143: Building] INFO  o.a.m.s.f.DefaultMavenResourcesFiltering - skip non existing resourceDirectory C:\Users\Matias Mamani\Desktop\Proyecto Pino\ProyectoFabrica_PS\Backend\ProyectoFabricaPS\src\test\resources
2024-10-30 22:36:25,416 [Worker-145: Building] INFO  o.a.m.s.f.DefaultMavenResourcesFiltering - Copying 1 resource from src\main\resources to target\classes
2024-10-30 22:36:25,466 [Worker-145: Building] INFO  o.a.m.s.f.DefaultMavenResourcesFiltering - Copying 0 resource from src\main\resources to target\classes
2024-10-30 22:36:25,472 [Worker-145: Building] INFO  o.a.m.s.f.DefaultMavenResourcesFiltering - skip non existing resourceDirectory C:\Users\Matias Mamani\Desktop\Proyecto Pino\ProyectoFabrica_PS\Backend\ProyectoFabricaPS\src\test\resources
2024-10-30 22:36:52,331 [Worker-139: Building] INFO  o.a.m.s.f.DefaultMavenResourcesFiltering - Copying 1 resource from src\main\resources to target\classes
2024-10-30 22:36:52,344 [Worker-139: Building] INFO  o.a.m.s.f.DefaultMavenResourcesFiltering - Copying 0 resource from src\main\resources to target\classes
2024-10-30 22:36:52,348 [Worker-139: Building] INFO  o.a.m.s.f.DefaultMavenResourcesFiltering - skip non existing resourceDirectory C:\Users\Matias Mamani\Desktop\Proyecto Pino\ProyectoFabrica_PS\Backend\ProyectoFabricaPS\src\test\resources
2024-10-30 22:37:06,671 [Worker-139: Building] INFO  o.a.m.s.f.DefaultMavenResourcesFiltering - Copying 1 resource from src\main\resources to target\classes
2024-10-30 22:37:06,685 [Worker-139: Building] INFO  o.a.m.s.f.DefaultMavenResourcesFiltering - Copying 0 resource from src\main\resources to target\classes
2024-10-30 22:37:06,690 [Worker-139: Building] INFO  o.a.m.s.f.DefaultMavenResourcesFiltering - skip non existing resourceDirectory C:\Users\Matias Mamani\Desktop\Proyecto Pino\ProyectoFabrica_PS\Backend\ProyectoFabricaPS\src\test\resources
2024-10-30 22:37:08,906 [Worker-144: Building] INFO  o.a.m.s.f.DefaultMavenResourcesFiltering - Copying 1 resource from src\main\resources to target\classes
2024-10-30 22:37:08,918 [Worker-144: Building] INFO  o.a.m.s.f.DefaultMavenResourcesFiltering - Copying 0 resource from src\main\resources to target\classes
2024-10-30 22:37:08,923 [Worker-144: Building] INFO  o.a.m.s.f.DefaultMavenResourcesFiltering - skip non existing resourceDirectory C:\Users\Matias Mamani\Desktop\Proyecto Pino\ProyectoFabrica_PS\Backend\ProyectoFabricaPS\src\test\resources
2024-10-30 22:37:19,693 [Worker-143: Building] INFO  o.a.m.s.f.DefaultMavenResourcesFiltering - Copying 1 resource from src\main\resources to target\classes
2024-10-30 22:37:19,706 [Worker-143: Building] INFO  o.a.m.s.f.DefaultMavenResourcesFiltering - Copying 0 resource from src\main\resources to target\classes
2024-10-30 22:37:19,712 [Worker-143: Building] INFO  o.a.m.s.f.DefaultMavenResourcesFiltering - skip non existing resourceDirectory C:\Users\Matias Mamani\Desktop\Proyecto Pino\ProyectoFabrica_PS\Backend\ProyectoFabricaPS\src\test\resources
2024-10-30 22:52:55,384 [Worker-150: Building] INFO  o.a.m.s.f.DefaultMavenResourcesFiltering - Copying 1 resource from src\main\resources to target\classes
2024-10-30 22:52:55,402 [Worker-150: Building] INFO  o.a.m.s.f.DefaultMavenResourcesFiltering - Copying 0 resource from src\main\resources to target\classes
2024-10-30 22:52:55,409 [Worker-150: Building] INFO  o.a.m.s.f.DefaultMavenResourcesFiltering - skip non existing resourceDirectory C:\Users\Matias Mamani\Desktop\Proyecto Pino\ProyectoFabrica_PS\Backend\ProyectoFabricaPS\src\test\resources
2024-10-30 22:52:59,603 [Worker-147: Building] INFO  o.a.m.s.f.DefaultMavenResourcesFiltering - Copying 1 resource from src\main\resources to target\classes
2024-10-30 22:52:59,616 [Worker-147: Building] INFO  o.a.m.s.f.DefaultMavenResourcesFiltering - Copying 0 resource from src\main\resources to target\classes
2024-10-30 22:52:59,621 [Worker-147: Building] INFO  o.a.m.s.f.DefaultMavenResourcesFiltering - skip non existing resourceDirectory C:\Users\Matias Mamani\Desktop\Proyecto Pino\ProyectoFabrica_PS\Backend\ProyectoFabricaPS\src\test\resources
2024-10-30 23:10:49,608 [Worker-152: Building] INFO  o.a.m.s.f.DefaultMavenResourcesFiltering - Copying 1 resource from src\main\resources to target\classes
2024-10-30 23:10:49,628 [Worker-152: Building] INFO  o.a.m.s.f.DefaultMavenResourcesFiltering - Copying 0 resource from src\main\resources to target\classes
2024-10-30 23:10:49,633 [Worker-152: Building] INFO  o.a.m.s.f.DefaultMavenResourcesFiltering - skip non existing resourceDirectory C:\Users\Matias Mamani\Desktop\Proyecto Pino\ProyectoFabrica_PS\Backend\ProyectoFabricaPS\src\test\resources
2024-10-30 23:10:54,836 [Worker-153: Building] INFO  o.a.m.s.f.DefaultMavenResourcesFiltering - Copying 1 resource from src\main\resources to target\classes
2024-10-30 23:10:54,853 [Worker-153: Building] INFO  o.a.m.s.f.DefaultMavenResourcesFiltering - Copying 0 resource from src\main\resources to target\classes
2024-10-30 23:10:54,856 [Worker-153: Building] INFO  o.a.m.s.f.DefaultMavenResourcesFiltering - skip non existing resourceDirectory C:\Users\Matias Mamani\Desktop\Proyecto Pino\ProyectoFabrica_PS\Backend\ProyectoFabricaPS\src\test\resources
2024-10-30 23:14:59,584 [Worker-155: Building] INFO  o.a.m.s.f.DefaultMavenResourcesFiltering - Copying 1 resource from src\main\resources to target\classes
2024-10-30 23:14:59,604 [Worker-155: Building] INFO  o.a.m.s.f.DefaultMavenResourcesFiltering - Copying 0 resource from src\main\resources to target\classes
2024-10-30 23:14:59,608 [Worker-155: Building] INFO  o.a.m.s.f.DefaultMavenResourcesFiltering - skip non existing resourceDirectory C:\Users\Matias Mamani\Desktop\Proyecto Pino\ProyectoFabrica_PS\Backend\ProyectoFabricaPS\src\test\resources
2024-10-30 23:15:05,965 [Worker-153: Building] INFO  o.a.m.s.f.DefaultMavenResourcesFiltering - Copying 1 resource from src\main\resources to target\classes
2024-10-30 23:15:05,983 [Worker-153: Building] INFO  o.a.m.s.f.DefaultMavenResourcesFiltering - Copying 0 resource from src\main\resources to target\classes
2024-10-30 23:15:05,986 [Worker-153: Building] INFO  o.a.m.s.f.DefaultMavenResourcesFiltering - skip non existing resourceDirectory C:\Users\Matias Mamani\Desktop\Proyecto Pino\ProyectoFabrica_PS\Backend\ProyectoFabricaPS\src\test\resources
2024-10-30 23:15:07,102 [Worker-155: Building] INFO  o.a.m.s.f.DefaultMavenResourcesFiltering - Copying 1 resource from src\main\resources to target\classes
2024-10-30 23:15:07,123 [Worker-155: Building] INFO  o.a.m.s.f.DefaultMavenResourcesFiltering - Copying 0 resource from src\main\resources to target\classes
2024-10-30 23:15:07,126 [Worker-155: Building] INFO  o.a.m.s.f.DefaultMavenResourcesFiltering - skip non existing resourceDirectory C:\Users\Matias Mamani\Desktop\Proyecto Pino\ProyectoFabrica_PS\Backend\ProyectoFabricaPS\src\test\resources
2024-10-30 23:15:29,462 [Worker-146: Building] INFO  o.a.m.s.f.DefaultMavenResourcesFiltering - Copying 1 resource from src\main\resources to target\classes
2024-10-30 23:15:29,477 [Worker-146: Building] INFO  o.a.m.s.f.DefaultMavenResourcesFiltering - Copying 0 resource from src\main\resources to target\classes
2024-10-30 23:15:29,480 [Worker-146: Building] INFO  o.a.m.s.f.DefaultMavenResourcesFiltering - skip non existing resourceDirectory C:\Users\Matias Mamani\Desktop\Proyecto Pino\ProyectoFabrica_PS\Backend\ProyectoFabricaPS\src\test\resources
2024-10-30 23:23:25,127 [Worker-155: Building] INFO  o.a.m.s.f.DefaultMavenResourcesFiltering - Copying 1 resource from src\main\resources to target\classes
2024-10-30 23:23:25,152 [Worker-155: Building] INFO  o.a.m.s.f.DefaultMavenResourcesFiltering - Copying 0 resource from src\main\resources to target\classes
2024-10-30 23:23:25,157 [Worker-155: Building] INFO  o.a.m.s.f.DefaultMavenResourcesFiltering - skip non existing resourceDirectory C:\Users\Matias Mamani\Desktop\Proyecto Pino\ProyectoFabrica_PS\Backend\ProyectoFabricaPS\src\test\resources
2024-10-30 23:23:28,323 [Worker-161: Building] INFO  o.a.m.s.f.DefaultMavenResourcesFiltering - Copying 1 resource from src\main\resources to target\classes
2024-10-30 23:23:28,340 [Worker-161: Building] INFO  o.a.m.s.f.DefaultMavenResourcesFiltering - Copying 0 resource from src\main\resources to target\classes
2024-10-30 23:23:28,344 [Worker-161: Building] INFO  o.a.m.s.f.DefaultMavenResourcesFiltering - skip non existing resourceDirectory C:\Users\Matias Mamani\Desktop\Proyecto Pino\ProyectoFabrica_PS\Backend\ProyectoFabricaPS\src\test\resources
2024-10-30 23:23:30,176 [Worker-162: Building] INFO  o.a.m.s.f.DefaultMavenResourcesFiltering - Copying 1 resource from src\main\resources to target\classes
2024-10-30 23:23:30,197 [Worker-162: Building] INFO  o.a.m.s.f.DefaultMavenResourcesFiltering - Copying 0 resource from src\main\resources to target\classes
2024-10-30 23:23:30,201 [Worker-162: Building] INFO  o.a.m.s.f.DefaultMavenResourcesFiltering - skip non existing resourceDirectory C:\Users\Matias Mamani\Desktop\Proyecto Pino\ProyectoFabrica_PS\Backend\ProyectoFabricaPS\src\test\resources
2024-10-30 23:23:32,038 [Worker-155: Building] INFO  o.a.m.s.f.DefaultMavenResourcesFiltering - Copying 1 resource from src\main\resources to target\classes
2024-10-30 23:23:32,058 [Worker-155: Building] INFO  o.a.m.s.f.DefaultMavenResourcesFiltering - Copying 0 resource from src\main\resources to target\classes
2024-10-30 23:23:32,062 [Worker-155: Building] INFO  o.a.m.s.f.DefaultMavenResourcesFiltering - skip non existing resourceDirectory C:\Users\Matias Mamani\Desktop\Proyecto Pino\ProyectoFabrica_PS\Backend\ProyectoFabricaPS\src\test\resources
2024-10-30 23:23:41,594 [Worker-155: Building] INFO  o.a.m.s.f.DefaultMavenResourcesFiltering - Copying 1 resource from src\main\resources to target\classes
2024-10-30 23:23:41,607 [Worker-155: Building] INFO  o.a.m.s.f.DefaultMavenResourcesFiltering - Copying 0 resource from src\main\resources to target\classes
2024-10-30 23:23:41,610 [Worker-155: Building] INFO  o.a.m.s.f.DefaultMavenResourcesFiltering - skip non existing resourceDirectory C:\Users\Matias Mamani\Desktop\Proyecto Pino\ProyectoFabrica_PS\Backend\ProyectoFabricaPS\src\test\resources
2024-10-30 23:23:46,432 [Worker-161: Building] INFO  o.a.m.s.f.DefaultMavenResourcesFiltering - Copying 1 resource from src\main\resources to target\classes
2024-10-30 23:23:46,443 [Worker-161: Building] INFO  o.a.m.s.f.DefaultMavenResourcesFiltering - Copying 0 resource from src\main\resources to target\classes
2024-10-30 23:23:46,446 [Worker-161: Building] INFO  o.a.m.s.f.DefaultMavenResourcesFiltering - skip non existing resourceDirectory C:\Users\Matias Mamani\Desktop\Proyecto Pino\ProyectoFabrica_PS\Backend\ProyectoFabricaPS\src\test\resources
2024-10-30 23:23:49,297 [Worker-157: Building] INFO  o.a.m.s.f.DefaultMavenResourcesFiltering - Copying 1 resource from src\main\resources to target\classes
2024-10-30 23:23:49,309 [Worker-157: Building] INFO  o.a.m.s.f.DefaultMavenResourcesFiltering - Copying 0 resource from src\main\resources to target\classes
2024-10-30 23:23:49,311 [Worker-157: Building] INFO  o.a.m.s.f.DefaultMavenResourcesFiltering - skip non existing resourceDirectory C:\Users\Matias Mamani\Desktop\Proyecto Pino\ProyectoFabrica_PS\Backend\ProyectoFabricaPS\src\test\resources
2024-10-30 23:24:00,548 [Worker-163: Building] INFO  o.a.m.s.f.DefaultMavenResourcesFiltering - Copying 1 resource from src\main\resources to target\classes
2024-10-30 23:24:00,559 [Worker-163: Building] INFO  o.a.m.s.f.DefaultMavenResourcesFiltering - Copying 0 resource from src\main\resources to target\classes
2024-10-30 23:24:00,563 [Worker-163: Building] INFO  o.a.m.s.f.DefaultMavenResourcesFiltering - skip non existing resourceDirectory C:\Users\Matias Mamani\Desktop\Proyecto Pino\ProyectoFabrica_PS\Backend\ProyectoFabricaPS\src\test\resources
2024-10-30 23:25:01,252 [Worker-155: Building] INFO  o.a.m.s.f.DefaultMavenResourcesFiltering - Copying 1 resource from src\main\resources to target\classes
2024-10-30 23:25:01,267 [Worker-155: Building] INFO  o.a.m.s.f.DefaultMavenResourcesFiltering - Copying 0 resource from src\main\resources to target\classes
2024-10-30 23:25:01,272 [Worker-155: Building] INFO  o.a.m.s.f.DefaultMavenResourcesFiltering - skip non existing resourceDirectory C:\Users\Matias Mamani\Desktop\Proyecto Pino\ProyectoFabrica_PS\Backend\ProyectoFabricaPS\src\test\resources
2024-10-30 23:25:06,757 [Worker-163: Building] INFO  o.a.m.s.f.DefaultMavenResourcesFiltering - Copying 1 resource from src\main\resources to target\classes
2024-10-30 23:25:06,766 [Worker-163: Building] INFO  o.a.m.s.f.DefaultMavenResourcesFiltering - Copying 0 resource from src\main\resources to target\classes
2024-10-30 23:25:06,769 [Worker-163: Building] INFO  o.a.m.s.f.DefaultMavenResourcesFiltering - skip non existing resourceDirectory C:\Users\Matias Mamani\Desktop\Proyecto Pino\ProyectoFabrica_PS\Backend\ProyectoFabricaPS\src\test\resources
2024-10-30 23:25:10,357 [Worker-163: Building] INFO  o.a.m.s.f.DefaultMavenResourcesFiltering - Copying 1 resource from src\main\resources to target\classes
2024-10-30 23:25:10,367 [Worker-163: Building] INFO  o.a.m.s.f.DefaultMavenResourcesFiltering - Copying 0 resource from src\main\resources to target\classes
2024-10-30 23:25:10,369 [Worker-163: Building] INFO  o.a.m.s.f.DefaultMavenResourcesFiltering - skip non existing resourceDirectory C:\Users\Matias Mamani\Desktop\Proyecto Pino\ProyectoFabrica_PS\Backend\ProyectoFabricaPS\src\test\resources
2024-10-30 23:25:28,338 [Worker-160: Building] INFO  o.a.m.s.f.DefaultMavenResourcesFiltering - Copying 1 resource from src\main\resources to target\classes
2024-10-30 23:25:28,348 [Worker-160: Building] INFO  o.a.m.s.f.DefaultMavenResourcesFiltering - Copying 0 resource from src\main\resources to target\classes
2024-10-30 23:25:28,351 [Worker-160: Building] INFO  o.a.m.s.f.DefaultMavenResourcesFiltering - skip non existing resourceDirectory C:\Users\Matias Mamani\Desktop\Proyecto Pino\ProyectoFabrica_PS\Backend\ProyectoFabricaPS\src\test\resources
2024-10-30 23:25:29,420 [Worker-162: Building] INFO  o.a.m.s.f.DefaultMavenResourcesFiltering - Copying 1 resource from src\main\resources to target\classes
2024-10-30 23:25:29,432 [Worker-162: Building] INFO  o.a.m.s.f.DefaultMavenResourcesFiltering - Copying 0 resource from src\main\resources to target\classes
2024-10-30 23:25:29,434 [Worker-162: Building] INFO  o.a.m.s.f.DefaultMavenResourcesFiltering - skip non existing resourceDirectory C:\Users\Matias Mamani\Desktop\Proyecto Pino\ProyectoFabrica_PS\Backend\ProyectoFabricaPS\src\test\resources
2024-10-30 23:25:49,774 [Worker-157: Building] INFO  o.a.m.s.f.DefaultMavenResourcesFiltering - Copying 1 resource from src\main\resources to target\classes
2024-10-30 23:25:49,802 [Worker-157: Building] INFO  o.a.m.s.f.DefaultMavenResourcesFiltering - Copying 0 resource from src\main\resources to target\classes
2024-10-30 23:25:49,805 [Worker-157: Building] INFO  o.a.m.s.f.DefaultMavenResourcesFiltering - skip non existing resourceDirectory C:\Users\Matias Mamani\Desktop\Proyecto Pino\ProyectoFabrica_PS\Backend\ProyectoFabricaPS\src\test\resources
2024-10-30 23:25:53,914 [Worker-161: Building] INFO  o.a.m.s.f.DefaultMavenResourcesFiltering - Copying 1 resource from src\main\resources to target\classes
2024-10-30 23:25:53,927 [Worker-161: Building] INFO  o.a.m.s.f.DefaultMavenResourcesFiltering - Copying 0 resource from src\main\resources to target\classes
2024-10-30 23:25:53,932 [Worker-161: Building] INFO  o.a.m.s.f.DefaultMavenResourcesFiltering - skip non existing resourceDirectory C:\Users\Matias Mamani\Desktop\Proyecto Pino\ProyectoFabrica_PS\Backend\ProyectoFabricaPS\src\test\resources
2024-10-30 23:26:03,358 [Worker-157: Building] INFO  o.a.m.s.f.DefaultMavenResourcesFiltering - Copying 1 resource from src\main\resources to target\classes
2024-10-30 23:26:03,368 [Worker-157: Building] INFO  o.a.m.s.f.DefaultMavenResourcesFiltering - Copying 0 resource from src\main\resources to target\classes
2024-10-30 23:26:03,371 [Worker-157: Building] INFO  o.a.m.s.f.DefaultMavenResourcesFiltering - skip non existing resourceDirectory C:\Users\Matias Mamani\Desktop\Proyecto Pino\ProyectoFabrica_PS\Backend\ProyectoFabricaPS\src\test\resources
2024-10-30 23:26:40,273 [Worker-163: Building] INFO  o.a.m.s.f.DefaultMavenResourcesFiltering - Copying 1 resource from src\main\resources to target\classes
2024-10-30 23:26:40,282 [Worker-163: Building] INFO  o.a.m.s.f.DefaultMavenResourcesFiltering - Copying 0 resource from src\main\resources to target\classes
2024-10-30 23:26:40,284 [Worker-163: Building] INFO  o.a.m.s.f.DefaultMavenResourcesFiltering - skip non existing resourceDirectory C:\Users\Matias Mamani\Desktop\Proyecto Pino\ProyectoFabrica_PS\Backend\ProyectoFabricaPS\src\test\resources
2024-10-30 23:29:16,956 [Worker-160: Building] INFO  o.a.m.s.f.DefaultMavenResourcesFiltering - Copying 1 resource from src\main\resources to target\classes
2024-10-30 23:29:16,967 [Worker-160: Building] INFO  o.a.m.s.f.DefaultMavenResourcesFiltering - Copying 0 resource from src\main\resources to target\classes
2024-10-30 23:29:16,970 [Worker-160: Building] INFO  o.a.m.s.f.DefaultMavenResourcesFiltering - skip non existing resourceDirectory C:\Users\Matias Mamani\Desktop\Proyecto Pino\ProyectoFabrica_PS\Backend\ProyectoFabricaPS\src\test\resources
2024-10-30 23:29:54,862 [Worker-165: Building] INFO  o.a.m.s.f.DefaultMavenResourcesFiltering - Copying 1 resource from src\main\resources to target\classes
2024-10-30 23:29:54,874 [Worker-165: Building] INFO  o.a.m.s.f.DefaultMavenResourcesFiltering - Copying 0 resource from src\main\resources to target\classes
2024-10-30 23:29:54,876 [Worker-165: Building] INFO  o.a.m.s.f.DefaultMavenResourcesFiltering - skip non existing resourceDirectory C:\Users\Matias Mamani\Desktop\Proyecto Pino\ProyectoFabrica_PS\Backend\ProyectoFabricaPS\src\test\resources
2024-10-30 23:30:08,350 [Worker-165: Building] INFO  o.a.m.s.f.DefaultMavenResourcesFiltering - Copying 1 resource from src\main\resources to target\classes
2024-10-30 23:30:08,360 [Worker-165: Building] INFO  o.a.m.s.f.DefaultMavenResourcesFiltering - Copying 0 resource from src\main\resources to target\classes
2024-10-30 23:30:08,364 [Worker-165: Building] INFO  o.a.m.s.f.DefaultMavenResourcesFiltering - skip non existing resourceDirectory C:\Users\Matias Mamani\Desktop\Proyecto Pino\ProyectoFabrica_PS\Backend\ProyectoFabricaPS\src\test\resources
2024-10-30 23:30:11,914 [Worker-166: Building] INFO  o.a.m.s.f.DefaultMavenResourcesFiltering - Copying 1 resource from src\main\resources to target\classes
2024-10-30 23:30:11,925 [Worker-166: Building] INFO  o.a.m.s.f.DefaultMavenResourcesFiltering - Copying 0 resource from src\main\resources to target\classes
2024-10-30 23:30:11,928 [Worker-166: Building] INFO  o.a.m.s.f.DefaultMavenResourcesFiltering - skip non existing resourceDirectory C:\Users\Matias Mamani\Desktop\Proyecto Pino\ProyectoFabrica_PS\Backend\ProyectoFabricaPS\src\test\resources
2024-10-30 23:30:18,811 [Worker-167: Building] INFO  o.a.m.s.f.DefaultMavenResourcesFiltering - Copying 1 resource from src\main\resources to target\classes
2024-10-30 23:30:18,823 [Worker-167: Building] INFO  o.a.m.s.f.DefaultMavenResourcesFiltering - Copying 0 resource from src\main\resources to target\classes
2024-10-30 23:30:18,827 [Worker-167: Building] INFO  o.a.m.s.f.DefaultMavenResourcesFiltering - skip non existing resourceDirectory C:\Users\Matias Mamani\Desktop\Proyecto Pino\ProyectoFabrica_PS\Backend\ProyectoFabricaPS\src\test\resources
2024-10-30 23:30:22,153 [Worker-166: Building] INFO  o.a.m.s.f.DefaultMavenResourcesFiltering - Copying 1 resource from src\main\resources to target\classes
2024-10-30 23:30:22,164 [Worker-166: Building] INFO  o.a.m.s.f.DefaultMavenResourcesFiltering - Copying 0 resource from src\main\resources to target\classes
2024-10-30 23:30:22,168 [Worker-166: Building] INFO  o.a.m.s.f.DefaultMavenResourcesFiltering - skip non existing resourceDirectory C:\Users\Matias Mamani\Desktop\Proyecto Pino\ProyectoFabrica_PS\Backend\ProyectoFabricaPS\src\test\resources
2024-10-30 23:31:13,031 [Worker-165: Building] INFO  o.a.m.s.f.DefaultMavenResourcesFiltering - Copying 1 resource from src\main\resources to target\classes
2024-10-30 23:31:13,041 [Worker-165: Building] INFO  o.a.m.s.f.DefaultMavenResourcesFiltering - Copying 0 resource from src\main\resources to target\classes
2024-10-30 23:31:13,044 [Worker-165: Building] INFO  o.a.m.s.f.DefaultMavenResourcesFiltering - skip non existing resourceDirectory C:\Users\Matias Mamani\Desktop\Proyecto Pino\ProyectoFabrica_PS\Backend\ProyectoFabricaPS\src\test\resources
2024-10-30 23:31:15,295 [Worker-167: Building] INFO  o.a.m.s.f.DefaultMavenResourcesFiltering - Copying 1 resource from src\main\resources to target\classes
2024-10-30 23:31:15,305 [Worker-167: Building] INFO  o.a.m.s.f.DefaultMavenResourcesFiltering - Copying 0 resource from src\main\resources to target\classes
2024-10-30 23:31:15,309 [Worker-167: Building] INFO  o.a.m.s.f.DefaultMavenResourcesFiltering - skip non existing resourceDirectory C:\Users\Matias Mamani\Desktop\Proyecto Pino\ProyectoFabrica_PS\Backend\ProyectoFabricaPS\src\test\resources
2024-10-30 23:31:17,453 [Worker-155: Building] INFO  o.a.m.s.f.DefaultMavenResourcesFiltering - Copying 1 resource from src\main\resources to target\classes
2024-10-30 23:31:17,463 [Worker-155: Building] INFO  o.a.m.s.f.DefaultMavenResourcesFiltering - Copying 0 resource from src\main\resources to target\classes
2024-10-30 23:31:17,465 [Worker-155: Building] INFO  o.a.m.s.f.DefaultMavenResourcesFiltering - skip non existing resourceDirectory C:\Users\Matias Mamani\Desktop\Proyecto Pino\ProyectoFabrica_PS\Backend\ProyectoFabricaPS\src\test\resources
2024-10-30 23:33:58,053 [Worker-155: Building] INFO  o.a.m.s.f.DefaultMavenResourcesFiltering - Copying 1 resource from src\main\resources to target\classes
2024-10-30 23:33:58,065 [Worker-155: Building] INFO  o.a.m.s.f.DefaultMavenResourcesFiltering - Copying 0 resource from src\main\resources to target\classes
2024-10-30 23:33:58,069 [Worker-155: Building] INFO  o.a.m.s.f.DefaultMavenResourcesFiltering - skip non existing resourceDirectory C:\Users\Matias Mamani\Desktop\Proyecto Pino\ProyectoFabrica_PS\Backend\ProyectoFabricaPS\src\test\resources
2024-10-30 23:34:04,060 [Worker-166: Building] INFO  o.a.m.s.f.DefaultMavenResourcesFiltering - Copying 1 resource from src\main\resources to target\classes
2024-10-30 23:34:04,069 [Worker-166: Building] INFO  o.a.m.s.f.DefaultMavenResourcesFiltering - Copying 0 resource from src\main\resources to target\classes
2024-10-30 23:34:04,072 [Worker-166: Building] INFO  o.a.m.s.f.DefaultMavenResourcesFiltering - skip non existing resourceDirectory C:\Users\Matias Mamani\Desktop\Proyecto Pino\ProyectoFabrica_PS\Backend\ProyectoFabricaPS\src\test\resources
2024-10-30 23:35:38,947 [Worker-155: Building] INFO  o.a.m.s.f.DefaultMavenResourcesFiltering - Copying 1 resource from src\main\resources to target\classes
2024-10-30 23:35:38,957 [Worker-155: Building] INFO  o.a.m.s.f.DefaultMavenResourcesFiltering - Copying 0 resource from src\main\resources to target\classes
2024-10-30 23:35:38,960 [Worker-155: Building] INFO  o.a.m.s.f.DefaultMavenResourcesFiltering - skip non existing resourceDirectory C:\Users\Matias Mamani\Desktop\Proyecto Pino\ProyectoFabrica_PS\Backend\ProyectoFabricaPS\src\test\resources
2024-10-30 23:35:56,619 [Worker-155: Building] INFO  o.a.m.s.f.DefaultMavenResourcesFiltering - Copying 1 resource from src\main\resources to target\classes
2024-10-30 23:35:56,627 [Worker-155: Building] INFO  o.a.m.s.f.DefaultMavenResourcesFiltering - Copying 0 resource from src\main\resources to target\classes
2024-10-30 23:35:56,630 [Worker-155: Building] INFO  o.a.m.s.f.DefaultMavenResourcesFiltering - skip non existing resourceDirectory C:\Users\Matias Mamani\Desktop\Proyecto Pino\ProyectoFabrica_PS\Backend\ProyectoFabricaPS\src\test\resources
2024-10-30 23:35:57,824 [Worker-171: Building] INFO  o.a.m.s.f.DefaultMavenResourcesFiltering - Copying 1 resource from src\main\resources to target\classes
2024-10-30 23:35:57,835 [Worker-171: Building] INFO  o.a.m.s.f.DefaultMavenResourcesFiltering - Copying 0 resource from src\main\resources to target\classes
2024-10-30 23:35:57,838 [Worker-171: Building] INFO  o.a.m.s.f.DefaultMavenResourcesFiltering - skip non existing resourceDirectory C:\Users\Matias Mamani\Desktop\Proyecto Pino\ProyectoFabrica_PS\Backend\ProyectoFabricaPS\src\test\resources
2024-10-30 23:36:23,966 [Worker-169: Building] INFO  o.a.m.s.f.DefaultMavenResourcesFiltering - Copying 1 resource from src\main\resources to target\classes
2024-10-30 23:36:23,983 [Worker-169: Building] INFO  o.a.m.s.f.DefaultMavenResourcesFiltering - Copying 0 resource from src\main\resources to target\classes
2024-10-30 23:36:23,987 [Worker-169: Building] INFO  o.a.m.s.f.DefaultMavenResourcesFiltering - skip non existing resourceDirectory C:\Users\Matias Mamani\Desktop\Proyecto Pino\ProyectoFabrica_PS\Backend\ProyectoFabricaPS\src\test\resources
2024-10-30 23:36:38,578 [Worker-166: Building] INFO  o.a.m.s.f.DefaultMavenResourcesFiltering - Copying 1 resource from src\main\resources to target\classes
2024-10-30 23:36:38,587 [Worker-166: Building] INFO  o.a.m.s.f.DefaultMavenResourcesFiltering - Copying 0 resource from src\main\resources to target\classes
2024-10-30 23:36:38,590 [Worker-166: Building] INFO  o.a.m.s.f.DefaultMavenResourcesFiltering - skip non existing resourceDirectory C:\Users\Matias Mamani\Desktop\Proyecto Pino\ProyectoFabrica_PS\Backend\ProyectoFabricaPS\src\test\resources
2024-10-30 23:36:52,296 [Worker-172: Building] INFO  o.a.m.s.f.DefaultMavenResourcesFiltering - Copying 1 resource from src\main\resources to target\classes
2024-10-30 23:36:52,307 [Worker-172: Building] INFO  o.a.m.s.f.DefaultMavenResourcesFiltering - Copying 0 resource from src\main\resources to target\classes
2024-10-30 23:36:52,311 [Worker-172: Building] INFO  o.a.m.s.f.DefaultMavenResourcesFiltering - skip non existing resourceDirectory C:\Users\Matias Mamani\Desktop\Proyecto Pino\ProyectoFabrica_PS\Backend\ProyectoFabricaPS\src\test\resources
2024-10-30 23:36:56,107 [Worker-166: Building] INFO  o.a.m.s.f.DefaultMavenResourcesFiltering - Copying 1 resource from src\main\resources to target\classes
2024-10-30 23:36:56,118 [Worker-166: Building] INFO  o.a.m.s.f.DefaultMavenResourcesFiltering - Copying 0 resource from src\main\resources to target\classes
2024-10-30 23:36:56,121 [Worker-166: Building] INFO  o.a.m.s.f.DefaultMavenResourcesFiltering - skip non existing resourceDirectory C:\Users\Matias Mamani\Desktop\Proyecto Pino\ProyectoFabrica_PS\Backend\ProyectoFabricaPS\src\test\resources
2024-10-30 23:37:36,428 [Worker-171: Building] INFO  o.a.m.s.f.DefaultMavenResourcesFiltering - Copying 1 resource from src\main\resources to target\classes
2024-10-30 23:37:36,437 [Worker-171: Building] INFO  o.a.m.s.f.DefaultMavenResourcesFiltering - Copying 0 resource from src\main\resources to target\classes
2024-10-30 23:37:36,440 [Worker-171: Building] INFO  o.a.m.s.f.DefaultMavenResourcesFiltering - skip non existing resourceDirectory C:\Users\Matias Mamani\Desktop\Proyecto Pino\ProyectoFabrica_PS\Backend\ProyectoFabricaPS\src\test\resources
2024-10-30 23:37:39,622 [Worker-155: Building] INFO  o.a.m.s.f.DefaultMavenResourcesFiltering - Copying 1 resource from src\main\resources to target\classes
2024-10-30 23:37:39,633 [Worker-155: Building] INFO  o.a.m.s.f.DefaultMavenResourcesFiltering - Copying 0 resource from src\main\resources to target\classes
2024-10-30 23:37:39,636 [Worker-155: Building] INFO  o.a.m.s.f.DefaultMavenResourcesFiltering - skip non existing resourceDirectory C:\Users\Matias Mamani\Desktop\Proyecto Pino\ProyectoFabrica_PS\Backend\ProyectoFabricaPS\src\test\resources
2024-10-30 23:37:49,631 [Worker-172: Building] INFO  o.a.m.s.f.DefaultMavenResourcesFiltering - Copying 1 resource from src\main\resources to target\classes
2024-10-30 23:37:49,642 [Worker-172: Building] INFO  o.a.m.s.f.DefaultMavenResourcesFiltering - Copying 0 resource from src\main\resources to target\classes
2024-10-30 23:37:49,645 [Worker-172: Building] INFO  o.a.m.s.f.DefaultMavenResourcesFiltering - skip non existing resourceDirectory C:\Users\Matias Mamani\Desktop\Proyecto Pino\ProyectoFabrica_PS\Backend\ProyectoFabricaPS\src\test\resources
2024-10-30 23:37:51,773 [Worker-172: Building] INFO  o.a.m.s.f.DefaultMavenResourcesFiltering - Copying 1 resource from src\main\resources to target\classes
2024-10-30 23:37:51,781 [Worker-172: Building] INFO  o.a.m.s.f.DefaultMavenResourcesFiltering - Copying 0 resource from src\main\resources to target\classes
2024-10-30 23:37:51,785 [Worker-172: Building] INFO  o.a.m.s.f.DefaultMavenResourcesFiltering - skip non existing resourceDirectory C:\Users\Matias Mamani\Desktop\Proyecto Pino\ProyectoFabrica_PS\Backend\ProyectoFabricaPS\src\test\resources
2024-10-30 23:39:01,088 [Worker-169: Building] INFO  o.a.m.s.f.DefaultMavenResourcesFiltering - Copying 1 resource from src\main\resources to target\classes
2024-10-30 23:39:01,101 [Worker-169: Building] INFO  o.a.m.s.f.DefaultMavenResourcesFiltering - Copying 0 resource from src\main\resources to target\classes
2024-10-30 23:39:01,104 [Worker-169: Building] INFO  o.a.m.s.f.DefaultMavenResourcesFiltering - skip non existing resourceDirectory C:\Users\Matias Mamani\Desktop\Proyecto Pino\ProyectoFabrica_PS\Backend\ProyectoFabricaPS\src\test\resources
2024-10-30 23:39:03,895 [Worker-169: Building] INFO  o.a.m.s.f.DefaultMavenResourcesFiltering - Copying 1 resource from src\main\resources to target\classes
2024-10-30 23:39:03,904 [Worker-169: Building] INFO  o.a.m.s.f.DefaultMavenResourcesFiltering - Copying 0 resource from src\main\resources to target\classes
2024-10-30 23:39:03,907 [Worker-169: Building] INFO  o.a.m.s.f.DefaultMavenResourcesFiltering - skip non existing resourceDirectory C:\Users\Matias Mamani\Desktop\Proyecto Pino\ProyectoFabrica_PS\Backend\ProyectoFabricaPS\src\test\resources
2024-10-30 23:41:05,921 [Worker-169: Building] INFO  o.a.m.s.f.DefaultMavenResourcesFiltering - Copying 1 resource from src\main\resources to target\classes
2024-10-30 23:41:05,943 [Worker-169: Building] INFO  o.a.m.s.f.DefaultMavenResourcesFiltering - Copying 0 resource from src\main\resources to target\classes
2024-10-30 23:41:05,946 [Worker-169: Building] INFO  o.a.m.s.f.DefaultMavenResourcesFiltering - skip non existing resourceDirectory C:\Users\Matias Mamani\Desktop\Proyecto Pino\ProyectoFabrica_PS\Backend\ProyectoFabricaPS\src\test\resources
2024-10-30 23:41:21,502 [Worker-178: Building] INFO  o.a.m.s.f.DefaultMavenResourcesFiltering - Copying 1 resource from src\main\resources to target\classes
2024-10-30 23:41:21,519 [Worker-178: Building] INFO  o.a.m.s.f.DefaultMavenResourcesFiltering - Copying 0 resource from src\main\resources to target\classes
2024-10-30 23:41:21,522 [Worker-178: Building] INFO  o.a.m.s.f.DefaultMavenResourcesFiltering - skip non existing resourceDirectory C:\Users\Matias Mamani\Desktop\Proyecto Pino\ProyectoFabrica_PS\Backend\ProyectoFabricaPS\src\test\resources
2024-10-30 23:41:22,595 [Worker-170: Building] INFO  o.a.m.s.f.DefaultMavenResourcesFiltering - Copying 1 resource from src\main\resources to target\classes
2024-10-30 23:41:22,616 [Worker-170: Building] INFO  o.a.m.s.f.DefaultMavenResourcesFiltering - Copying 0 resource from src\main\resources to target\classes
2024-10-30 23:41:22,619 [Worker-170: Building] INFO  o.a.m.s.f.DefaultMavenResourcesFiltering - skip non existing resourceDirectory C:\Users\Matias Mamani\Desktop\Proyecto Pino\ProyectoFabrica_PS\Backend\ProyectoFabricaPS\src\test\resources
2024-10-30 23:41:35,234 [Worker-177: Building] INFO  o.a.m.s.f.DefaultMavenResourcesFiltering - Copying 1 resource from src\main\resources to target\classes
2024-10-30 23:41:35,247 [Worker-177: Building] INFO  o.a.m.s.f.DefaultMavenResourcesFiltering - Copying 0 resource from src\main\resources to target\classes
2024-10-30 23:41:35,251 [Worker-177: Building] INFO  o.a.m.s.f.DefaultMavenResourcesFiltering - skip non existing resourceDirectory C:\Users\Matias Mamani\Desktop\Proyecto Pino\ProyectoFabrica_PS\Backend\ProyectoFabricaPS\src\test\resources
2024-10-30 23:41:36,381 [Worker-179: Building] INFO  o.a.m.s.f.DefaultMavenResourcesFiltering - Copying 1 resource from src\main\resources to target\classes
2024-10-30 23:41:36,397 [Worker-179: Building] INFO  o.a.m.s.f.DefaultMavenResourcesFiltering - Copying 0 resource from src\main\resources to target\classes
2024-10-30 23:41:36,399 [Worker-179: Building] INFO  o.a.m.s.f.DefaultMavenResourcesFiltering - skip non existing resourceDirectory C:\Users\Matias Mamani\Desktop\Proyecto Pino\ProyectoFabrica_PS\Backend\ProyectoFabricaPS\src\test\resources
2024-10-30 23:41:49,171 [Worker-179: Building] INFO  o.a.m.s.f.DefaultMavenResourcesFiltering - Copying 1 resource from src\main\resources to target\classes
2024-10-30 23:41:49,182 [Worker-179: Building] INFO  o.a.m.s.f.DefaultMavenResourcesFiltering - Copying 0 resource from src\main\resources to target\classes
2024-10-30 23:41:49,185 [Worker-179: Building] INFO  o.a.m.s.f.DefaultMavenResourcesFiltering - skip non existing resourceDirectory C:\Users\Matias Mamani\Desktop\Proyecto Pino\ProyectoFabrica_PS\Backend\ProyectoFabricaPS\src\test\resources
2024-10-30 23:41:52,572 [Worker-176: Building] INFO  o.a.m.s.f.DefaultMavenResourcesFiltering - Copying 1 resource from src\main\resources to target\classes
2024-10-30 23:41:52,585 [Worker-176: Building] INFO  o.a.m.s.f.DefaultMavenResourcesFiltering - Copying 0 resource from src\main\resources to target\classes
2024-10-30 23:41:52,588 [Worker-176: Building] INFO  o.a.m.s.f.DefaultMavenResourcesFiltering - skip non existing resourceDirectory C:\Users\Matias Mamani\Desktop\Proyecto Pino\ProyectoFabrica_PS\Backend\ProyectoFabricaPS\src\test\resources
2024-10-30 23:41:56,742 [Worker-179: Building] INFO  o.a.m.s.f.DefaultMavenResourcesFiltering - Copying 1 resource from src\main\resources to target\classes
2024-10-30 23:41:56,755 [Worker-179: Building] INFO  o.a.m.s.f.DefaultMavenResourcesFiltering - Copying 0 resource from src\main\resources to target\classes
2024-10-30 23:41:56,758 [Worker-179: Building] INFO  o.a.m.s.f.DefaultMavenResourcesFiltering - skip non existing resourceDirectory C:\Users\Matias Mamani\Desktop\Proyecto Pino\ProyectoFabrica_PS\Backend\ProyectoFabricaPS\src\test\resources
2024-10-30 23:55:43,537 [Worker-184: Building] INFO  o.a.m.s.f.DefaultMavenResourcesFiltering - Copying 1 resource from src\main\resources to target\classes
2024-10-30 23:55:43,604 [Worker-184: Building] INFO  o.a.m.s.f.DefaultMavenResourcesFiltering - Copying 0 resource from src\main\resources to target\classes
2024-10-30 23:55:43,611 [Worker-184: Building] INFO  o.a.m.s.f.DefaultMavenResourcesFiltering - skip non existing resourceDirectory C:\Users\Matias Mamani\Desktop\Proyecto Pino\ProyectoFabrica_PS\Backend\ProyectoFabricaPS\src\test\resources
2024-10-30 23:55:47,147 [Worker-180: Building] INFO  o.a.m.s.f.DefaultMavenResourcesFiltering - Copying 1 resource from src\main\resources to target\classes
2024-10-30 23:55:47,224 [Worker-180: Building] INFO  o.a.m.s.f.DefaultMavenResourcesFiltering - Copying 0 resource from src\main\resources to target\classes
2024-10-30 23:55:47,228 [Worker-180: Building] INFO  o.a.m.s.f.DefaultMavenResourcesFiltering - skip non existing resourceDirectory C:\Users\Matias Mamani\Desktop\Proyecto Pino\ProyectoFabrica_PS\Backend\ProyectoFabricaPS\src\test\resources
2024-10-30 23:55:51,854 [Worker-185: Building] INFO  o.a.m.s.f.DefaultMavenResourcesFiltering - Copying 1 resource from src\main\resources to target\classes
2024-10-30 23:55:51,883 [Worker-185: Building] INFO  o.a.m.s.f.DefaultMavenResourcesFiltering - Copying 0 resource from src\main\resources to target\classes
2024-10-30 23:55:51,886 [Worker-185: Building] INFO  o.a.m.s.f.DefaultMavenResourcesFiltering - skip non existing resourceDirectory C:\Users\Matias Mamani\Desktop\Proyecto Pino\ProyectoFabrica_PS\Backend\ProyectoFabricaPS\src\test\resources
2024-10-30 23:55:55,520 [Worker-184: Building] INFO  o.a.m.s.f.DefaultMavenResourcesFiltering - Copying 1 resource from src\main\resources to target\classes
2024-10-30 23:55:55,542 [Worker-184: Building] INFO  o.a.m.s.f.DefaultMavenResourcesFiltering - Copying 0 resource from src\main\resources to target\classes
2024-10-30 23:55:55,545 [Worker-184: Building] INFO  o.a.m.s.f.DefaultMavenResourcesFiltering - skip non existing resourceDirectory C:\Users\Matias Mamani\Desktop\Proyecto Pino\ProyectoFabrica_PS\Backend\ProyectoFabricaPS\src\test\resources
2024-10-30 23:56:18,724 [Worker-184: Building] INFO  o.a.m.s.f.DefaultMavenResourcesFiltering - Copying 1 resource from src\main\resources to target\classes
2024-10-30 23:56:18,748 [Worker-184: Building] INFO  o.a.m.s.f.DefaultMavenResourcesFiltering - Copying 0 resource from src\main\resources to target\classes
2024-10-30 23:56:18,752 [Worker-184: Building] INFO  o.a.m.s.f.DefaultMavenResourcesFiltering - skip non existing resourceDirectory C:\Users\Matias Mamani\Desktop\Proyecto Pino\ProyectoFabrica_PS\Backend\ProyectoFabricaPS\src\test\resources
2024-10-30 23:56:30,005 [Worker-180: Building] INFO  o.a.m.s.f.DefaultMavenResourcesFiltering - Copying 1 resource from src\main\resources to target\classes
2024-10-30 23:56:30,016 [Worker-180: Building] INFO  o.a.m.s.f.DefaultMavenResourcesFiltering - Copying 0 resource from src\main\resources to target\classes
2024-10-30 23:56:30,019 [Worker-180: Building] INFO  o.a.m.s.f.DefaultMavenResourcesFiltering - skip non existing resourceDirectory C:\Users\Matias Mamani\Desktop\Proyecto Pino\ProyectoFabrica_PS\Backend\ProyectoFabricaPS\src\test\resources
2024-10-30 23:56:34,768 [Worker-180: Building] INFO  o.a.m.s.f.DefaultMavenResourcesFiltering - Copying 1 resource from src\main\resources to target\classes
2024-10-30 23:56:34,779 [Worker-180: Building] INFO  o.a.m.s.f.DefaultMavenResourcesFiltering - Copying 0 resource from src\main\resources to target\classes
2024-10-30 23:56:34,782 [Worker-180: Building] INFO  o.a.m.s.f.DefaultMavenResourcesFiltering - skip non existing resourceDirectory C:\Users\Matias Mamani\Desktop\Proyecto Pino\ProyectoFabrica_PS\Backend\ProyectoFabricaPS\src\test\resources
2024-10-30 23:56:46,847 [Worker-189: Building] INFO  o.a.m.s.f.DefaultMavenResourcesFiltering - Copying 1 resource from src\main\resources to target\classes
2024-10-30 23:56:46,856 [Worker-189: Building] INFO  o.a.m.s.f.DefaultMavenResourcesFiltering - Copying 0 resource from src\main\resources to target\classes
2024-10-30 23:56:46,859 [Worker-189: Building] INFO  o.a.m.s.f.DefaultMavenResourcesFiltering - skip non existing resourceDirectory C:\Users\Matias Mamani\Desktop\Proyecto Pino\ProyectoFabrica_PS\Backend\ProyectoFabricaPS\src\test\resources
2024-10-30 23:57:17,938 [Worker-188: Building] INFO  o.a.m.s.f.DefaultMavenResourcesFiltering - Copying 1 resource from src\main\resources to target\classes
2024-10-30 23:57:17,951 [Worker-188: Building] INFO  o.a.m.s.f.DefaultMavenResourcesFiltering - Copying 0 resource from src\main\resources to target\classes
2024-10-30 23:57:17,956 [Worker-188: Building] INFO  o.a.m.s.f.DefaultMavenResourcesFiltering - skip non existing resourceDirectory C:\Users\Matias Mamani\Desktop\Proyecto Pino\ProyectoFabrica_PS\Backend\ProyectoFabricaPS\src\test\resources
2024-10-30 23:57:27,873 [Worker-180: Building] INFO  o.a.m.s.f.DefaultMavenResourcesFiltering - Copying 1 resource from src\main\resources to target\classes
2024-10-30 23:57:27,883 [Worker-180: Building] INFO  o.a.m.s.f.DefaultMavenResourcesFiltering - Copying 0 resource from src\main\resources to target\classes
2024-10-30 23:57:27,885 [Worker-180: Building] INFO  o.a.m.s.f.DefaultMavenResourcesFiltering - skip non existing resourceDirectory C:\Users\Matias Mamani\Desktop\Proyecto Pino\ProyectoFabrica_PS\Backend\ProyectoFabricaPS\src\test\resources
2024-10-30 23:57:28,966 [Worker-191: Building] INFO  o.a.m.s.f.DefaultMavenResourcesFiltering - Copying 1 resource from src\main\resources to target\classes
2024-10-30 23:57:28,978 [Worker-191: Building] INFO  o.a.m.s.f.DefaultMavenResourcesFiltering - Copying 0 resource from src\main\resources to target\classes
2024-10-30 23:57:28,982 [Worker-191: Building] INFO  o.a.m.s.f.DefaultMavenResourcesFiltering - skip non existing resourceDirectory C:\Users\Matias Mamani\Desktop\Proyecto Pino\ProyectoFabrica_PS\Backend\ProyectoFabricaPS\src\test\resources
2024-10-30 23:57:55,245 [Worker-189: Building] INFO  o.a.m.s.f.DefaultMavenResourcesFiltering - Copying 1 resource from src\main\resources to target\classes
2024-10-30 23:57:55,255 [Worker-189: Building] INFO  o.a.m.s.f.DefaultMavenResourcesFiltering - Copying 0 resource from src\main\resources to target\classes
2024-10-30 23:57:55,257 [Worker-189: Building] INFO  o.a.m.s.f.DefaultMavenResourcesFiltering - skip non existing resourceDirectory C:\Users\Matias Mamani\Desktop\Proyecto Pino\ProyectoFabrica_PS\Backend\ProyectoFabricaPS\src\test\resources
2024-10-30 23:58:12,750 [Worker-191: Building] INFO  o.a.m.s.f.DefaultMavenResourcesFiltering - Copying 1 resource from src\main\resources to target\classes
2024-10-30 23:58:12,763 [Worker-191: Building] INFO  o.a.m.s.f.DefaultMavenResourcesFiltering - Copying 0 resource from src\main\resources to target\classes
2024-10-30 23:58:12,765 [Worker-191: Building] INFO  o.a.m.s.f.DefaultMavenResourcesFiltering - skip non existing resourceDirectory C:\Users\Matias Mamani\Desktop\Proyecto Pino\ProyectoFabrica_PS\Backend\ProyectoFabricaPS\src\test\resources
2024-10-30 23:58:15,952 [Worker-192: Building] INFO  o.a.m.s.f.DefaultMavenResourcesFiltering - Copying 1 resource from src\main\resources to target\classes
2024-10-30 23:58:15,964 [Worker-192: Building] INFO  o.a.m.s.f.DefaultMavenResourcesFiltering - Copying 0 resource from src\main\resources to target\classes
2024-10-30 23:58:15,967 [Worker-192: Building] INFO  o.a.m.s.f.DefaultMavenResourcesFiltering - skip non existing resourceDirectory C:\Users\Matias Mamani\Desktop\Proyecto Pino\ProyectoFabrica_PS\Backend\ProyectoFabricaPS\src\test\resources
2024-10-31 00:02:22,264 [Worker-193: Building] INFO  o.a.m.s.f.DefaultMavenResourcesFiltering - Copying 1 resource from src\main\resources to target\classes
2024-10-31 00:02:22,277 [Worker-193: Building] INFO  o.a.m.s.f.DefaultMavenResourcesFiltering - Copying 0 resource from src\main\resources to target\classes
2024-10-31 00:02:22,282 [Worker-193: Building] INFO  o.a.m.s.f.DefaultMavenResourcesFiltering - skip non existing resourceDirectory C:\Users\Matias Mamani\Desktop\Proyecto Pino\ProyectoFabrica_PS\Backend\ProyectoFabricaPS\src\test\resources
2024-10-31 00:02:27,591 [Worker-195: Building] INFO  o.a.m.s.f.DefaultMavenResourcesFiltering - Copying 1 resource from src\main\resources to target\classes
2024-10-31 00:02:27,602 [Worker-195: Building] INFO  o.a.m.s.f.DefaultMavenResourcesFiltering - Copying 0 resource from src\main\resources to target\classes
2024-10-31 00:02:27,604 [Worker-195: Building] INFO  o.a.m.s.f.DefaultMavenResourcesFiltering - skip non existing resourceDirectory C:\Users\Matias Mamani\Desktop\Proyecto Pino\ProyectoFabrica_PS\Backend\ProyectoFabricaPS\src\test\resources
2024-10-31 00:02:36,637 [Worker-194: Building] INFO  o.a.m.s.f.DefaultMavenResourcesFiltering - Copying 1 resource from src\main\resources to target\classes
2024-10-31 00:02:36,649 [Worker-194: Building] INFO  o.a.m.s.f.DefaultMavenResourcesFiltering - Copying 0 resource from src\main\resources to target\classes
2024-10-31 00:02:36,651 [Worker-194: Building] INFO  o.a.m.s.f.DefaultMavenResourcesFiltering - skip non existing resourceDirectory C:\Users\Matias Mamani\Desktop\Proyecto Pino\ProyectoFabrica_PS\Backend\ProyectoFabricaPS\src\test\resources
2024-10-31 00:02:41,014 [Worker-180: Building] INFO  o.a.m.s.f.DefaultMavenResourcesFiltering - Copying 1 resource from src\main\resources to target\classes
2024-10-31 00:02:41,025 [Worker-180: Building] INFO  o.a.m.s.f.DefaultMavenResourcesFiltering - Copying 0 resource from src\main\resources to target\classes
2024-10-31 00:02:41,030 [Worker-180: Building] INFO  o.a.m.s.f.DefaultMavenResourcesFiltering - skip non existing resourceDirectory C:\Users\Matias Mamani\Desktop\Proyecto Pino\ProyectoFabrica_PS\Backend\ProyectoFabricaPS\src\test\resources
2024-10-31 00:02:44,323 [Worker-194: Building] INFO  o.a.m.s.f.DefaultMavenResourcesFiltering - Copying 1 resource from src\main\resources to target\classes
2024-10-31 00:02:44,335 [Worker-194: Building] INFO  o.a.m.s.f.DefaultMavenResourcesFiltering - Copying 0 resource from src\main\resources to target\classes
2024-10-31 00:02:44,338 [Worker-194: Building] INFO  o.a.m.s.f.DefaultMavenResourcesFiltering - skip non existing resourceDirectory C:\Users\Matias Mamani\Desktop\Proyecto Pino\ProyectoFabrica_PS\Backend\ProyectoFabricaPS\src\test\resources
2024-10-31 00:02:49,403 [Worker-190: Building] INFO  o.a.m.s.f.DefaultMavenResourcesFiltering - Copying 1 resource from src\main\resources to target\classes
2024-10-31 00:02:49,415 [Worker-190: Building] INFO  o.a.m.s.f.DefaultMavenResourcesFiltering - Copying 0 resource from src\main\resources to target\classes
2024-10-31 00:02:49,417 [Worker-190: Building] INFO  o.a.m.s.f.DefaultMavenResourcesFiltering - skip non existing resourceDirectory C:\Users\Matias Mamani\Desktop\Proyecto Pino\ProyectoFabrica_PS\Backend\ProyectoFabricaPS\src\test\resources
2024-10-31 00:03:20,087 [Worker-193: Building] INFO  o.e.m.c.i.l.LifecycleMappingFactory - Using org.eclipse.m2e.jdt.JarLifecycleMapping lifecycle mapping for MavenProject: com.proyecto.fabrica.ps:ProyectoFabricaPS:0.0.1-SNAPSHOT @ C:\Users\Matias Mamani\Desktop\Proyecto Pino\ProyectoFabrica_PS\Backend\ProyectoFabricaPS\pom.xml.
2024-10-31 00:03:22,600 [Worker-193: Building] INFO  o.a.m.s.f.DefaultMavenResourcesFiltering - Copying 0 resource from src\main\resources to target\classes
2024-10-31 00:03:22,601 [Worker-193: Building] INFO  o.a.m.s.f.DefaultMavenResourcesFiltering - Copying 0 resource from src\main\resources to target\classes
2024-10-31 00:03:22,607 [Worker-193: Building] INFO  o.a.m.s.f.DefaultMavenResourcesFiltering - skip non existing resourceDirectory C:\Users\Matias Mamani\Desktop\Proyecto Pino\ProyectoFabrica_PS\Backend\ProyectoFabricaPS\src\test\resources
2024-10-31 00:03:23,210 [Worker-190: Launching ProyectoFabricaPS - ProyectoFabricaPsApplication] INFO  o.a.m.s.f.DefaultMavenResourcesFiltering - Copying 1 resource from src\main\resources to target\classes
2024-10-31 00:03:23,234 [Worker-190: Launching ProyectoFabricaPS - ProyectoFabricaPsApplication] INFO  o.a.m.s.f.DefaultMavenResourcesFiltering - Copying 0 resource from src\main\resources to target\classes
2024-10-31 00:03:23,238 [Worker-190: Launching ProyectoFabricaPS - ProyectoFabricaPsApplication] INFO  o.a.m.s.f.DefaultMavenResourcesFiltering - skip non existing resourceDirectory C:\Users\Matias Mamani\Desktop\Proyecto Pino\ProyectoFabrica_PS\Backend\ProyectoFabricaPS\src\test\resources
2024-10-31 00:03:28,645 [Worker-193: Building] INFO  o.e.m.c.i.l.LifecycleMappingFactory - Using org.eclipse.m2e.jdt.JarLifecycleMapping lifecycle mapping for MavenProject: com.proyecto.fabrica.ps:ProyectoFabricaPS:0.0.1-SNAPSHOT @ C:\Users\Matias Mamani\Desktop\Proyecto Pino\ProyectoFabrica_PS\Backend\ProyectoFabricaPS\pom.xml.
2024-10-31 00:03:29,899 [Worker-193: Building] INFO  o.a.m.s.f.DefaultMavenResourcesFiltering - Copying 0 resource from src\main\resources to target\classes
2024-10-31 00:03:29,900 [Worker-193: Building] INFO  o.a.m.s.f.DefaultMavenResourcesFiltering - Copying 0 resource from src\main\resources to target\classes
2024-10-31 00:03:29,906 [Worker-193: Building] INFO  o.a.m.s.f.DefaultMavenResourcesFiltering - skip non existing resourceDirectory C:\Users\Matias Mamani\Desktop\Proyecto Pino\ProyectoFabrica_PS\Backend\ProyectoFabricaPS\src\test\resources
2024-10-31 00:03:31,518 [Worker-193: Building] INFO  o.a.m.s.f.DefaultMavenResourcesFiltering - Copying 1 resource from src\main\resources to target\classes
2024-10-31 00:03:31,554 [Worker-193: Building] INFO  o.a.m.s.f.DefaultMavenResourcesFiltering - Copying 0 resource from src\main\resources to target\classes
2024-10-31 00:03:31,560 [Worker-193: Building] INFO  o.a.m.s.f.DefaultMavenResourcesFiltering - skip non existing resourceDirectory C:\Users\Matias Mamani\Desktop\Proyecto Pino\ProyectoFabrica_PS\Backend\ProyectoFabricaPS\src\test\resources
2024-10-31 19:35:54,848 [Worker-205: Building] INFO  o.a.m.s.f.DefaultMavenResourcesFiltering - Copying 1 resource from src\main\resources to target\classes
2024-10-31 19:35:55,150 [Worker-205: Building] INFO  o.a.m.s.f.DefaultMavenResourcesFiltering - Copying 0 resource from src\main\resources to target\classes
2024-10-31 19:35:55,162 [Worker-205: Building] INFO  o.a.m.s.f.DefaultMavenResourcesFiltering - skip non existing resourceDirectory C:\Users\Matias Mamani\Desktop\Proyecto Pino\ProyectoFabrica_PS\Backend\ProyectoFabricaPS\src\test\resources
2024-10-31 19:37:46,807 [Worker-210: Building] INFO  o.a.m.s.f.DefaultMavenResourcesFiltering - Copying 1 resource from src\main\resources to target\classes
2024-10-31 19:37:46,826 [Worker-210: Building] INFO  o.a.m.s.f.DefaultMavenResourcesFiltering - Copying 0 resource from src\main\resources to target\classes
2024-10-31 19:37:46,834 [Worker-210: Building] INFO  o.a.m.s.f.DefaultMavenResourcesFiltering - skip non existing resourceDirectory C:\Users\Matias Mamani\Desktop\Proyecto Pino\ProyectoFabrica_PS\Backend\ProyectoFabricaPS\src\test\resources
2024-10-31 19:37:48,215 [Worker-212: Building] INFO  o.a.m.s.f.DefaultMavenResourcesFiltering - Copying 1 resource from src\main\resources to target\classes
2024-10-31 19:37:48,313 [Worker-212: Building] INFO  o.a.m.s.f.DefaultMavenResourcesFiltering - Copying 0 resource from src\main\resources to target\classes
2024-10-31 19:37:48,321 [Worker-212: Building] INFO  o.a.m.s.f.DefaultMavenResourcesFiltering - skip non existing resourceDirectory C:\Users\Matias Mamani\Desktop\Proyecto Pino\ProyectoFabrica_PS\Backend\ProyectoFabricaPS\src\test\resources
2024-10-31 19:38:14,112 [Worker-211: Building] INFO  o.a.m.s.f.DefaultMavenResourcesFiltering - Copying 1 resource from src\main\resources to target\classes
2024-10-31 19:38:14,140 [Worker-211: Building] INFO  o.a.m.s.f.DefaultMavenResourcesFiltering - Copying 0 resource from src\main\resources to target\classes
2024-10-31 19:38:14,145 [Worker-211: Building] INFO  o.a.m.s.f.DefaultMavenResourcesFiltering - skip non existing resourceDirectory C:\Users\Matias Mamani\Desktop\Proyecto Pino\ProyectoFabrica_PS\Backend\ProyectoFabricaPS\src\test\resources
2024-10-31 19:38:18,475 [Worker-209: Building] INFO  o.a.m.s.f.DefaultMavenResourcesFiltering - Copying 1 resource from src\main\resources to target\classes
2024-10-31 19:38:18,498 [Worker-209: Building] INFO  o.a.m.s.f.DefaultMavenResourcesFiltering - Copying 0 resource from src\main\resources to target\classes
2024-10-31 19:38:18,503 [Worker-209: Building] INFO  o.a.m.s.f.DefaultMavenResourcesFiltering - skip non existing resourceDirectory C:\Users\Matias Mamani\Desktop\Proyecto Pino\ProyectoFabrica_PS\Backend\ProyectoFabricaPS\src\test\resources
2024-10-31 19:39:11,979 [Worker-207: Building] INFO  o.a.m.s.f.DefaultMavenResourcesFiltering - Copying 1 resource from src\main\resources to target\classes
2024-10-31 19:39:12,018 [Worker-207: Building] INFO  o.a.m.s.f.DefaultMavenResourcesFiltering - Copying 0 resource from src\main\resources to target\classes
2024-10-31 19:39:12,027 [Worker-207: Building] INFO  o.a.m.s.f.DefaultMavenResourcesFiltering - skip non existing resourceDirectory C:\Users\Matias Mamani\Desktop\Proyecto Pino\ProyectoFabrica_PS\Backend\ProyectoFabricaPS\src\test\resources
2024-10-31 19:39:22,335 [Worker-210: Building] INFO  o.a.m.s.f.DefaultMavenResourcesFiltering - Copying 1 resource from src\main\resources to target\classes
2024-10-31 19:39:22,354 [Worker-210: Building] INFO  o.a.m.s.f.DefaultMavenResourcesFiltering - Copying 0 resource from src\main\resources to target\classes
2024-10-31 19:39:22,361 [Worker-210: Building] INFO  o.a.m.s.f.DefaultMavenResourcesFiltering - skip non existing resourceDirectory C:\Users\Matias Mamani\Desktop\Proyecto Pino\ProyectoFabrica_PS\Backend\ProyectoFabricaPS\src\test\resources
2024-10-31 19:41:35,760 [Worker-212: Building] INFO  o.a.m.s.f.DefaultMavenResourcesFiltering - Copying 1 resource from src\main\resources to target\classes
2024-10-31 19:41:35,791 [Worker-212: Building] INFO  o.a.m.s.f.DefaultMavenResourcesFiltering - Copying 0 resource from src\main\resources to target\classes
2024-10-31 19:41:35,799 [Worker-212: Building] INFO  o.a.m.s.f.DefaultMavenResourcesFiltering - skip non existing resourceDirectory C:\Users\Matias Mamani\Desktop\Proyecto Pino\ProyectoFabrica_PS\Backend\ProyectoFabricaPS\src\test\resources
2024-10-31 19:41:37,223 [Worker-210: Building] INFO  o.a.m.s.f.DefaultMavenResourcesFiltering - Copying 1 resource from src\main\resources to target\classes
2024-10-31 19:41:37,240 [Worker-210: Building] INFO  o.a.m.s.f.DefaultMavenResourcesFiltering - Copying 0 resource from src\main\resources to target\classes
2024-10-31 19:41:37,246 [Worker-210: Building] INFO  o.a.m.s.f.DefaultMavenResourcesFiltering - skip non existing resourceDirectory C:\Users\Matias Mamani\Desktop\Proyecto Pino\ProyectoFabrica_PS\Backend\ProyectoFabricaPS\src\test\resources
2024-10-31 19:44:52,101 [Worker-210: Building] INFO  o.a.m.s.f.DefaultMavenResourcesFiltering - Copying 1 resource from src\main\resources to target\classes
2024-10-31 19:44:52,117 [Worker-210: Building] INFO  o.a.m.s.f.DefaultMavenResourcesFiltering - Copying 0 resource from src\main\resources to target\classes
2024-10-31 19:44:52,122 [Worker-210: Building] INFO  o.a.m.s.f.DefaultMavenResourcesFiltering - skip non existing resourceDirectory C:\Users\Matias Mamani\Desktop\Proyecto Pino\ProyectoFabrica_PS\Backend\ProyectoFabricaPS\src\test\resources
2024-10-31 19:45:25,271 [Worker-215: Building] INFO  o.a.m.s.f.DefaultMavenResourcesFiltering - Copying 1 resource from src\main\resources to target\classes
2024-10-31 19:45:25,291 [Worker-215: Building] INFO  o.a.m.s.f.DefaultMavenResourcesFiltering - Copying 0 resource from src\main\resources to target\classes
2024-10-31 19:45:25,298 [Worker-215: Building] INFO  o.a.m.s.f.DefaultMavenResourcesFiltering - skip non existing resourceDirectory C:\Users\Matias Mamani\Desktop\Proyecto Pino\ProyectoFabrica_PS\Backend\ProyectoFabricaPS\src\test\resources
2024-10-31 19:46:37,419 [Worker-216: Building] INFO  o.a.m.s.f.DefaultMavenResourcesFiltering - Copying 1 resource from src\main\resources to target\classes
2024-10-31 19:46:37,435 [Worker-216: Building] INFO  o.a.m.s.f.DefaultMavenResourcesFiltering - Copying 0 resource from src\main\resources to target\classes
2024-10-31 19:46:37,441 [Worker-216: Building] INFO  o.a.m.s.f.DefaultMavenResourcesFiltering - skip non existing resourceDirectory C:\Users\Matias Mamani\Desktop\Proyecto Pino\ProyectoFabrica_PS\Backend\ProyectoFabricaPS\src\test\resources
2024-10-31 19:48:07,578 [Worker-218: Building] INFO  o.a.m.s.f.DefaultMavenResourcesFiltering - Copying 1 resource from src\main\resources to target\classes
2024-10-31 19:48:07,593 [Worker-218: Building] INFO  o.a.m.s.f.DefaultMavenResourcesFiltering - Copying 0 resource from src\main\resources to target\classes
2024-10-31 19:48:07,598 [Worker-218: Building] INFO  o.a.m.s.f.DefaultMavenResourcesFiltering - skip non existing resourceDirectory C:\Users\Matias Mamani\Desktop\Proyecto Pino\ProyectoFabrica_PS\Backend\ProyectoFabricaPS\src\test\resources
2024-10-31 19:48:17,541 [Worker-218: Building] INFO  o.a.m.s.f.DefaultMavenResourcesFiltering - Copying 1 resource from src\main\resources to target\classes
2024-10-31 19:48:17,559 [Worker-218: Building] INFO  o.a.m.s.f.DefaultMavenResourcesFiltering - Copying 0 resource from src\main\resources to target\classes
2024-10-31 19:48:17,569 [Worker-218: Building] INFO  o.a.m.s.f.DefaultMavenResourcesFiltering - skip non existing resourceDirectory C:\Users\Matias Mamani\Desktop\Proyecto Pino\ProyectoFabrica_PS\Backend\ProyectoFabricaPS\src\test\resources
2024-10-31 19:48:30,354 [Worker-217: Building] INFO  o.a.m.s.f.DefaultMavenResourcesFiltering - Copying 1 resource from src\main\resources to target\classes
2024-10-31 19:48:30,370 [Worker-217: Building] INFO  o.a.m.s.f.DefaultMavenResourcesFiltering - Copying 0 resource from src\main\resources to target\classes
2024-10-31 19:48:30,376 [Worker-217: Building] INFO  o.a.m.s.f.DefaultMavenResourcesFiltering - skip non existing resourceDirectory C:\Users\Matias Mamani\Desktop\Proyecto Pino\ProyectoFabrica_PS\Backend\ProyectoFabricaPS\src\test\resources
2024-10-31 19:49:03,299 [Worker-214: Building] INFO  o.a.m.s.f.DefaultMavenResourcesFiltering - Copying 1 resource from src\main\resources to target\classes
2024-10-31 19:49:03,315 [Worker-214: Building] INFO  o.a.m.s.f.DefaultMavenResourcesFiltering - Copying 0 resource from src\main\resources to target\classes
2024-10-31 19:49:03,319 [Worker-214: Building] INFO  o.a.m.s.f.DefaultMavenResourcesFiltering - skip non existing resourceDirectory C:\Users\Matias Mamani\Desktop\Proyecto Pino\ProyectoFabrica_PS\Backend\ProyectoFabricaPS\src\test\resources
2024-10-31 20:21:24,339 [Worker-219: Building] INFO  o.a.m.s.f.DefaultMavenResourcesFiltering - Copying 1 resource from src\main\resources to target\classes
2024-10-31 20:21:24,370 [Worker-219: Building] INFO  o.a.m.s.f.DefaultMavenResourcesFiltering - Copying 0 resource from src\main\resources to target\classes
2024-10-31 20:21:24,375 [Worker-219: Building] INFO  o.a.m.s.f.DefaultMavenResourcesFiltering - skip non existing resourceDirectory C:\Users\Matias Mamani\Desktop\Proyecto Pino\ProyectoFabrica_PS\Backend\ProyectoFabricaPS\src\test\resources
2024-10-31 20:22:01,471 [Worker-218: Building] INFO  o.a.m.s.f.DefaultMavenResourcesFiltering - Copying 1 resource from src\main\resources to target\classes
2024-10-31 20:22:01,500 [Worker-218: Building] INFO  o.a.m.s.f.DefaultMavenResourcesFiltering - Copying 0 resource from src\main\resources to target\classes
2024-10-31 20:22:01,507 [Worker-218: Building] INFO  o.a.m.s.f.DefaultMavenResourcesFiltering - skip non existing resourceDirectory C:\Users\Matias Mamani\Desktop\Proyecto Pino\ProyectoFabrica_PS\Backend\ProyectoFabricaPS\src\test\resources
2024-10-31 20:22:06,636 [Worker-222: Building] INFO  o.a.m.s.f.DefaultMavenResourcesFiltering - Copying 1 resource from src\main\resources to target\classes
2024-10-31 20:22:06,684 [Worker-222: Building] INFO  o.a.m.s.f.DefaultMavenResourcesFiltering - Copying 0 resource from src\main\resources to target\classes
2024-10-31 20:22:06,690 [Worker-222: Building] INFO  o.a.m.s.f.DefaultMavenResourcesFiltering - skip non existing resourceDirectory C:\Users\Matias Mamani\Desktop\Proyecto Pino\ProyectoFabrica_PS\Backend\ProyectoFabricaPS\src\test\resources
2024-10-31 20:22:12,740 [Worker-218: Building] INFO  o.a.m.s.f.DefaultMavenResourcesFiltering - Copying 1 resource from src\main\resources to target\classes
2024-10-31 20:22:12,760 [Worker-218: Building] INFO  o.a.m.s.f.DefaultMavenResourcesFiltering - Copying 0 resource from src\main\resources to target\classes
2024-10-31 20:22:12,765 [Worker-218: Building] INFO  o.a.m.s.f.DefaultMavenResourcesFiltering - skip non existing resourceDirectory C:\Users\Matias Mamani\Desktop\Proyecto Pino\ProyectoFabrica_PS\Backend\ProyectoFabricaPS\src\test\resources
2024-10-31 20:22:14,936 [Worker-221: Building] INFO  o.a.m.s.f.DefaultMavenResourcesFiltering - Copying 1 resource from src\main\resources to target\classes
2024-10-31 20:22:14,957 [Worker-221: Building] INFO  o.a.m.s.f.DefaultMavenResourcesFiltering - Copying 0 resource from src\main\resources to target\classes
2024-10-31 20:22:14,961 [Worker-221: Building] INFO  o.a.m.s.f.DefaultMavenResourcesFiltering - skip non existing resourceDirectory C:\Users\Matias Mamani\Desktop\Proyecto Pino\ProyectoFabrica_PS\Backend\ProyectoFabricaPS\src\test\resources
2024-10-31 20:22:23,450 [Worker-221: Building] INFO  o.a.m.s.f.DefaultMavenResourcesFiltering - Copying 1 resource from src\main\resources to target\classes
2024-10-31 20:22:23,471 [Worker-221: Building] INFO  o.a.m.s.f.DefaultMavenResourcesFiltering - Copying 0 resource from src\main\resources to target\classes
2024-10-31 20:22:23,475 [Worker-221: Building] INFO  o.a.m.s.f.DefaultMavenResourcesFiltering - skip non existing resourceDirectory C:\Users\Matias Mamani\Desktop\Proyecto Pino\ProyectoFabrica_PS\Backend\ProyectoFabricaPS\src\test\resources
2024-10-31 20:22:26,057 [Worker-223: Building] INFO  o.a.m.s.f.DefaultMavenResourcesFiltering - Copying 1 resource from src\main\resources to target\classes
2024-10-31 20:22:26,077 [Worker-223: Building] INFO  o.a.m.s.f.DefaultMavenResourcesFiltering - Copying 0 resource from src\main\resources to target\classes
2024-10-31 20:22:26,082 [Worker-223: Building] INFO  o.a.m.s.f.DefaultMavenResourcesFiltering - skip non existing resourceDirectory C:\Users\Matias Mamani\Desktop\Proyecto Pino\ProyectoFabrica_PS\Backend\ProyectoFabricaPS\src\test\resources
2024-10-31 20:22:29,448 [Worker-219: Building] INFO  o.a.m.s.f.DefaultMavenResourcesFiltering - Copying 1 resource from src\main\resources to target\classes
2024-10-31 20:22:29,480 [Worker-219: Building] INFO  o.a.m.s.f.DefaultMavenResourcesFiltering - Copying 0 resource from src\main\resources to target\classes
2024-10-31 20:22:29,485 [Worker-219: Building] INFO  o.a.m.s.f.DefaultMavenResourcesFiltering - skip non existing resourceDirectory C:\Users\Matias Mamani\Desktop\Proyecto Pino\ProyectoFabrica_PS\Backend\ProyectoFabricaPS\src\test\resources
2024-10-31 20:22:56,367 [Worker-221: Building] INFO  o.a.m.s.f.DefaultMavenResourcesFiltering - Copying 1 resource from src\main\resources to target\classes
2024-10-31 20:22:56,419 [Worker-221: Building] INFO  o.a.m.s.f.DefaultMavenResourcesFiltering - Copying 0 resource from src\main\resources to target\classes
2024-10-31 20:22:56,423 [Worker-221: Building] INFO  o.a.m.s.f.DefaultMavenResourcesFiltering - skip non existing resourceDirectory C:\Users\Matias Mamani\Desktop\Proyecto Pino\ProyectoFabrica_PS\Backend\ProyectoFabricaPS\src\test\resources
2024-10-31 20:29:55,137 [Worker-225: Building] INFO  o.a.m.s.f.DefaultMavenResourcesFiltering - Copying 1 resource from src\main\resources to target\classes
2024-10-31 20:29:55,146 [Worker-225: Building] INFO  o.a.m.s.f.DefaultMavenResourcesFiltering - Copying 0 resource from src\main\resources to target\classes
2024-10-31 20:29:55,149 [Worker-225: Building] INFO  o.a.m.s.f.DefaultMavenResourcesFiltering - skip non existing resourceDirectory C:\Users\Matias Mamani\Desktop\Proyecto Pino\ProyectoFabrica_PS\Backend\ProyectoFabricaPS\src\test\resources
2024-10-31 20:29:59,552 [Worker-227: Building] INFO  o.a.m.s.f.DefaultMavenResourcesFiltering - Copying 1 resource from src\main\resources to target\classes
2024-10-31 20:29:59,572 [Worker-227: Building] INFO  o.a.m.s.f.DefaultMavenResourcesFiltering - Copying 0 resource from src\main\resources to target\classes
2024-10-31 20:29:59,576 [Worker-227: Building] INFO  o.a.m.s.f.DefaultMavenResourcesFiltering - skip non existing resourceDirectory C:\Users\Matias Mamani\Desktop\Proyecto Pino\ProyectoFabrica_PS\Backend\ProyectoFabricaPS\src\test\resources
2024-10-31 20:30:16,710 [Worker-222: Building] INFO  o.a.m.s.f.DefaultMavenResourcesFiltering - Copying 1 resource from src\main\resources to target\classes
2024-10-31 20:30:16,724 [Worker-222: Building] INFO  o.a.m.s.f.DefaultMavenResourcesFiltering - Copying 0 resource from src\main\resources to target\classes
2024-10-31 20:30:16,729 [Worker-222: Building] INFO  o.a.m.s.f.DefaultMavenResourcesFiltering - skip non existing resourceDirectory C:\Users\Matias Mamani\Desktop\Proyecto Pino\ProyectoFabrica_PS\Backend\ProyectoFabricaPS\src\test\resources
2024-10-31 20:30:24,226 [Worker-222: Building] INFO  o.a.m.s.f.DefaultMavenResourcesFiltering - Copying 1 resource from src\main\resources to target\classes
2024-10-31 20:30:24,249 [Worker-222: Building] INFO  o.a.m.s.f.DefaultMavenResourcesFiltering - Copying 0 resource from src\main\resources to target\classes
2024-10-31 20:30:24,254 [Worker-222: Building] INFO  o.a.m.s.f.DefaultMavenResourcesFiltering - skip non existing resourceDirectory C:\Users\Matias Mamani\Desktop\Proyecto Pino\ProyectoFabrica_PS\Backend\ProyectoFabricaPS\src\test\resources
2024-10-31 20:30:32,096 [Worker-224: Building] INFO  o.a.m.s.f.DefaultMavenResourcesFiltering - Copying 1 resource from src\main\resources to target\classes
2024-10-31 20:30:32,109 [Worker-224: Building] INFO  o.a.m.s.f.DefaultMavenResourcesFiltering - Copying 0 resource from src\main\resources to target\classes
2024-10-31 20:30:32,113 [Worker-224: Building] INFO  o.a.m.s.f.DefaultMavenResourcesFiltering - skip non existing resourceDirectory C:\Users\Matias Mamani\Desktop\Proyecto Pino\ProyectoFabrica_PS\Backend\ProyectoFabricaPS\src\test\resources
2024-10-31 20:34:26,620 [Worker-231: Building] INFO  o.a.m.s.f.DefaultMavenResourcesFiltering - Copying 1 resource from src\main\resources to target\classes
2024-10-31 20:34:26,667 [Worker-231: Building] INFO  o.a.m.s.f.DefaultMavenResourcesFiltering - Copying 0 resource from src\main\resources to target\classes
2024-10-31 20:34:26,674 [Worker-231: Building] INFO  o.a.m.s.f.DefaultMavenResourcesFiltering - skip non existing resourceDirectory C:\Users\Matias Mamani\Desktop\Proyecto Pino\ProyectoFabrica_PS\Backend\ProyectoFabricaPS\src\test\resources
2024-10-31 20:35:41,874 [Worker-233: Building] INFO  o.a.m.s.f.DefaultMavenResourcesFiltering - Copying 1 resource from src\main\resources to target\classes
2024-10-31 20:35:41,890 [Worker-233: Building] INFO  o.a.m.s.f.DefaultMavenResourcesFiltering - Copying 0 resource from src\main\resources to target\classes
2024-10-31 20:35:41,896 [Worker-233: Building] INFO  o.a.m.s.f.DefaultMavenResourcesFiltering - skip non existing resourceDirectory C:\Users\Matias Mamani\Desktop\Proyecto Pino\ProyectoFabrica_PS\Backend\ProyectoFabricaPS\src\test\resources
2024-10-31 20:35:52,361 [Worker-231: Building] INFO  o.a.m.s.f.DefaultMavenResourcesFiltering - Copying 1 resource from src\main\resources to target\classes
2024-10-31 20:35:52,372 [Worker-231: Building] INFO  o.a.m.s.f.DefaultMavenResourcesFiltering - Copying 0 resource from src\main\resources to target\classes
2024-10-31 20:35:52,376 [Worker-231: Building] INFO  o.a.m.s.f.DefaultMavenResourcesFiltering - skip non existing resourceDirectory C:\Users\Matias Mamani\Desktop\Proyecto Pino\ProyectoFabrica_PS\Backend\ProyectoFabricaPS\src\test\resources
2024-10-31 20:36:12,851 [Worker-222: Building] INFO  o.a.m.s.f.DefaultMavenResourcesFiltering - Copying 1 resource from src\main\resources to target\classes
2024-10-31 20:36:12,863 [Worker-222: Building] INFO  o.a.m.s.f.DefaultMavenResourcesFiltering - Copying 0 resource from src\main\resources to target\classes
2024-10-31 20:36:12,867 [Worker-222: Building] INFO  o.a.m.s.f.DefaultMavenResourcesFiltering - skip non existing resourceDirectory C:\Users\Matias Mamani\Desktop\Proyecto Pino\ProyectoFabrica_PS\Backend\ProyectoFabricaPS\src\test\resources
2024-10-31 20:36:16,104 [Worker-230: Building] INFO  o.a.m.s.f.DefaultMavenResourcesFiltering - Copying 1 resource from src\main\resources to target\classes
2024-10-31 20:36:16,117 [Worker-230: Building] INFO  o.a.m.s.f.DefaultMavenResourcesFiltering - Copying 0 resource from src\main\resources to target\classes
2024-10-31 20:36:16,120 [Worker-230: Building] INFO  o.a.m.s.f.DefaultMavenResourcesFiltering - skip non existing resourceDirectory C:\Users\Matias Mamani\Desktop\Proyecto Pino\ProyectoFabrica_PS\Backend\ProyectoFabricaPS\src\test\resources
2024-10-31 20:36:36,240 [Worker-232: Building] INFO  o.a.m.s.f.DefaultMavenResourcesFiltering - Copying 1 resource from src\main\resources to target\classes
2024-10-31 20:36:36,250 [Worker-232: Building] INFO  o.a.m.s.f.DefaultMavenResourcesFiltering - Copying 0 resource from src\main\resources to target\classes
2024-10-31 20:36:36,254 [Worker-232: Building] INFO  o.a.m.s.f.DefaultMavenResourcesFiltering - skip non existing resourceDirectory C:\Users\Matias Mamani\Desktop\Proyecto Pino\ProyectoFabrica_PS\Backend\ProyectoFabricaPS\src\test\resources
2024-10-31 20:36:37,474 [Worker-231: Building] INFO  o.a.m.s.f.DefaultMavenResourcesFiltering - Copying 1 resource from src\main\resources to target\classes
2024-10-31 20:36:37,485 [Worker-231: Building] INFO  o.a.m.s.f.DefaultMavenResourcesFiltering - Copying 0 resource from src\main\resources to target\classes
2024-10-31 20:36:37,489 [Worker-231: Building] INFO  o.a.m.s.f.DefaultMavenResourcesFiltering - skip non existing resourceDirectory C:\Users\Matias Mamani\Desktop\Proyecto Pino\ProyectoFabrica_PS\Backend\ProyectoFabricaPS\src\test\resources
2024-10-31 20:36:55,931 [Worker-234: Building] INFO  o.a.m.s.f.DefaultMavenResourcesFiltering - Copying 1 resource from src\main\resources to target\classes
2024-10-31 20:36:55,943 [Worker-234: Building] INFO  o.a.m.s.f.DefaultMavenResourcesFiltering - Copying 0 resource from src\main\resources to target\classes
2024-10-31 20:36:55,947 [Worker-234: Building] INFO  o.a.m.s.f.DefaultMavenResourcesFiltering - skip non existing resourceDirectory C:\Users\Matias Mamani\Desktop\Proyecto Pino\ProyectoFabrica_PS\Backend\ProyectoFabricaPS\src\test\resources
2024-10-31 20:36:57,045 [Worker-230: Building] INFO  o.a.m.s.f.DefaultMavenResourcesFiltering - Copying 1 resource from src\main\resources to target\classes
2024-10-31 20:36:57,059 [Worker-230: Building] INFO  o.a.m.s.f.DefaultMavenResourcesFiltering - Copying 0 resource from src\main\resources to target\classes
2024-10-31 20:36:57,064 [Worker-230: Building] INFO  o.a.m.s.f.DefaultMavenResourcesFiltering - skip non existing resourceDirectory C:\Users\Matias Mamani\Desktop\Proyecto Pino\ProyectoFabrica_PS\Backend\ProyectoFabricaPS\src\test\resources
2024-10-31 20:37:16,095 [Worker-234: Building] INFO  o.a.m.s.f.DefaultMavenResourcesFiltering - Copying 1 resource from src\main\resources to target\classes
2024-10-31 20:37:16,265 [Worker-234: Building] INFO  o.a.m.s.f.DefaultMavenResourcesFiltering - Copying 0 resource from src\main\resources to target\classes
2024-10-31 20:37:16,268 [Worker-234: Building] INFO  o.a.m.s.f.DefaultMavenResourcesFiltering - skip non existing resourceDirectory C:\Users\Matias Mamani\Desktop\Proyecto Pino\ProyectoFabrica_PS\Backend\ProyectoFabricaPS\src\test\resources
2024-10-31 20:37:29,594 [Worker-225: Building] INFO  o.a.m.s.f.DefaultMavenResourcesFiltering - Copying 1 resource from src\main\resources to target\classes
2024-10-31 20:37:29,605 [Worker-225: Building] INFO  o.a.m.s.f.DefaultMavenResourcesFiltering - Copying 0 resource from src\main\resources to target\classes
2024-10-31 20:37:29,610 [Worker-225: Building] INFO  o.a.m.s.f.DefaultMavenResourcesFiltering - skip non existing resourceDirectory C:\Users\Matias Mamani\Desktop\Proyecto Pino\ProyectoFabrica_PS\Backend\ProyectoFabricaPS\src\test\resources
2024-10-31 20:48:52,125 [Worker-237: Building] INFO  o.a.m.s.f.DefaultMavenResourcesFiltering - Copying 1 resource from src\main\resources to target\classes
2024-10-31 20:48:52,144 [Worker-237: Building] INFO  o.a.m.s.f.DefaultMavenResourcesFiltering - Copying 0 resource from src\main\resources to target\classes
2024-10-31 20:48:52,152 [Worker-237: Building] INFO  o.a.m.s.f.DefaultMavenResourcesFiltering - skip non existing resourceDirectory C:\Users\Matias Mamani\Desktop\Proyecto Pino\ProyectoFabrica_PS\Backend\ProyectoFabricaPS\src\test\resources
2024-10-31 20:48:55,380 [Worker-235: Building] INFO  o.a.m.s.f.DefaultMavenResourcesFiltering - Copying 1 resource from src\main\resources to target\classes
2024-10-31 20:48:55,393 [Worker-235: Building] INFO  o.a.m.s.f.DefaultMavenResourcesFiltering - Copying 0 resource from src\main\resources to target\classes
2024-10-31 20:48:55,398 [Worker-235: Building] INFO  o.a.m.s.f.DefaultMavenResourcesFiltering - skip non existing resourceDirectory C:\Users\Matias Mamani\Desktop\Proyecto Pino\ProyectoFabrica_PS\Backend\ProyectoFabricaPS\src\test\resources
2024-10-31 20:51:41,521 [Worker-238: Building] INFO  o.a.m.s.f.DefaultMavenResourcesFiltering - Copying 1 resource from src\main\resources to target\classes
2024-10-31 20:51:41,544 [Worker-238: Building] INFO  o.a.m.s.f.DefaultMavenResourcesFiltering - Copying 0 resource from src\main\resources to target\classes
2024-10-31 20:51:41,560 [Worker-238: Building] INFO  o.a.m.s.f.DefaultMavenResourcesFiltering - skip non existing resourceDirectory C:\Users\Matias Mamani\Desktop\Proyecto Pino\ProyectoFabrica_PS\Backend\ProyectoFabricaPS\src\test\resources
2024-10-31 20:53:05,272 [Worker-240: Building] INFO  o.a.m.s.f.DefaultMavenResourcesFiltering - Copying 1 resource from src\main\resources to target\classes
2024-10-31 20:53:05,299 [Worker-240: Building] INFO  o.a.m.s.f.DefaultMavenResourcesFiltering - Copying 0 resource from src\main\resources to target\classes
2024-10-31 20:53:05,308 [Worker-240: Building] INFO  o.a.m.s.f.DefaultMavenResourcesFiltering - skip non existing resourceDirectory C:\Users\Matias Mamani\Desktop\Proyecto Pino\ProyectoFabrica_PS\Backend\ProyectoFabricaPS\src\test\resources
2024-10-31 20:53:20,520 [Worker-239: Building] INFO  o.a.m.s.f.DefaultMavenResourcesFiltering - Copying 1 resource from src\main\resources to target\classes
2024-10-31 20:53:20,531 [Worker-239: Building] INFO  o.a.m.s.f.DefaultMavenResourcesFiltering - Copying 0 resource from src\main\resources to target\classes
2024-10-31 20:53:20,534 [Worker-239: Building] INFO  o.a.m.s.f.DefaultMavenResourcesFiltering - skip non existing resourceDirectory C:\Users\Matias Mamani\Desktop\Proyecto Pino\ProyectoFabrica_PS\Backend\ProyectoFabricaPS\src\test\resources
2024-10-31 20:53:43,104 [Worker-240: Building] INFO  o.a.m.s.f.DefaultMavenResourcesFiltering - Copying 1 resource from src\main\resources to target\classes
2024-10-31 20:53:43,116 [Worker-240: Building] INFO  o.a.m.s.f.DefaultMavenResourcesFiltering - Copying 0 resource from src\main\resources to target\classes
2024-10-31 20:53:43,121 [Worker-240: Building] INFO  o.a.m.s.f.DefaultMavenResourcesFiltering - skip non existing resourceDirectory C:\Users\Matias Mamani\Desktop\Proyecto Pino\ProyectoFabrica_PS\Backend\ProyectoFabricaPS\src\test\resources
2024-10-31 20:54:01,375 [Worker-238: Building] INFO  o.a.m.s.f.DefaultMavenResourcesFiltering - Copying 1 resource from src\main\resources to target\classes
2024-10-31 20:54:01,385 [Worker-238: Building] INFO  o.a.m.s.f.DefaultMavenResourcesFiltering - Copying 0 resource from src\main\resources to target\classes
2024-10-31 20:54:01,389 [Worker-238: Building] INFO  o.a.m.s.f.DefaultMavenResourcesFiltering - skip non existing resourceDirectory C:\Users\Matias Mamani\Desktop\Proyecto Pino\ProyectoFabrica_PS\Backend\ProyectoFabricaPS\src\test\resources
2024-10-31 20:54:03,837 [Worker-240: Building] INFO  o.a.m.s.f.DefaultMavenResourcesFiltering - Copying 1 resource from src\main\resources to target\classes
2024-10-31 20:54:03,849 [Worker-240: Building] INFO  o.a.m.s.f.DefaultMavenResourcesFiltering - Copying 0 resource from src\main\resources to target\classes
2024-10-31 20:54:03,853 [Worker-240: Building] INFO  o.a.m.s.f.DefaultMavenResourcesFiltering - skip non existing resourceDirectory C:\Users\Matias Mamani\Desktop\Proyecto Pino\ProyectoFabrica_PS\Backend\ProyectoFabricaPS\src\test\resources
2024-10-31 20:57:06,581 [Worker-238: Building] INFO  o.a.m.s.f.DefaultMavenResourcesFiltering - Copying 1 resource from src\main\resources to target\classes
2024-10-31 20:57:06,605 [Worker-238: Building] INFO  o.a.m.s.f.DefaultMavenResourcesFiltering - Copying 0 resource from src\main\resources to target\classes
2024-10-31 20:57:06,611 [Worker-238: Building] INFO  o.a.m.s.f.DefaultMavenResourcesFiltering - skip non existing resourceDirectory C:\Users\Matias Mamani\Desktop\Proyecto Pino\ProyectoFabrica_PS\Backend\ProyectoFabricaPS\src\test\resources
2024-10-31 20:57:59,829 [Worker-238: Building] INFO  o.a.m.s.f.DefaultMavenResourcesFiltering - Copying 1 resource from src\main\resources to target\classes
2024-10-31 20:57:59,844 [Worker-238: Building] INFO  o.a.m.s.f.DefaultMavenResourcesFiltering - Copying 0 resource from src\main\resources to target\classes
2024-10-31 20:57:59,869 [Worker-238: Building] INFO  o.a.m.s.f.DefaultMavenResourcesFiltering - skip non existing resourceDirectory C:\Users\Matias Mamani\Desktop\Proyecto Pino\ProyectoFabrica_PS\Backend\ProyectoFabricaPS\src\test\resources
2024-10-31 20:58:23,157 [Worker-239: Building] INFO  o.a.m.s.f.DefaultMavenResourcesFiltering - Copying 1 resource from src\main\resources to target\classes
2024-10-31 20:58:23,175 [Worker-239: Building] INFO  o.a.m.s.f.DefaultMavenResourcesFiltering - Copying 0 resource from src\main\resources to target\classes
2024-10-31 20:58:23,184 [Worker-239: Building] INFO  o.a.m.s.f.DefaultMavenResourcesFiltering - skip non existing resourceDirectory C:\Users\Matias Mamani\Desktop\Proyecto Pino\ProyectoFabrica_PS\Backend\ProyectoFabricaPS\src\test\resources
2024-10-31 20:58:29,474 [Worker-238: Building] INFO  o.a.m.s.f.DefaultMavenResourcesFiltering - Copying 1 resource from src\main\resources to target\classes
2024-10-31 20:58:29,492 [Worker-238: Building] INFO  o.a.m.s.f.DefaultMavenResourcesFiltering - Copying 0 resource from src\main\resources to target\classes
2024-10-31 20:58:29,499 [Worker-238: Building] INFO  o.a.m.s.f.DefaultMavenResourcesFiltering - skip non existing resourceDirectory C:\Users\Matias Mamani\Desktop\Proyecto Pino\ProyectoFabrica_PS\Backend\ProyectoFabricaPS\src\test\resources
2024-10-31 20:58:31,724 [Worker-238: Building] INFO  o.a.m.s.f.DefaultMavenResourcesFiltering - Copying 1 resource from src\main\resources to target\classes
2024-10-31 20:58:31,740 [Worker-238: Building] INFO  o.a.m.s.f.DefaultMavenResourcesFiltering - Copying 0 resource from src\main\resources to target\classes
2024-10-31 20:58:31,746 [Worker-238: Building] INFO  o.a.m.s.f.DefaultMavenResourcesFiltering - skip non existing resourceDirectory C:\Users\Matias Mamani\Desktop\Proyecto Pino\ProyectoFabrica_PS\Backend\ProyectoFabricaPS\src\test\resources
2024-10-31 20:58:38,775 [Worker-245: Building] INFO  o.a.m.s.f.DefaultMavenResourcesFiltering - Copying 1 resource from src\main\resources to target\classes
2024-10-31 20:58:38,790 [Worker-245: Building] INFO  o.a.m.s.f.DefaultMavenResourcesFiltering - Copying 0 resource from src\main\resources to target\classes
2024-10-31 20:58:38,795 [Worker-245: Building] INFO  o.a.m.s.f.DefaultMavenResourcesFiltering - skip non existing resourceDirectory C:\Users\Matias Mamani\Desktop\Proyecto Pino\ProyectoFabrica_PS\Backend\ProyectoFabricaPS\src\test\resources
2024-10-31 20:58:41,440 [Worker-238: Building] INFO  o.a.m.s.f.DefaultMavenResourcesFiltering - Copying 1 resource from src\main\resources to target\classes
2024-10-31 20:58:41,456 [Worker-238: Building] INFO  o.a.m.s.f.DefaultMavenResourcesFiltering - Copying 0 resource from src\main\resources to target\classes
2024-10-31 20:58:41,462 [Worker-238: Building] INFO  o.a.m.s.f.DefaultMavenResourcesFiltering - skip non existing resourceDirectory C:\Users\Matias Mamani\Desktop\Proyecto Pino\ProyectoFabrica_PS\Backend\ProyectoFabricaPS\src\test\resources
2024-10-31 20:59:35,890 [Worker-245: Building] INFO  o.a.m.s.f.DefaultMavenResourcesFiltering - Copying 1 resource from src\main\resources to target\classes
2024-10-31 20:59:35,909 [Worker-245: Building] INFO  o.a.m.s.f.DefaultMavenResourcesFiltering - Copying 0 resource from src\main\resources to target\classes
2024-10-31 20:59:35,917 [Worker-245: Building] INFO  o.a.m.s.f.DefaultMavenResourcesFiltering - skip non existing resourceDirectory C:\Users\Matias Mamani\Desktop\Proyecto Pino\ProyectoFabrica_PS\Backend\ProyectoFabricaPS\src\test\resources
2024-10-31 20:59:52,855 [Worker-239: Building] INFO  o.a.m.s.f.DefaultMavenResourcesFiltering - Copying 1 resource from src\main\resources to target\classes
2024-10-31 20:59:52,884 [Worker-239: Building] INFO  o.a.m.s.f.DefaultMavenResourcesFiltering - Copying 0 resource from src\main\resources to target\classes
2024-10-31 20:59:52,891 [Worker-239: Building] INFO  o.a.m.s.f.DefaultMavenResourcesFiltering - skip non existing resourceDirectory C:\Users\Matias Mamani\Desktop\Proyecto Pino\ProyectoFabrica_PS\Backend\ProyectoFabricaPS\src\test\resources
2024-10-31 21:00:21,300 [Worker-245: Building] INFO  o.a.m.s.f.DefaultMavenResourcesFiltering - Copying 1 resource from src\main\resources to target\classes
2024-10-31 21:00:21,313 [Worker-245: Building] INFO  o.a.m.s.f.DefaultMavenResourcesFiltering - Copying 0 resource from src\main\resources to target\classes
2024-10-31 21:00:21,318 [Worker-245: Building] INFO  o.a.m.s.f.DefaultMavenResourcesFiltering - skip non existing resourceDirectory C:\Users\Matias Mamani\Desktop\Proyecto Pino\ProyectoFabrica_PS\Backend\ProyectoFabricaPS\src\test\resources
2024-10-31 21:00:22,513 [Worker-243: Building] INFO  o.a.m.s.f.DefaultMavenResourcesFiltering - Copying 1 resource from src\main\resources to target\classes
2024-10-31 21:00:22,527 [Worker-243: Building] INFO  o.a.m.s.f.DefaultMavenResourcesFiltering - Copying 0 resource from src\main\resources to target\classes
2024-10-31 21:00:22,532 [Worker-243: Building] INFO  o.a.m.s.f.DefaultMavenResourcesFiltering - skip non existing resourceDirectory C:\Users\Matias Mamani\Desktop\Proyecto Pino\ProyectoFabrica_PS\Backend\ProyectoFabricaPS\src\test\resources
2024-10-31 21:00:24,926 [Worker-238: Building] INFO  o.a.m.s.f.DefaultMavenResourcesFiltering - Copying 1 resource from src\main\resources to target\classes
2024-10-31 21:00:24,941 [Worker-238: Building] INFO  o.a.m.s.f.DefaultMavenResourcesFiltering - Copying 0 resource from src\main\resources to target\classes
2024-10-31 21:00:24,979 [Worker-238: Building] INFO  o.a.m.s.f.DefaultMavenResourcesFiltering - skip non existing resourceDirectory C:\Users\Matias Mamani\Desktop\Proyecto Pino\ProyectoFabrica_PS\Backend\ProyectoFabricaPS\src\test\resources
2024-10-31 21:00:52,121 [Worker-247: Building] INFO  o.a.m.s.f.DefaultMavenResourcesFiltering - Copying 1 resource from src\main\resources to target\classes
2024-10-31 21:00:52,141 [Worker-247: Building] INFO  o.a.m.s.f.DefaultMavenResourcesFiltering - Copying 0 resource from src\main\resources to target\classes
2024-10-31 21:00:52,149 [Worker-247: Building] INFO  o.a.m.s.f.DefaultMavenResourcesFiltering - skip non existing resourceDirectory C:\Users\Matias Mamani\Desktop\Proyecto Pino\ProyectoFabrica_PS\Backend\ProyectoFabricaPS\src\test\resources
2024-10-31 21:00:59,888 [Worker-245: Building] INFO  o.a.m.s.f.DefaultMavenResourcesFiltering - Copying 1 resource from src\main\resources to target\classes
2024-10-31 21:00:59,903 [Worker-245: Building] INFO  o.a.m.s.f.DefaultMavenResourcesFiltering - Copying 0 resource from src\main\resources to target\classes
2024-10-31 21:00:59,909 [Worker-245: Building] INFO  o.a.m.s.f.DefaultMavenResourcesFiltering - skip non existing resourceDirectory C:\Users\Matias Mamani\Desktop\Proyecto Pino\ProyectoFabrica_PS\Backend\ProyectoFabricaPS\src\test\resources
2024-10-31 21:01:09,246 [Worker-239: Building] INFO  o.a.m.s.f.DefaultMavenResourcesFiltering - Copying 1 resource from src\main\resources to target\classes
2024-10-31 21:01:09,266 [Worker-239: Building] INFO  o.a.m.s.f.DefaultMavenResourcesFiltering - Copying 0 resource from src\main\resources to target\classes
2024-10-31 21:01:09,275 [Worker-239: Building] INFO  o.a.m.s.f.DefaultMavenResourcesFiltering - skip non existing resourceDirectory C:\Users\Matias Mamani\Desktop\Proyecto Pino\ProyectoFabrica_PS\Backend\ProyectoFabricaPS\src\test\resources
2024-10-31 21:01:15,813 [Worker-238: Building] INFO  o.a.m.s.f.DefaultMavenResourcesFiltering - Copying 1 resource from src\main\resources to target\classes
2024-10-31 21:01:15,834 [Worker-238: Building] INFO  o.a.m.s.f.DefaultMavenResourcesFiltering - Copying 0 resource from src\main\resources to target\classes
2024-10-31 21:01:15,841 [Worker-238: Building] INFO  o.a.m.s.f.DefaultMavenResourcesFiltering - skip non existing resourceDirectory C:\Users\Matias Mamani\Desktop\Proyecto Pino\ProyectoFabrica_PS\Backend\ProyectoFabricaPS\src\test\resources
2024-10-31 21:01:28,140 [Worker-248: Building] INFO  o.a.m.s.f.DefaultMavenResourcesFiltering - Copying 1 resource from src\main\resources to target\classes
2024-10-31 21:01:28,157 [Worker-248: Building] INFO  o.a.m.s.f.DefaultMavenResourcesFiltering - Copying 0 resource from src\main\resources to target\classes
2024-10-31 21:01:28,162 [Worker-248: Building] INFO  o.a.m.s.f.DefaultMavenResourcesFiltering - skip non existing resourceDirectory C:\Users\Matias Mamani\Desktop\Proyecto Pino\ProyectoFabrica_PS\Backend\ProyectoFabricaPS\src\test\resources
2024-10-31 21:01:41,363 [Worker-245: Building] INFO  o.a.m.s.f.DefaultMavenResourcesFiltering - Copying 1 resource from src\main\resources to target\classes
2024-10-31 21:01:41,383 [Worker-245: Building] INFO  o.a.m.s.f.DefaultMavenResourcesFiltering - Copying 0 resource from src\main\resources to target\classes
2024-10-31 21:01:41,389 [Worker-245: Building] INFO  o.a.m.s.f.DefaultMavenResourcesFiltering - skip non existing resourceDirectory C:\Users\Matias Mamani\Desktop\Proyecto Pino\ProyectoFabrica_PS\Backend\ProyectoFabricaPS\src\test\resources
2024-10-31 21:01:45,114 [Worker-248: Building] INFO  o.a.m.s.f.DefaultMavenResourcesFiltering - Copying 1 resource from src\main\resources to target\classes
2024-10-31 21:01:45,128 [Worker-248: Building] INFO  o.a.m.s.f.DefaultMavenResourcesFiltering - Copying 0 resource from src\main\resources to target\classes
2024-10-31 21:01:45,133 [Worker-248: Building] INFO  o.a.m.s.f.DefaultMavenResourcesFiltering - skip non existing resourceDirectory C:\Users\Matias Mamani\Desktop\Proyecto Pino\ProyectoFabrica_PS\Backend\ProyectoFabricaPS\src\test\resources
2024-10-31 21:01:48,833 [Worker-243: Building] INFO  o.a.m.s.f.DefaultMavenResourcesFiltering - Copying 1 resource from src\main\resources to target\classes
2024-10-31 21:01:48,849 [Worker-243: Building] INFO  o.a.m.s.f.DefaultMavenResourcesFiltering - Copying 0 resource from src\main\resources to target\classes
2024-10-31 21:01:48,854 [Worker-243: Building] INFO  o.a.m.s.f.DefaultMavenResourcesFiltering - skip non existing resourceDirectory C:\Users\Matias Mamani\Desktop\Proyecto Pino\ProyectoFabrica_PS\Backend\ProyectoFabricaPS\src\test\resources
2024-10-31 21:02:04,861 [Worker-243: Building] INFO  o.a.m.s.f.DefaultMavenResourcesFiltering - Copying 1 resource from src\main\resources to target\classes
2024-10-31 21:02:04,875 [Worker-243: Building] INFO  o.a.m.s.f.DefaultMavenResourcesFiltering - Copying 0 resource from src\main\resources to target\classes
2024-10-31 21:02:04,880 [Worker-243: Building] INFO  o.a.m.s.f.DefaultMavenResourcesFiltering - skip non existing resourceDirectory C:\Users\Matias Mamani\Desktop\Proyecto Pino\ProyectoFabrica_PS\Backend\ProyectoFabricaPS\src\test\resources
2024-10-31 21:03:23,257 [Worker-249: Building] INFO  o.a.m.s.f.DefaultMavenResourcesFiltering - Copying 1 resource from src\main\resources to target\classes
2024-10-31 21:03:23,274 [Worker-249: Building] INFO  o.a.m.s.f.DefaultMavenResourcesFiltering - Copying 0 resource from src\main\resources to target\classes
2024-10-31 21:03:23,308 [Worker-249: Building] INFO  o.a.m.s.f.DefaultMavenResourcesFiltering - skip non existing resourceDirectory C:\Users\Matias Mamani\Desktop\Proyecto Pino\ProyectoFabrica_PS\Backend\ProyectoFabricaPS\src\test\resources
2024-10-31 21:03:27,590 [Worker-239: Building] INFO  o.a.m.s.f.DefaultMavenResourcesFiltering - Copying 1 resource from src\main\resources to target\classes
2024-10-31 21:03:27,626 [Worker-239: Building] INFO  o.a.m.s.f.DefaultMavenResourcesFiltering - Copying 0 resource from src\main\resources to target\classes
2024-10-31 21:03:27,634 [Worker-239: Building] INFO  o.a.m.s.f.DefaultMavenResourcesFiltering - skip non existing resourceDirectory C:\Users\Matias Mamani\Desktop\Proyecto Pino\ProyectoFabrica_PS\Backend\ProyectoFabricaPS\src\test\resources
2024-10-31 21:03:32,165 [Worker-250: Building] INFO  o.a.m.s.f.DefaultMavenResourcesFiltering - Copying 1 resource from src\main\resources to target\classes
2024-10-31 21:03:32,218 [Worker-250: Building] INFO  o.a.m.s.f.DefaultMavenResourcesFiltering - Copying 0 resource from src\main\resources to target\classes
2024-10-31 21:03:32,225 [Worker-250: Building] INFO  o.a.m.s.f.DefaultMavenResourcesFiltering - skip non existing resourceDirectory C:\Users\Matias Mamani\Desktop\Proyecto Pino\ProyectoFabrica_PS\Backend\ProyectoFabricaPS\src\test\resources
2024-10-31 21:04:11,814 [Worker-245: Building] INFO  o.a.m.s.f.DefaultMavenResourcesFiltering - Copying 1 resource from src\main\resources to target\classes
2024-10-31 21:04:11,830 [Worker-245: Building] INFO  o.a.m.s.f.DefaultMavenResourcesFiltering - Copying 0 resource from src\main\resources to target\classes
2024-10-31 21:04:11,835 [Worker-245: Building] INFO  o.a.m.s.f.DefaultMavenResourcesFiltering - skip non existing resourceDirectory C:\Users\Matias Mamani\Desktop\Proyecto Pino\ProyectoFabrica_PS\Backend\ProyectoFabricaPS\src\test\resources
2024-10-31 21:04:14,705 [Worker-251: Building] INFO  o.a.m.s.f.DefaultMavenResourcesFiltering - Copying 1 resource from src\main\resources to target\classes
2024-10-31 21:04:14,728 [Worker-251: Building] INFO  o.a.m.s.f.DefaultMavenResourcesFiltering - Copying 0 resource from src\main\resources to target\classes
2024-10-31 21:04:14,736 [Worker-251: Building] INFO  o.a.m.s.f.DefaultMavenResourcesFiltering - skip non existing resourceDirectory C:\Users\Matias Mamani\Desktop\Proyecto Pino\ProyectoFabrica_PS\Backend\ProyectoFabricaPS\src\test\resources
2024-10-31 21:04:21,444 [Worker-248: Building] INFO  o.a.m.s.f.DefaultMavenResourcesFiltering - Copying 1 resource from src\main\resources to target\classes
2024-10-31 21:04:21,462 [Worker-248: Building] INFO  o.a.m.s.f.DefaultMavenResourcesFiltering - Copying 0 resource from src\main\resources to target\classes
2024-10-31 21:04:21,470 [Worker-248: Building] INFO  o.a.m.s.f.DefaultMavenResourcesFiltering - skip non existing resourceDirectory C:\Users\Matias Mamani\Desktop\Proyecto Pino\ProyectoFabrica_PS\Backend\ProyectoFabricaPS\src\test\resources
2024-10-31 21:04:23,986 [Worker-245: Building] INFO  o.a.m.s.f.DefaultMavenResourcesFiltering - Copying 1 resource from src\main\resources to target\classes
2024-10-31 21:04:24,022 [Worker-245: Building] INFO  o.a.m.s.f.DefaultMavenResourcesFiltering - Copying 0 resource from src\main\resources to target\classes
2024-10-31 21:04:24,030 [Worker-245: Building] INFO  o.a.m.s.f.DefaultMavenResourcesFiltering - skip non existing resourceDirectory C:\Users\Matias Mamani\Desktop\Proyecto Pino\ProyectoFabrica_PS\Backend\ProyectoFabricaPS\src\test\resources
2024-10-31 21:04:26,724 [Worker-249: Building] INFO  o.a.m.s.f.DefaultMavenResourcesFiltering - Copying 1 resource from src\main\resources to target\classes
2024-10-31 21:04:26,742 [Worker-249: Building] INFO  o.a.m.s.f.DefaultMavenResourcesFiltering - Copying 0 resource from src\main\resources to target\classes
2024-10-31 21:04:26,783 [Worker-249: Building] INFO  o.a.m.s.f.DefaultMavenResourcesFiltering - skip non existing resourceDirectory C:\Users\Matias Mamani\Desktop\Proyecto Pino\ProyectoFabrica_PS\Backend\ProyectoFabricaPS\src\test\resources
2024-10-31 21:04:39,612 [Worker-239: Building] INFO  o.a.m.s.f.DefaultMavenResourcesFiltering - Copying 1 resource from src\main\resources to target\classes
2024-10-31 21:04:39,624 [Worker-239: Building] INFO  o.a.m.s.f.DefaultMavenResourcesFiltering - Copying 0 resource from src\main\resources to target\classes
2024-10-31 21:04:39,629 [Worker-239: Building] INFO  o.a.m.s.f.DefaultMavenResourcesFiltering - skip non existing resourceDirectory C:\Users\Matias Mamani\Desktop\Proyecto Pino\ProyectoFabrica_PS\Backend\ProyectoFabricaPS\src\test\resources
2024-10-31 21:04:41,026 [Worker-252: Building] INFO  o.a.m.s.f.DefaultMavenResourcesFiltering - Copying 1 resource from src\main\resources to target\classes
2024-10-31 21:04:41,042 [Worker-252: Building] INFO  o.a.m.s.f.DefaultMavenResourcesFiltering - Copying 0 resource from src\main\resources to target\classes
2024-10-31 21:04:41,047 [Worker-252: Building] INFO  o.a.m.s.f.DefaultMavenResourcesFiltering - skip non existing resourceDirectory C:\Users\Matias Mamani\Desktop\Proyecto Pino\ProyectoFabrica_PS\Backend\ProyectoFabricaPS\src\test\resources
2024-10-31 21:05:03,598 [Worker-250: Building] INFO  o.a.m.s.f.DefaultMavenResourcesFiltering - Copying 1 resource from src\main\resources to target\classes
2024-10-31 21:05:03,615 [Worker-250: Building] INFO  o.a.m.s.f.DefaultMavenResourcesFiltering - Copying 0 resource from src\main\resources to target\classes
2024-10-31 21:05:03,623 [Worker-250: Building] INFO  o.a.m.s.f.DefaultMavenResourcesFiltering - skip non existing resourceDirectory C:\Users\Matias Mamani\Desktop\Proyecto Pino\ProyectoFabrica_PS\Backend\ProyectoFabricaPS\src\test\resources
2024-10-31 21:05:45,671 [Worker-248: Building] INFO  o.a.m.s.f.DefaultMavenResourcesFiltering - Copying 1 resource from src\main\resources to target\classes
2024-10-31 21:05:45,687 [Worker-248: Building] INFO  o.a.m.s.f.DefaultMavenResourcesFiltering - Copying 0 resource from src\main\resources to target\classes
2024-10-31 21:05:45,692 [Worker-248: Building] INFO  o.a.m.s.f.DefaultMavenResourcesFiltering - skip non existing resourceDirectory C:\Users\Matias Mamani\Desktop\Proyecto Pino\ProyectoFabrica_PS\Backend\ProyectoFabricaPS\src\test\resources
2024-10-31 21:05:46,924 [Worker-251: Building] INFO  o.a.m.s.f.DefaultMavenResourcesFiltering - Copying 1 resource from src\main\resources to target\classes
2024-10-31 21:05:46,963 [Worker-251: Building] INFO  o.a.m.s.f.DefaultMavenResourcesFiltering - Copying 0 resource from src\main\resources to target\classes
2024-10-31 21:05:46,971 [Worker-251: Building] INFO  o.a.m.s.f.DefaultMavenResourcesFiltering - skip non existing resourceDirectory C:\Users\Matias Mamani\Desktop\Proyecto Pino\ProyectoFabrica_PS\Backend\ProyectoFabricaPS\src\test\resources
2024-10-31 21:06:05,078 [Worker-251: Building] INFO  o.a.m.s.f.DefaultMavenResourcesFiltering - Copying 1 resource from src\main\resources to target\classes
2024-10-31 21:06:05,092 [Worker-251: Building] INFO  o.a.m.s.f.DefaultMavenResourcesFiltering - Copying 0 resource from src\main\resources to target\classes
2024-10-31 21:06:05,098 [Worker-251: Building] INFO  o.a.m.s.f.DefaultMavenResourcesFiltering - skip non existing resourceDirectory C:\Users\Matias Mamani\Desktop\Proyecto Pino\ProyectoFabrica_PS\Backend\ProyectoFabricaPS\src\test\resources
2024-10-31 21:10:28,912 [Worker-255: Building] INFO  o.a.m.s.f.DefaultMavenResourcesFiltering - Copying 1 resource from src\main\resources to target\classes
2024-10-31 21:10:28,924 [Worker-255: Building] INFO  o.a.m.s.f.DefaultMavenResourcesFiltering - Copying 0 resource from src\main\resources to target\classes
2024-10-31 21:10:28,929 [Worker-255: Building] INFO  o.a.m.s.f.DefaultMavenResourcesFiltering - skip non existing resourceDirectory C:\Users\Matias Mamani\Desktop\Proyecto Pino\ProyectoFabrica_PS\Backend\ProyectoFabricaPS\src\test\resources
2024-10-31 21:13:49,565 [Worker-253: Building] INFO  o.a.m.s.f.DefaultMavenResourcesFiltering - Copying 1 resource from src\main\resources to target\classes
2024-10-31 21:13:49,585 [Worker-253: Building] INFO  o.a.m.s.f.DefaultMavenResourcesFiltering - Copying 0 resource from src\main\resources to target\classes
2024-10-31 21:13:49,591 [Worker-253: Building] INFO  o.a.m.s.f.DefaultMavenResourcesFiltering - skip non existing resourceDirectory C:\Users\Matias Mamani\Desktop\Proyecto Pino\ProyectoFabrica_PS\Backend\ProyectoFabricaPS\src\test\resources
2024-10-31 21:13:51,851 [Worker-260: Building] INFO  o.a.m.s.f.DefaultMavenResourcesFiltering - Copying 1 resource from src\main\resources to target\classes
2024-10-31 21:13:51,924 [Worker-260: Building] INFO  o.a.m.s.f.DefaultMavenResourcesFiltering - Copying 0 resource from src\main\resources to target\classes
2024-10-31 21:13:51,934 [Worker-260: Building] INFO  o.a.m.s.f.DefaultMavenResourcesFiltering - skip non existing resourceDirectory C:\Users\Matias Mamani\Desktop\Proyecto Pino\ProyectoFabrica_PS\Backend\ProyectoFabricaPS\src\test\resources
2024-10-31 21:20:12,260 [Worker-265: Building] INFO  o.a.m.s.f.DefaultMavenResourcesFiltering - Copying 1 resource from src\main\resources to target\classes
2024-10-31 21:20:12,280 [Worker-265: Building] INFO  o.a.m.s.f.DefaultMavenResourcesFiltering - Copying 0 resource from src\main\resources to target\classes
2024-10-31 21:20:12,286 [Worker-265: Building] INFO  o.a.m.s.f.DefaultMavenResourcesFiltering - skip non existing resourceDirectory C:\Users\Matias Mamani\Desktop\Proyecto Pino\ProyectoFabrica_PS\Backend\ProyectoFabricaPS\src\test\resources
2024-10-31 21:20:46,274 [Worker-266: Building] INFO  o.a.m.s.f.DefaultMavenResourcesFiltering - Copying 1 resource from src\main\resources to target\classes
2024-10-31 21:20:46,289 [Worker-266: Building] INFO  o.a.m.s.f.DefaultMavenResourcesFiltering - Copying 0 resource from src\main\resources to target\classes
2024-10-31 21:20:46,294 [Worker-266: Building] INFO  o.a.m.s.f.DefaultMavenResourcesFiltering - skip non existing resourceDirectory C:\Users\Matias Mamani\Desktop\Proyecto Pino\ProyectoFabrica_PS\Backend\ProyectoFabricaPS\src\test\resources
2024-10-31 21:21:09,192 [Worker-265: Building] INFO  o.a.m.s.f.DefaultMavenResourcesFiltering - Copying 1 resource from src\main\resources to target\classes
2024-10-31 21:21:09,205 [Worker-265: Building] INFO  o.a.m.s.f.DefaultMavenResourcesFiltering - Copying 0 resource from src\main\resources to target\classes
2024-10-31 21:21:09,209 [Worker-265: Building] INFO  o.a.m.s.f.DefaultMavenResourcesFiltering - skip non existing resourceDirectory C:\Users\Matias Mamani\Desktop\Proyecto Pino\ProyectoFabrica_PS\Backend\ProyectoFabricaPS\src\test\resources
2024-10-31 21:21:10,376 [Worker-263: Building] INFO  o.a.m.s.f.DefaultMavenResourcesFiltering - Copying 1 resource from src\main\resources to target\classes
2024-10-31 21:21:10,389 [Worker-263: Building] INFO  o.a.m.s.f.DefaultMavenResourcesFiltering - Copying 0 resource from src\main\resources to target\classes
2024-10-31 21:21:10,394 [Worker-263: Building] INFO  o.a.m.s.f.DefaultMavenResourcesFiltering - skip non existing resourceDirectory C:\Users\Matias Mamani\Desktop\Proyecto Pino\ProyectoFabrica_PS\Backend\ProyectoFabricaPS\src\test\resources
2024-10-31 21:24:10,295 [Worker-265: Updating Maven Project] INFO  o.e.m.c.i.p.ProjectConfigurationManager - Update started
2024-10-31 21:24:12,684 [Worker-265: Updating Maven Project] INFO  o.e.m.c.i.l.LifecycleMappingFactory - Using org.eclipse.m2e.jdt.JarLifecycleMapping lifecycle mapping for MavenProject: com.proyecto.fabrica.ps:ProyectoFabricaPS:0.0.1-SNAPSHOT @ C:\Users\Matias Mamani\Desktop\Proyecto Pino\ProyectoFabrica_PS\Backend\ProyectoFabricaPS\pom.xml.
2024-10-31 21:24:17,331 [Worker-265: Updating Maven Project] INFO  o.e.m.j.i.AbstractJavaProjectConfigurator - Adding source folder /ProyectoFabricaPS/src/main/java
2024-10-31 21:24:17,339 [Worker-265: Updating Maven Project] INFO  o.e.m.j.i.AbstractJavaProjectConfigurator - Adding resource folder /ProyectoFabricaPS/src/main/resources
2024-10-31 21:24:17,341 [Worker-265: Updating Maven Project] INFO  o.e.m.j.i.AbstractJavaProjectConfigurator - Adding resource folder /ProyectoFabricaPS/src/main/resources
2024-10-31 21:24:17,344 [Worker-265: Updating Maven Project] INFO  o.e.m.j.i.AbstractJavaProjectConfigurator - Adding source folder /ProyectoFabricaPS/src/test/java
2024-10-31 21:24:17,349 [Worker-265: Updating Maven Project] INFO  o.e.m.j.i.AbstractJavaProjectConfigurator - Adding resource folder /ProyectoFabricaPS/src/test/resources
2024-10-31 21:24:19,138 [Worker-265: Updating Maven Project] INFO  o.e.m.c.i.p.ProjectConfigurationManager - Update completed for 1 poms: local refresh takes 0.00 sec, refresh facades takes 5.00 sec, update config takes 2.00 sec 
2024-10-31 21:24:23,355 [Worker-274: Building] INFO  o.a.m.s.f.DefaultMavenResourcesFiltering - Copying 1 resource from src\main\resources to target\classes
2024-10-31 21:24:23,389 [Worker-274: Building] INFO  o.a.m.s.f.DefaultMavenResourcesFiltering - Copying 0 resource from src\main\resources to target\classes
2024-10-31 21:24:23,397 [Worker-274: Building] INFO  o.a.m.s.f.DefaultMavenResourcesFiltering - skip non existing resourceDirectory C:\Users\Matias Mamani\Desktop\Proyecto Pino\ProyectoFabrica_PS\Backend\ProyectoFabricaPS\src\test\resources
2024-10-31 21:26:47,841 [Worker-279: Building] INFO  o.a.m.s.f.DefaultMavenResourcesFiltering - Copying 1 resource from src\main\resources to target\classes
2024-10-31 21:26:47,875 [Worker-279: Building] INFO  o.a.m.s.f.DefaultMavenResourcesFiltering - Copying 0 resource from src\main\resources to target\classes
2024-10-31 21:26:47,887 [Worker-279: Building] INFO  o.a.m.s.f.DefaultMavenResourcesFiltering - skip non existing resourceDirectory C:\Users\Matias Mamani\Desktop\Proyecto Pino\ProyectoFabrica_PS\Backend\ProyectoFabricaPS\src\test\resources
2024-10-31 21:26:55,991 [Worker-273: Building] INFO  o.a.m.s.f.DefaultMavenResourcesFiltering - Copying 1 resource from src\main\resources to target\classes
2024-10-31 21:26:56,018 [Worker-273: Building] INFO  o.a.m.s.f.DefaultMavenResourcesFiltering - Copying 0 resource from src\main\resources to target\classes
2024-10-31 21:26:56,026 [Worker-273: Building] INFO  o.a.m.s.f.DefaultMavenResourcesFiltering - skip non existing resourceDirectory C:\Users\Matias Mamani\Desktop\Proyecto Pino\ProyectoFabrica_PS\Backend\ProyectoFabricaPS\src\test\resources
2024-10-31 21:27:00,638 [Worker-279: Building] INFO  o.a.m.s.f.DefaultMavenResourcesFiltering - Copying 1 resource from src\main\resources to target\classes
2024-10-31 21:27:00,659 [Worker-279: Building] INFO  o.a.m.s.f.DefaultMavenResourcesFiltering - Copying 0 resource from src\main\resources to target\classes
2024-10-31 21:27:00,667 [Worker-279: Building] INFO  o.a.m.s.f.DefaultMavenResourcesFiltering - skip non existing resourceDirectory C:\Users\Matias Mamani\Desktop\Proyecto Pino\ProyectoFabrica_PS\Backend\ProyectoFabricaPS\src\test\resources
2024-10-31 21:27:31,767 [Worker-276: Building] INFO  o.a.m.s.f.DefaultMavenResourcesFiltering - Copying 1 resource from src\main\resources to target\classes
2024-10-31 21:27:31,795 [Worker-276: Building] INFO  o.a.m.s.f.DefaultMavenResourcesFiltering - Copying 0 resource from src\main\resources to target\classes
2024-10-31 21:27:31,803 [Worker-276: Building] INFO  o.a.m.s.f.DefaultMavenResourcesFiltering - skip non existing resourceDirectory C:\Users\Matias Mamani\Desktop\Proyecto Pino\ProyectoFabrica_PS\Backend\ProyectoFabricaPS\src\test\resources
2024-10-31 21:27:36,443 [Worker-274: Building] INFO  o.a.m.s.f.DefaultMavenResourcesFiltering - Copying 1 resource from src\main\resources to target\classes
2024-10-31 21:27:36,463 [Worker-274: Building] INFO  o.a.m.s.f.DefaultMavenResourcesFiltering - Copying 0 resource from src\main\resources to target\classes
2024-10-31 21:27:36,471 [Worker-274: Building] INFO  o.a.m.s.f.DefaultMavenResourcesFiltering - skip non existing resourceDirectory C:\Users\Matias Mamani\Desktop\Proyecto Pino\ProyectoFabrica_PS\Backend\ProyectoFabricaPS\src\test\resources
2024-10-31 21:28:04,142 [Worker-279: Building] INFO  o.a.m.s.f.DefaultMavenResourcesFiltering - Copying 1 resource from src\main\resources to target\classes
2024-10-31 21:28:04,157 [Worker-279: Building] INFO  o.a.m.s.f.DefaultMavenResourcesFiltering - Copying 0 resource from src\main\resources to target\classes
2024-10-31 21:28:04,162 [Worker-279: Building] INFO  o.a.m.s.f.DefaultMavenResourcesFiltering - skip non existing resourceDirectory C:\Users\Matias Mamani\Desktop\Proyecto Pino\ProyectoFabrica_PS\Backend\ProyectoFabricaPS\src\test\resources
2024-10-31 21:28:40,304 [Worker-273: Building] INFO  o.a.m.s.f.DefaultMavenResourcesFiltering - Copying 1 resource from src\main\resources to target\classes
2024-10-31 21:28:40,332 [Worker-273: Building] INFO  o.a.m.s.f.DefaultMavenResourcesFiltering - Copying 0 resource from src\main\resources to target\classes
2024-10-31 21:28:40,345 [Worker-273: Building] INFO  o.a.m.s.f.DefaultMavenResourcesFiltering - skip non existing resourceDirectory C:\Users\Matias Mamani\Desktop\Proyecto Pino\ProyectoFabrica_PS\Backend\ProyectoFabricaPS\src\test\resources
2024-10-31 21:29:16,127 [Worker-274: Building] INFO  o.a.m.s.f.DefaultMavenResourcesFiltering - Copying 1 resource from src\main\resources to target\classes
2024-10-31 21:29:16,148 [Worker-274: Building] INFO  o.a.m.s.f.DefaultMavenResourcesFiltering - Copying 0 resource from src\main\resources to target\classes
2024-10-31 21:29:16,157 [Worker-274: Building] INFO  o.a.m.s.f.DefaultMavenResourcesFiltering - skip non existing resourceDirectory C:\Users\Matias Mamani\Desktop\Proyecto Pino\ProyectoFabrica_PS\Backend\ProyectoFabricaPS\src\test\resources
2024-10-31 21:29:18,573 [Worker-283: Building] INFO  o.a.m.s.f.DefaultMavenResourcesFiltering - Copying 1 resource from src\main\resources to target\classes
2024-10-31 21:29:18,589 [Worker-283: Building] INFO  o.a.m.s.f.DefaultMavenResourcesFiltering - Copying 0 resource from src\main\resources to target\classes
2024-10-31 21:29:18,593 [Worker-283: Building] INFO  o.a.m.s.f.DefaultMavenResourcesFiltering - skip non existing resourceDirectory C:\Users\Matias Mamani\Desktop\Proyecto Pino\ProyectoFabrica_PS\Backend\ProyectoFabricaPS\src\test\resources
2024-10-31 21:29:25,244 [Worker-281: Building] INFO  o.a.m.s.f.DefaultMavenResourcesFiltering - Copying 1 resource from src\main\resources to target\classes
2024-10-31 21:29:25,263 [Worker-281: Building] INFO  o.a.m.s.f.DefaultMavenResourcesFiltering - Copying 0 resource from src\main\resources to target\classes
2024-10-31 21:29:25,269 [Worker-281: Building] INFO  o.a.m.s.f.DefaultMavenResourcesFiltering - skip non existing resourceDirectory C:\Users\Matias Mamani\Desktop\Proyecto Pino\ProyectoFabrica_PS\Backend\ProyectoFabricaPS\src\test\resources
2024-10-31 21:29:27,472 [Worker-281: Building] INFO  o.a.m.s.f.DefaultMavenResourcesFiltering - Copying 1 resource from src\main\resources to target\classes
2024-10-31 21:29:27,498 [Worker-281: Building] INFO  o.a.m.s.f.DefaultMavenResourcesFiltering - Copying 0 resource from src\main\resources to target\classes
2024-10-31 21:29:27,511 [Worker-281: Building] INFO  o.a.m.s.f.DefaultMavenResourcesFiltering - skip non existing resourceDirectory C:\Users\Matias Mamani\Desktop\Proyecto Pino\ProyectoFabrica_PS\Backend\ProyectoFabricaPS\src\test\resources
2024-10-31 21:31:02,593 [Worker-283: Building] INFO  o.a.m.s.f.DefaultMavenResourcesFiltering - Copying 1 resource from src\main\resources to target\classes
2024-10-31 21:31:02,608 [Worker-283: Building] INFO  o.a.m.s.f.DefaultMavenResourcesFiltering - Copying 0 resource from src\main\resources to target\classes
2024-10-31 21:31:02,614 [Worker-283: Building] INFO  o.a.m.s.f.DefaultMavenResourcesFiltering - skip non existing resourceDirectory C:\Users\Matias Mamani\Desktop\Proyecto Pino\ProyectoFabrica_PS\Backend\ProyectoFabricaPS\src\test\resources
2024-10-31 21:31:15,958 [Worker-276: Building] INFO  o.a.m.s.f.DefaultMavenResourcesFiltering - Copying 1 resource from src\main\resources to target\classes
2024-10-31 21:31:16,026 [Worker-276: Building] INFO  o.a.m.s.f.DefaultMavenResourcesFiltering - Copying 0 resource from src\main\resources to target\classes
2024-10-31 21:31:16,034 [Worker-276: Building] INFO  o.a.m.s.f.DefaultMavenResourcesFiltering - skip non existing resourceDirectory C:\Users\Matias Mamani\Desktop\Proyecto Pino\ProyectoFabrica_PS\Backend\ProyectoFabricaPS\src\test\resources
2024-10-31 21:36:14,452 [Worker-284: Building] INFO  o.a.m.s.f.DefaultMavenResourcesFiltering - Copying 1 resource from src\main\resources to target\classes
2024-10-31 21:36:14,477 [Worker-284: Building] INFO  o.a.m.s.f.DefaultMavenResourcesFiltering - Copying 0 resource from src\main\resources to target\classes
2024-10-31 21:36:14,487 [Worker-284: Building] INFO  o.a.m.s.f.DefaultMavenResourcesFiltering - skip non existing resourceDirectory C:\Users\Matias Mamani\Desktop\Proyecto Pino\ProyectoFabrica_PS\Backend\ProyectoFabricaPS\src\test\resources
2024-10-31 21:36:27,526 [Worker-279: Building] INFO  o.a.m.s.f.DefaultMavenResourcesFiltering - Copying 1 resource from src\main\resources to target\classes
2024-10-31 21:36:27,536 [Worker-279: Building] INFO  o.a.m.s.f.DefaultMavenResourcesFiltering - Copying 0 resource from src\main\resources to target\classes
2024-10-31 21:36:27,545 [Worker-279: Building] INFO  o.a.m.s.f.DefaultMavenResourcesFiltering - skip non existing resourceDirectory C:\Users\Matias Mamani\Desktop\Proyecto Pino\ProyectoFabrica_PS\Backend\ProyectoFabricaPS\src\test\resources
2024-10-31 21:36:39,706 [Worker-285: Building] INFO  o.a.m.s.f.DefaultMavenResourcesFiltering - Copying 1 resource from src\main\resources to target\classes
2024-10-31 21:36:39,739 [Worker-285: Building] INFO  o.a.m.s.f.DefaultMavenResourcesFiltering - Copying 0 resource from src\main\resources to target\classes
2024-10-31 21:36:39,747 [Worker-285: Building] INFO  o.a.m.s.f.DefaultMavenResourcesFiltering - skip non existing resourceDirectory C:\Users\Matias Mamani\Desktop\Proyecto Pino\ProyectoFabrica_PS\Backend\ProyectoFabricaPS\src\test\resources
2024-10-31 21:37:16,944 [Worker-287: Building] INFO  o.a.m.s.f.DefaultMavenResourcesFiltering - Copying 1 resource from src\main\resources to target\classes
2024-10-31 21:37:16,979 [Worker-287: Building] INFO  o.a.m.s.f.DefaultMavenResourcesFiltering - Copying 0 resource from src\main\resources to target\classes
2024-10-31 21:37:16,984 [Worker-287: Building] INFO  o.a.m.s.f.DefaultMavenResourcesFiltering - skip non existing resourceDirectory C:\Users\Matias Mamani\Desktop\Proyecto Pino\ProyectoFabrica_PS\Backend\ProyectoFabricaPS\src\test\resources
2024-10-31 21:37:18,152 [Worker-273: Building] INFO  o.a.m.s.f.DefaultMavenResourcesFiltering - Copying 1 resource from src\main\resources to target\classes
2024-10-31 21:37:18,164 [Worker-273: Building] INFO  o.a.m.s.f.DefaultMavenResourcesFiltering - Copying 0 resource from src\main\resources to target\classes
2024-10-31 21:37:18,169 [Worker-273: Building] INFO  o.a.m.s.f.DefaultMavenResourcesFiltering - skip non existing resourceDirectory C:\Users\Matias Mamani\Desktop\Proyecto Pino\ProyectoFabrica_PS\Backend\ProyectoFabricaPS\src\test\resources
2024-10-31 21:37:54,735 [Worker-288: Building] INFO  o.a.m.s.f.DefaultMavenResourcesFiltering - Copying 1 resource from src\main\resources to target\classes
2024-10-31 21:37:54,761 [Worker-288: Building] INFO  o.a.m.s.f.DefaultMavenResourcesFiltering - Copying 0 resource from src\main\resources to target\classes
2024-10-31 21:37:54,764 [Worker-288: Building] INFO  o.a.m.s.f.DefaultMavenResourcesFiltering - skip non existing resourceDirectory C:\Users\Matias Mamani\Desktop\Proyecto Pino\ProyectoFabrica_PS\Backend\ProyectoFabricaPS\src\test\resources
2024-10-31 21:38:25,721 [Worker-285: Building] INFO  o.a.m.s.f.DefaultMavenResourcesFiltering - Copying 1 resource from src\main\resources to target\classes
2024-10-31 21:38:25,747 [Worker-285: Building] INFO  o.a.m.s.f.DefaultMavenResourcesFiltering - Copying 0 resource from src\main\resources to target\classes
2024-10-31 21:38:25,751 [Worker-285: Building] INFO  o.a.m.s.f.DefaultMavenResourcesFiltering - skip non existing resourceDirectory C:\Users\Matias Mamani\Desktop\Proyecto Pino\ProyectoFabrica_PS\Backend\ProyectoFabricaPS\src\test\resources
2024-10-31 21:38:33,462 [Worker-287: Building] INFO  o.a.m.s.f.DefaultMavenResourcesFiltering - Copying 1 resource from src\main\resources to target\classes
2024-10-31 21:38:33,584 [Worker-287: Building] INFO  o.a.m.s.f.DefaultMavenResourcesFiltering - Copying 0 resource from src\main\resources to target\classes
2024-10-31 21:38:33,587 [Worker-287: Building] INFO  o.a.m.s.f.DefaultMavenResourcesFiltering - skip non existing resourceDirectory C:\Users\Matias Mamani\Desktop\Proyecto Pino\ProyectoFabrica_PS\Backend\ProyectoFabricaPS\src\test\resources
2024-10-31 21:38:35,266 [Worker-284: Building] INFO  o.a.m.s.f.DefaultMavenResourcesFiltering - Copying 1 resource from src\main\resources to target\classes
2024-10-31 21:38:35,362 [Worker-284: Building] INFO  o.a.m.s.f.DefaultMavenResourcesFiltering - Copying 0 resource from src\main\resources to target\classes
2024-10-31 21:38:35,366 [Worker-284: Building] INFO  o.a.m.s.f.DefaultMavenResourcesFiltering - skip non existing resourceDirectory C:\Users\Matias Mamani\Desktop\Proyecto Pino\ProyectoFabrica_PS\Backend\ProyectoFabricaPS\src\test\resources
2024-10-31 21:38:43,656 [Worker-288: Building] INFO  o.a.m.s.f.DefaultMavenResourcesFiltering - Copying 1 resource from src\main\resources to target\classes
2024-10-31 21:38:43,750 [Worker-288: Building] INFO  o.a.m.s.f.DefaultMavenResourcesFiltering - Copying 0 resource from src\main\resources to target\classes
2024-10-31 21:38:43,754 [Worker-288: Building] INFO  o.a.m.s.f.DefaultMavenResourcesFiltering - skip non existing resourceDirectory C:\Users\Matias Mamani\Desktop\Proyecto Pino\ProyectoFabrica_PS\Backend\ProyectoFabricaPS\src\test\resources
2024-10-31 21:39:03,740 [Worker-288: Building] INFO  o.a.m.s.f.DefaultMavenResourcesFiltering - Copying 1 resource from src\main\resources to target\classes
2024-10-31 21:39:03,778 [Worker-288: Building] INFO  o.a.m.s.f.DefaultMavenResourcesFiltering - Copying 0 resource from src\main\resources to target\classes
2024-10-31 21:39:03,783 [Worker-288: Building] INFO  o.a.m.s.f.DefaultMavenResourcesFiltering - skip non existing resourceDirectory C:\Users\Matias Mamani\Desktop\Proyecto Pino\ProyectoFabrica_PS\Backend\ProyectoFabricaPS\src\test\resources
2024-10-31 21:39:45,566 [Worker-273: Building] INFO  o.a.m.s.f.DefaultMavenResourcesFiltering - Copying 1 resource from src\main\resources to target\classes
2024-10-31 21:39:45,578 [Worker-273: Building] INFO  o.a.m.s.f.DefaultMavenResourcesFiltering - Copying 0 resource from src\main\resources to target\classes
2024-10-31 21:39:45,581 [Worker-273: Building] INFO  o.a.m.s.f.DefaultMavenResourcesFiltering - skip non existing resourceDirectory C:\Users\Matias Mamani\Desktop\Proyecto Pino\ProyectoFabrica_PS\Backend\ProyectoFabricaPS\src\test\resources
2024-10-31 21:40:44,198 [Worker-279: Building] INFO  o.a.m.s.f.DefaultMavenResourcesFiltering - Copying 1 resource from src\main\resources to target\classes
2024-10-31 21:40:44,214 [Worker-279: Building] INFO  o.a.m.s.f.DefaultMavenResourcesFiltering - Copying 0 resource from src\main\resources to target\classes
2024-10-31 21:40:44,217 [Worker-279: Building] INFO  o.a.m.s.f.DefaultMavenResourcesFiltering - skip non existing resourceDirectory C:\Users\Matias Mamani\Desktop\Proyecto Pino\ProyectoFabrica_PS\Backend\ProyectoFabricaPS\src\test\resources
2024-10-31 21:40:51,123 [Worker-285: Building] INFO  o.a.m.s.f.DefaultMavenResourcesFiltering - Copying 1 resource from src\main\resources to target\classes
2024-10-31 21:40:51,135 [Worker-285: Building] INFO  o.a.m.s.f.DefaultMavenResourcesFiltering - Copying 0 resource from src\main\resources to target\classes
2024-10-31 21:40:51,137 [Worker-285: Building] INFO  o.a.m.s.f.DefaultMavenResourcesFiltering - skip non existing resourceDirectory C:\Users\Matias Mamani\Desktop\Proyecto Pino\ProyectoFabrica_PS\Backend\ProyectoFabricaPS\src\test\resources
2024-10-31 21:41:04,241 [Worker-279: Building] INFO  o.a.m.s.f.DefaultMavenResourcesFiltering - Copying 1 resource from src\main\resources to target\classes
2024-10-31 21:41:04,263 [Worker-279: Building] INFO  o.a.m.s.f.DefaultMavenResourcesFiltering - Copying 0 resource from src\main\resources to target\classes
2024-10-31 21:41:04,269 [Worker-279: Building] INFO  o.a.m.s.f.DefaultMavenResourcesFiltering - skip non existing resourceDirectory C:\Users\Matias Mamani\Desktop\Proyecto Pino\ProyectoFabrica_PS\Backend\ProyectoFabricaPS\src\test\resources
2024-10-31 21:41:05,991 [Worker-289: Building] INFO  o.a.m.s.f.DefaultMavenResourcesFiltering - Copying 1 resource from src\main\resources to target\classes
2024-10-31 21:41:06,006 [Worker-289: Building] INFO  o.a.m.s.f.DefaultMavenResourcesFiltering - Copying 0 resource from src\main\resources to target\classes
2024-10-31 21:41:06,009 [Worker-289: Building] INFO  o.a.m.s.f.DefaultMavenResourcesFiltering - skip non existing resourceDirectory C:\Users\Matias Mamani\Desktop\Proyecto Pino\ProyectoFabrica_PS\Backend\ProyectoFabricaPS\src\test\resources
2024-10-31 21:41:27,998 [Worker-285: Building] INFO  o.a.m.s.f.DefaultMavenResourcesFiltering - Copying 1 resource from src\main\resources to target\classes
2024-10-31 21:41:28,016 [Worker-285: Building] INFO  o.a.m.s.f.DefaultMavenResourcesFiltering - Copying 0 resource from src\main\resources to target\classes
2024-10-31 21:41:28,025 [Worker-285: Building] INFO  o.a.m.s.f.DefaultMavenResourcesFiltering - skip non existing resourceDirectory C:\Users\Matias Mamani\Desktop\Proyecto Pino\ProyectoFabrica_PS\Backend\ProyectoFabricaPS\src\test\resources
2024-10-31 21:41:29,574 [Worker-284: Building] INFO  o.a.m.s.f.DefaultMavenResourcesFiltering - Copying 1 resource from src\main\resources to target\classes
2024-10-31 21:41:29,592 [Worker-284: Building] INFO  o.a.m.s.f.DefaultMavenResourcesFiltering - Copying 0 resource from src\main\resources to target\classes
2024-10-31 21:41:29,598 [Worker-284: Building] INFO  o.a.m.s.f.DefaultMavenResourcesFiltering - skip non existing resourceDirectory C:\Users\Matias Mamani\Desktop\Proyecto Pino\ProyectoFabrica_PS\Backend\ProyectoFabricaPS\src\test\resources
2024-10-31 21:41:59,703 [Worker-273: Building] INFO  o.a.m.s.f.DefaultMavenResourcesFiltering - Copying 1 resource from src\main\resources to target\classes
2024-10-31 21:41:59,716 [Worker-273: Building] INFO  o.a.m.s.f.DefaultMavenResourcesFiltering - Copying 0 resource from src\main\resources to target\classes
2024-10-31 21:41:59,719 [Worker-273: Building] INFO  o.a.m.s.f.DefaultMavenResourcesFiltering - skip non existing resourceDirectory C:\Users\Matias Mamani\Desktop\Proyecto Pino\ProyectoFabrica_PS\Backend\ProyectoFabricaPS\src\test\resources
2024-10-31 21:42:00,884 [Worker-287: Building] INFO  o.a.m.s.f.DefaultMavenResourcesFiltering - Copying 1 resource from src\main\resources to target\classes
2024-10-31 21:42:00,894 [Worker-287: Building] INFO  o.a.m.s.f.DefaultMavenResourcesFiltering - Copying 0 resource from src\main\resources to target\classes
2024-10-31 21:42:00,898 [Worker-287: Building] INFO  o.a.m.s.f.DefaultMavenResourcesFiltering - skip non existing resourceDirectory C:\Users\Matias Mamani\Desktop\Proyecto Pino\ProyectoFabrica_PS\Backend\ProyectoFabricaPS\src\test\resources
2024-10-31 21:42:18,272 [Worker-288: Building] INFO  o.a.m.s.f.DefaultMavenResourcesFiltering - Copying 1 resource from src\main\resources to target\classes
2024-10-31 21:42:18,281 [Worker-288: Building] INFO  o.a.m.s.f.DefaultMavenResourcesFiltering - Copying 0 resource from src\main\resources to target\classes
2024-10-31 21:42:18,285 [Worker-288: Building] INFO  o.a.m.s.f.DefaultMavenResourcesFiltering - skip non existing resourceDirectory C:\Users\Matias Mamani\Desktop\Proyecto Pino\ProyectoFabrica_PS\Backend\ProyectoFabricaPS\src\test\resources
2024-10-31 21:43:57,583 [Worker-287: Building] INFO  o.a.m.s.f.DefaultMavenResourcesFiltering - Copying 1 resource from src\main\resources to target\classes
2024-10-31 21:43:57,600 [Worker-287: Building] INFO  o.a.m.s.f.DefaultMavenResourcesFiltering - Copying 0 resource from src\main\resources to target\classes
2024-10-31 21:43:57,605 [Worker-287: Building] INFO  o.a.m.s.f.DefaultMavenResourcesFiltering - skip non existing resourceDirectory C:\Users\Matias Mamani\Desktop\Proyecto Pino\ProyectoFabrica_PS\Backend\ProyectoFabricaPS\src\test\resources
2024-10-31 21:44:02,373 [Worker-292: Building] INFO  o.a.m.s.f.DefaultMavenResourcesFiltering - Copying 1 resource from src\main\resources to target\classes
2024-10-31 21:44:02,390 [Worker-292: Building] INFO  o.a.m.s.f.DefaultMavenResourcesFiltering - Copying 0 resource from src\main\resources to target\classes
2024-10-31 21:44:02,396 [Worker-292: Building] INFO  o.a.m.s.f.DefaultMavenResourcesFiltering - skip non existing resourceDirectory C:\Users\Matias Mamani\Desktop\Proyecto Pino\ProyectoFabrica_PS\Backend\ProyectoFabricaPS\src\test\resources
2024-10-31 21:44:47,970 [Worker-292: Building] INFO  o.a.m.s.f.DefaultMavenResourcesFiltering - Copying 1 resource from src\main\resources to target\classes
2024-10-31 21:44:47,985 [Worker-292: Building] INFO  o.a.m.s.f.DefaultMavenResourcesFiltering - Copying 0 resource from src\main\resources to target\classes
2024-10-31 21:44:47,991 [Worker-292: Building] INFO  o.a.m.s.f.DefaultMavenResourcesFiltering - skip non existing resourceDirectory C:\Users\Matias Mamani\Desktop\Proyecto Pino\ProyectoFabrica_PS\Backend\ProyectoFabricaPS\src\test\resources
2024-10-31 21:44:54,175 [Worker-288: Building] INFO  o.a.m.s.f.DefaultMavenResourcesFiltering - Copying 1 resource from src\main\resources to target\classes
2024-10-31 21:44:54,191 [Worker-288: Building] INFO  o.a.m.s.f.DefaultMavenResourcesFiltering - Copying 0 resource from src\main\resources to target\classes
2024-10-31 21:44:54,198 [Worker-288: Building] INFO  o.a.m.s.f.DefaultMavenResourcesFiltering - skip non existing resourceDirectory C:\Users\Matias Mamani\Desktop\Proyecto Pino\ProyectoFabrica_PS\Backend\ProyectoFabricaPS\src\test\resources
2024-10-31 21:45:11,223 [Worker-291: Building] INFO  o.a.m.s.f.DefaultMavenResourcesFiltering - Copying 1 resource from src\main\resources to target\classes
2024-10-31 21:45:11,243 [Worker-291: Building] INFO  o.a.m.s.f.DefaultMavenResourcesFiltering - Copying 0 resource from src\main\resources to target\classes
2024-10-31 21:45:11,251 [Worker-291: Building] INFO  o.a.m.s.f.DefaultMavenResourcesFiltering - skip non existing resourceDirectory C:\Users\Matias Mamani\Desktop\Proyecto Pino\ProyectoFabrica_PS\Backend\ProyectoFabricaPS\src\test\resources
2024-10-31 21:45:40,935 [Worker-287: Building] INFO  o.a.m.s.f.DefaultMavenResourcesFiltering - Copying 1 resource from src\main\resources to target\classes
2024-10-31 21:45:40,958 [Worker-287: Building] INFO  o.a.m.s.f.DefaultMavenResourcesFiltering - Copying 0 resource from src\main\resources to target\classes
2024-10-31 21:45:40,963 [Worker-287: Building] INFO  o.a.m.s.f.DefaultMavenResourcesFiltering - skip non existing resourceDirectory C:\Users\Matias Mamani\Desktop\Proyecto Pino\ProyectoFabrica_PS\Backend\ProyectoFabricaPS\src\test\resources
2024-10-31 21:45:48,502 [Worker-292: Building] INFO  o.a.m.s.f.DefaultMavenResourcesFiltering - Copying 1 resource from src\main\resources to target\classes
2024-10-31 21:45:48,514 [Worker-292: Building] INFO  o.a.m.s.f.DefaultMavenResourcesFiltering - Copying 0 resource from src\main\resources to target\classes
2024-10-31 21:45:48,518 [Worker-292: Building] INFO  o.a.m.s.f.DefaultMavenResourcesFiltering - skip non existing resourceDirectory C:\Users\Matias Mamani\Desktop\Proyecto Pino\ProyectoFabrica_PS\Backend\ProyectoFabricaPS\src\test\resources
2024-10-31 21:46:34,880 [Worker-288: Building] INFO  o.a.m.s.f.DefaultMavenResourcesFiltering - Copying 1 resource from src\main\resources to target\classes
2024-10-31 21:46:34,894 [Worker-288: Building] INFO  o.a.m.s.f.DefaultMavenResourcesFiltering - Copying 0 resource from src\main\resources to target\classes
2024-10-31 21:46:34,898 [Worker-288: Building] INFO  o.a.m.s.f.DefaultMavenResourcesFiltering - skip non existing resourceDirectory C:\Users\Matias Mamani\Desktop\Proyecto Pino\ProyectoFabrica_PS\Backend\ProyectoFabricaPS\src\test\resources
2024-10-31 21:47:14,713 [Worker-290: Building] INFO  o.a.m.s.f.DefaultMavenResourcesFiltering - Copying 1 resource from src\main\resources to target\classes
2024-10-31 21:47:14,731 [Worker-290: Building] INFO  o.a.m.s.f.DefaultMavenResourcesFiltering - Copying 0 resource from src\main\resources to target\classes
2024-10-31 21:47:14,738 [Worker-290: Building] INFO  o.a.m.s.f.DefaultMavenResourcesFiltering - skip non existing resourceDirectory C:\Users\Matias Mamani\Desktop\Proyecto Pino\ProyectoFabrica_PS\Backend\ProyectoFabricaPS\src\test\resources
2024-10-31 21:47:17,461 [Worker-291: Building] INFO  o.a.m.s.f.DefaultMavenResourcesFiltering - Copying 1 resource from src\main\resources to target\classes
2024-10-31 21:47:17,475 [Worker-291: Building] INFO  o.a.m.s.f.DefaultMavenResourcesFiltering - Copying 0 resource from src\main\resources to target\classes
2024-10-31 21:47:17,479 [Worker-291: Building] INFO  o.a.m.s.f.DefaultMavenResourcesFiltering - skip non existing resourceDirectory C:\Users\Matias Mamani\Desktop\Proyecto Pino\ProyectoFabrica_PS\Backend\ProyectoFabricaPS\src\test\resources
2024-10-31 21:47:25,791 [Worker-291: Building] INFO  o.a.m.s.f.DefaultMavenResourcesFiltering - Copying 1 resource from src\main\resources to target\classes
2024-10-31 21:47:25,807 [Worker-291: Building] INFO  o.a.m.s.f.DefaultMavenResourcesFiltering - Copying 0 resource from src\main\resources to target\classes
2024-10-31 21:47:25,814 [Worker-291: Building] INFO  o.a.m.s.f.DefaultMavenResourcesFiltering - skip non existing resourceDirectory C:\Users\Matias Mamani\Desktop\Proyecto Pino\ProyectoFabrica_PS\Backend\ProyectoFabricaPS\src\test\resources
2024-10-31 21:48:16,460 [Worker-290: Building] INFO  o.a.m.s.f.DefaultMavenResourcesFiltering - Copying 1 resource from src\main\resources to target\classes
2024-10-31 21:48:16,486 [Worker-290: Building] INFO  o.a.m.s.f.DefaultMavenResourcesFiltering - Copying 0 resource from src\main\resources to target\classes
2024-10-31 21:48:16,496 [Worker-290: Building] INFO  o.a.m.s.f.DefaultMavenResourcesFiltering - skip non existing resourceDirectory C:\Users\Matias Mamani\Desktop\Proyecto Pino\ProyectoFabrica_PS\Backend\ProyectoFabricaPS\src\test\resources
2024-10-31 21:48:26,117 [Worker-287: Building] INFO  o.a.m.s.f.DefaultMavenResourcesFiltering - Copying 1 resource from src\main\resources to target\classes
2024-10-31 21:48:26,128 [Worker-287: Building] INFO  o.a.m.s.f.DefaultMavenResourcesFiltering - Copying 0 resource from src\main\resources to target\classes
2024-10-31 21:48:26,171 [Worker-287: Building] INFO  o.a.m.s.f.DefaultMavenResourcesFiltering - skip non existing resourceDirectory C:\Users\Matias Mamani\Desktop\Proyecto Pino\ProyectoFabrica_PS\Backend\ProyectoFabricaPS\src\test\resources
2024-10-31 21:48:36,335 [Worker-294: Building] INFO  o.a.m.s.f.DefaultMavenResourcesFiltering - Copying 1 resource from src\main\resources to target\classes
2024-10-31 21:48:36,346 [Worker-294: Building] INFO  o.a.m.s.f.DefaultMavenResourcesFiltering - Copying 0 resource from src\main\resources to target\classes
2024-10-31 21:48:36,348 [Worker-294: Building] INFO  o.a.m.s.f.DefaultMavenResourcesFiltering - skip non existing resourceDirectory C:\Users\Matias Mamani\Desktop\Proyecto Pino\ProyectoFabrica_PS\Backend\ProyectoFabricaPS\src\test\resources
2024-10-31 21:48:46,558 [Worker-294: Building] INFO  o.a.m.s.f.DefaultMavenResourcesFiltering - Copying 1 resource from src\main\resources to target\classes
2024-10-31 21:48:46,567 [Worker-294: Building] INFO  o.a.m.s.f.DefaultMavenResourcesFiltering - Copying 0 resource from src\main\resources to target\classes
2024-10-31 21:48:46,572 [Worker-294: Building] INFO  o.a.m.s.f.DefaultMavenResourcesFiltering - skip non existing resourceDirectory C:\Users\Matias Mamani\Desktop\Proyecto Pino\ProyectoFabrica_PS\Backend\ProyectoFabricaPS\src\test\resources
2024-10-31 21:49:16,390 [Worker-294: Building] INFO  o.a.m.s.f.DefaultMavenResourcesFiltering - Copying 1 resource from src\main\resources to target\classes
2024-10-31 21:49:16,405 [Worker-294: Building] INFO  o.a.m.s.f.DefaultMavenResourcesFiltering - Copying 0 resource from src\main\resources to target\classes
2024-10-31 21:49:16,417 [Worker-294: Building] INFO  o.a.m.s.f.DefaultMavenResourcesFiltering - skip non existing resourceDirectory C:\Users\Matias Mamani\Desktop\Proyecto Pino\ProyectoFabrica_PS\Backend\ProyectoFabricaPS\src\test\resources
2024-10-31 21:49:38,408 [Worker-288: Building] INFO  o.a.m.s.f.DefaultMavenResourcesFiltering - Copying 1 resource from src\main\resources to target\classes
2024-10-31 21:49:38,424 [Worker-288: Building] INFO  o.a.m.s.f.DefaultMavenResourcesFiltering - Copying 0 resource from src\main\resources to target\classes
2024-10-31 21:49:38,431 [Worker-288: Building] INFO  o.a.m.s.f.DefaultMavenResourcesFiltering - skip non existing resourceDirectory C:\Users\Matias Mamani\Desktop\Proyecto Pino\ProyectoFabrica_PS\Backend\ProyectoFabricaPS\src\test\resources
2024-10-31 21:50:17,180 [Worker-293: Building] INFO  o.a.m.s.f.DefaultMavenResourcesFiltering - Copying 1 resource from src\main\resources to target\classes
2024-10-31 21:50:17,191 [Worker-293: Building] INFO  o.a.m.s.f.DefaultMavenResourcesFiltering - Copying 0 resource from src\main\resources to target\classes
2024-10-31 21:50:17,195 [Worker-293: Building] INFO  o.a.m.s.f.DefaultMavenResourcesFiltering - skip non existing resourceDirectory C:\Users\Matias Mamani\Desktop\Proyecto Pino\ProyectoFabrica_PS\Backend\ProyectoFabricaPS\src\test\resources
2024-10-31 21:50:41,103 [Worker-288: Building] INFO  o.a.m.s.f.DefaultMavenResourcesFiltering - Copying 1 resource from src\main\resources to target\classes
2024-10-31 21:50:41,117 [Worker-288: Building] INFO  o.a.m.s.f.DefaultMavenResourcesFiltering - Copying 0 resource from src\main\resources to target\classes
2024-10-31 21:50:41,123 [Worker-288: Building] INFO  o.a.m.s.f.DefaultMavenResourcesFiltering - skip non existing resourceDirectory C:\Users\Matias Mamani\Desktop\Proyecto Pino\ProyectoFabrica_PS\Backend\ProyectoFabricaPS\src\test\resources
2024-10-31 21:50:45,783 [Worker-288: Building] INFO  o.a.m.s.f.DefaultMavenResourcesFiltering - Copying 1 resource from src\main\resources to target\classes
2024-10-31 21:50:45,796 [Worker-288: Building] INFO  o.a.m.s.f.DefaultMavenResourcesFiltering - Copying 0 resource from src\main\resources to target\classes
2024-10-31 21:50:45,801 [Worker-288: Building] INFO  o.a.m.s.f.DefaultMavenResourcesFiltering - skip non existing resourceDirectory C:\Users\Matias Mamani\Desktop\Proyecto Pino\ProyectoFabrica_PS\Backend\ProyectoFabricaPS\src\test\resources
2024-10-31 21:50:57,742 [Worker-293: Building] INFO  o.a.m.s.f.DefaultMavenResourcesFiltering - Copying 1 resource from src\main\resources to target\classes
2024-10-31 21:50:57,759 [Worker-293: Building] INFO  o.a.m.s.f.DefaultMavenResourcesFiltering - Copying 0 resource from src\main\resources to target\classes
2024-10-31 21:50:57,769 [Worker-293: Building] INFO  o.a.m.s.f.DefaultMavenResourcesFiltering - skip non existing resourceDirectory C:\Users\Matias Mamani\Desktop\Proyecto Pino\ProyectoFabrica_PS\Backend\ProyectoFabricaPS\src\test\resources
2024-10-31 21:51:14,056 [Worker-293: Building] INFO  o.a.m.s.f.DefaultMavenResourcesFiltering - Copying 1 resource from src\main\resources to target\classes
2024-10-31 21:51:14,069 [Worker-293: Building] INFO  o.a.m.s.f.DefaultMavenResourcesFiltering - Copying 0 resource from src\main\resources to target\classes
2024-10-31 21:51:14,074 [Worker-293: Building] INFO  o.a.m.s.f.DefaultMavenResourcesFiltering - skip non existing resourceDirectory C:\Users\Matias Mamani\Desktop\Proyecto Pino\ProyectoFabrica_PS\Backend\ProyectoFabricaPS\src\test\resources
2024-10-31 21:51:20,737 [Worker-288: Building] INFO  o.a.m.s.f.DefaultMavenResourcesFiltering - Copying 1 resource from src\main\resources to target\classes
2024-10-31 21:51:20,746 [Worker-288: Building] INFO  o.a.m.s.f.DefaultMavenResourcesFiltering - Copying 0 resource from src\main\resources to target\classes
2024-10-31 21:51:20,750 [Worker-288: Building] INFO  o.a.m.s.f.DefaultMavenResourcesFiltering - skip non existing resourceDirectory C:\Users\Matias Mamani\Desktop\Proyecto Pino\ProyectoFabrica_PS\Backend\ProyectoFabricaPS\src\test\resources
2024-10-31 21:51:47,398 [Worker-291: Building] INFO  o.a.m.s.f.DefaultMavenResourcesFiltering - Copying 1 resource from src\main\resources to target\classes
2024-10-31 21:51:47,410 [Worker-291: Building] INFO  o.a.m.s.f.DefaultMavenResourcesFiltering - Copying 0 resource from src\main\resources to target\classes
2024-10-31 21:51:47,413 [Worker-291: Building] INFO  o.a.m.s.f.DefaultMavenResourcesFiltering - skip non existing resourceDirectory C:\Users\Matias Mamani\Desktop\Proyecto Pino\ProyectoFabrica_PS\Backend\ProyectoFabricaPS\src\test\resources
2024-10-31 21:53:27,635 [Worker-293: Building] INFO  o.a.m.s.f.DefaultMavenResourcesFiltering - Copying 1 resource from src\main\resources to target\classes
2024-10-31 21:53:27,646 [Worker-293: Building] INFO  o.a.m.s.f.DefaultMavenResourcesFiltering - Copying 0 resource from src\main\resources to target\classes
2024-10-31 21:53:27,650 [Worker-293: Building] INFO  o.a.m.s.f.DefaultMavenResourcesFiltering - skip non existing resourceDirectory C:\Users\Matias Mamani\Desktop\Proyecto Pino\ProyectoFabrica_PS\Backend\ProyectoFabricaPS\src\test\resources
2024-10-31 21:56:31,391 [Worker-299: Building] INFO  o.a.m.s.f.DefaultMavenResourcesFiltering - Copying 1 resource from src\main\resources to target\classes
2024-10-31 21:56:31,405 [Worker-299: Building] INFO  o.a.m.s.f.DefaultMavenResourcesFiltering - Copying 0 resource from src\main\resources to target\classes
2024-10-31 21:56:31,408 [Worker-299: Building] INFO  o.a.m.s.f.DefaultMavenResourcesFiltering - skip non existing resourceDirectory C:\Users\Matias Mamani\Desktop\Proyecto Pino\ProyectoFabrica_PS\Backend\ProyectoFabricaPS\src\test\resources
2024-10-31 21:56:32,562 [Worker-299: Building] INFO  o.a.m.s.f.DefaultMavenResourcesFiltering - Copying 1 resource from src\main\resources to target\classes
2024-10-31 21:56:32,572 [Worker-299: Building] INFO  o.a.m.s.f.DefaultMavenResourcesFiltering - Copying 0 resource from src\main\resources to target\classes
2024-10-31 21:56:32,575 [Worker-299: Building] INFO  o.a.m.s.f.DefaultMavenResourcesFiltering - skip non existing resourceDirectory C:\Users\Matias Mamani\Desktop\Proyecto Pino\ProyectoFabrica_PS\Backend\ProyectoFabricaPS\src\test\resources
2024-10-31 21:56:33,772 [Worker-298: Building] INFO  o.a.m.s.f.DefaultMavenResourcesFiltering - Copying 1 resource from src\main\resources to target\classes
2024-10-31 21:56:33,786 [Worker-298: Building] INFO  o.a.m.s.f.DefaultMavenResourcesFiltering - Copying 0 resource from src\main\resources to target\classes
2024-10-31 21:56:33,790 [Worker-298: Building] INFO  o.a.m.s.f.DefaultMavenResourcesFiltering - skip non existing resourceDirectory C:\Users\Matias Mamani\Desktop\Proyecto Pino\ProyectoFabrica_PS\Backend\ProyectoFabricaPS\src\test\resources
2024-10-31 21:56:44,016 [Worker-293: Building] INFO  o.a.m.s.f.DefaultMavenResourcesFiltering - Copying 1 resource from src\main\resources to target\classes
2024-10-31 21:56:44,027 [Worker-293: Building] INFO  o.a.m.s.f.DefaultMavenResourcesFiltering - Copying 0 resource from src\main\resources to target\classes
2024-10-31 21:56:44,031 [Worker-293: Building] INFO  o.a.m.s.f.DefaultMavenResourcesFiltering - skip non existing resourceDirectory C:\Users\Matias Mamani\Desktop\Proyecto Pino\ProyectoFabrica_PS\Backend\ProyectoFabricaPS\src\test\resources
2024-10-31 21:57:33,869 [Worker-301: Building] INFO  o.a.m.s.f.DefaultMavenResourcesFiltering - Copying 1 resource from src\main\resources to target\classes
2024-10-31 21:57:33,879 [Worker-301: Building] INFO  o.a.m.s.f.DefaultMavenResourcesFiltering - Copying 0 resource from src\main\resources to target\classes
2024-10-31 21:57:33,882 [Worker-301: Building] INFO  o.a.m.s.f.DefaultMavenResourcesFiltering - skip non existing resourceDirectory C:\Users\Matias Mamani\Desktop\Proyecto Pino\ProyectoFabrica_PS\Backend\ProyectoFabricaPS\src\test\resources
2024-10-31 21:57:52,617 [Worker-302: Building] INFO  o.a.m.s.f.DefaultMavenResourcesFiltering - Copying 1 resource from src\main\resources to target\classes
2024-10-31 21:57:52,636 [Worker-302: Building] INFO  o.a.m.s.f.DefaultMavenResourcesFiltering - Copying 0 resource from src\main\resources to target\classes
2024-10-31 21:57:52,645 [Worker-302: Building] INFO  o.a.m.s.f.DefaultMavenResourcesFiltering - skip non existing resourceDirectory C:\Users\Matias Mamani\Desktop\Proyecto Pino\ProyectoFabrica_PS\Backend\ProyectoFabricaPS\src\test\resources
2024-10-31 21:58:12,589 [Worker-298: Building] INFO  o.a.m.s.f.DefaultMavenResourcesFiltering - Copying 1 resource from src\main\resources to target\classes
2024-10-31 21:58:12,605 [Worker-298: Building] INFO  o.a.m.s.f.DefaultMavenResourcesFiltering - Copying 0 resource from src\main\resources to target\classes
2024-10-31 21:58:12,611 [Worker-298: Building] INFO  o.a.m.s.f.DefaultMavenResourcesFiltering - skip non existing resourceDirectory C:\Users\Matias Mamani\Desktop\Proyecto Pino\ProyectoFabrica_PS\Backend\ProyectoFabricaPS\src\test\resources
2024-10-31 21:58:45,598 [Worker-296: Building] INFO  o.a.m.s.f.DefaultMavenResourcesFiltering - Copying 1 resource from src\main\resources to target\classes
2024-10-31 21:58:45,614 [Worker-296: Building] INFO  o.a.m.s.f.DefaultMavenResourcesFiltering - Copying 0 resource from src\main\resources to target\classes
2024-10-31 21:58:45,618 [Worker-296: Building] INFO  o.a.m.s.f.DefaultMavenResourcesFiltering - skip non existing resourceDirectory C:\Users\Matias Mamani\Desktop\Proyecto Pino\ProyectoFabrica_PS\Backend\ProyectoFabricaPS\src\test\resources
2024-10-31 21:58:49,328 [Worker-301: Building] INFO  o.a.m.s.f.DefaultMavenResourcesFiltering - Copying 1 resource from src\main\resources to target\classes
2024-10-31 21:58:49,343 [Worker-301: Building] INFO  o.a.m.s.f.DefaultMavenResourcesFiltering - Copying 0 resource from src\main\resources to target\classes
2024-10-31 21:58:49,348 [Worker-301: Building] INFO  o.a.m.s.f.DefaultMavenResourcesFiltering - skip non existing resourceDirectory C:\Users\Matias Mamani\Desktop\Proyecto Pino\ProyectoFabrica_PS\Backend\ProyectoFabricaPS\src\test\resources
2024-10-31 21:59:09,975 [Worker-299: Building] INFO  o.a.m.s.f.DefaultMavenResourcesFiltering - Copying 1 resource from src\main\resources to target\classes
2024-10-31 21:59:09,986 [Worker-299: Building] INFO  o.a.m.s.f.DefaultMavenResourcesFiltering - Copying 0 resource from src\main\resources to target\classes
2024-10-31 21:59:09,991 [Worker-299: Building] INFO  o.a.m.s.f.DefaultMavenResourcesFiltering - skip non existing resourceDirectory C:\Users\Matias Mamani\Desktop\Proyecto Pino\ProyectoFabrica_PS\Backend\ProyectoFabricaPS\src\test\resources
2024-10-31 21:59:17,229 [Worker-302: Building] INFO  o.a.m.s.f.DefaultMavenResourcesFiltering - Copying 1 resource from src\main\resources to target\classes
2024-10-31 21:59:17,244 [Worker-302: Building] INFO  o.a.m.s.f.DefaultMavenResourcesFiltering - Copying 0 resource from src\main\resources to target\classes
2024-10-31 21:59:17,249 [Worker-302: Building] INFO  o.a.m.s.f.DefaultMavenResourcesFiltering - skip non existing resourceDirectory C:\Users\Matias Mamani\Desktop\Proyecto Pino\ProyectoFabrica_PS\Backend\ProyectoFabricaPS\src\test\resources
2024-10-31 21:59:31,243 [Worker-299: Building] INFO  o.a.m.s.f.DefaultMavenResourcesFiltering - Copying 1 resource from src\main\resources to target\classes
2024-10-31 21:59:31,256 [Worker-299: Building] INFO  o.a.m.s.f.DefaultMavenResourcesFiltering - Copying 0 resource from src\main\resources to target\classes
2024-10-31 21:59:31,261 [Worker-299: Building] INFO  o.a.m.s.f.DefaultMavenResourcesFiltering - skip non existing resourceDirectory C:\Users\Matias Mamani\Desktop\Proyecto Pino\ProyectoFabrica_PS\Backend\ProyectoFabricaPS\src\test\resources
2024-10-31 21:59:59,362 [Worker-296: Building] INFO  o.a.m.s.f.DefaultMavenResourcesFiltering - Copying 1 resource from src\main\resources to target\classes
2024-10-31 21:59:59,393 [Worker-296: Building] INFO  o.a.m.s.f.DefaultMavenResourcesFiltering - Copying 0 resource from src\main\resources to target\classes
2024-10-31 21:59:59,400 [Worker-296: Building] INFO  o.a.m.s.f.DefaultMavenResourcesFiltering - skip non existing resourceDirectory C:\Users\Matias Mamani\Desktop\Proyecto Pino\ProyectoFabrica_PS\Backend\ProyectoFabricaPS\src\test\resources
2024-10-31 22:00:35,374 [Worker-296: Building] INFO  o.a.m.s.f.DefaultMavenResourcesFiltering - Copying 1 resource from src\main\resources to target\classes
2024-10-31 22:00:35,384 [Worker-296: Building] INFO  o.a.m.s.f.DefaultMavenResourcesFiltering - Copying 0 resource from src\main\resources to target\classes
2024-10-31 22:00:35,388 [Worker-296: Building] INFO  o.a.m.s.f.DefaultMavenResourcesFiltering - skip non existing resourceDirectory C:\Users\Matias Mamani\Desktop\Proyecto Pino\ProyectoFabrica_PS\Backend\ProyectoFabricaPS\src\test\resources
2024-10-31 22:01:26,241 [Worker-293: Building] INFO  o.a.m.s.f.DefaultMavenResourcesFiltering - Copying 1 resource from src\main\resources to target\classes
2024-10-31 22:01:26,251 [Worker-293: Building] INFO  o.a.m.s.f.DefaultMavenResourcesFiltering - Copying 0 resource from src\main\resources to target\classes
2024-10-31 22:01:26,255 [Worker-293: Building] INFO  o.a.m.s.f.DefaultMavenResourcesFiltering - skip non existing resourceDirectory C:\Users\Matias Mamani\Desktop\Proyecto Pino\ProyectoFabrica_PS\Backend\ProyectoFabricaPS\src\test\resources
2024-10-31 22:01:30,484 [Worker-298: Building] INFO  o.a.m.s.f.DefaultMavenResourcesFiltering - Copying 1 resource from src\main\resources to target\classes
2024-10-31 22:01:30,494 [Worker-298: Building] INFO  o.a.m.s.f.DefaultMavenResourcesFiltering - Copying 0 resource from src\main\resources to target\classes
2024-10-31 22:01:30,496 [Worker-298: Building] INFO  o.a.m.s.f.DefaultMavenResourcesFiltering - skip non existing resourceDirectory C:\Users\Matias Mamani\Desktop\Proyecto Pino\ProyectoFabrica_PS\Backend\ProyectoFabricaPS\src\test\resources
2024-10-31 22:01:40,684 [Worker-296: Building] INFO  o.a.m.s.f.DefaultMavenResourcesFiltering - Copying 1 resource from src\main\resources to target\classes
2024-10-31 22:01:40,698 [Worker-296: Building] INFO  o.a.m.s.f.DefaultMavenResourcesFiltering - Copying 0 resource from src\main\resources to target\classes
2024-10-31 22:01:40,703 [Worker-296: Building] INFO  o.a.m.s.f.DefaultMavenResourcesFiltering - skip non existing resourceDirectory C:\Users\Matias Mamani\Desktop\Proyecto Pino\ProyectoFabrica_PS\Backend\ProyectoFabricaPS\src\test\resources
2024-10-31 22:03:00,269 [Worker-300: Building] INFO  o.a.m.s.f.DefaultMavenResourcesFiltering - Copying 1 resource from src\main\resources to target\classes
2024-10-31 22:03:00,287 [Worker-300: Building] INFO  o.a.m.s.f.DefaultMavenResourcesFiltering - Copying 0 resource from src\main\resources to target\classes
2024-10-31 22:03:00,293 [Worker-300: Building] INFO  o.a.m.s.f.DefaultMavenResourcesFiltering - skip non existing resourceDirectory C:\Users\Matias Mamani\Desktop\Proyecto Pino\ProyectoFabrica_PS\Backend\ProyectoFabricaPS\src\test\resources
2024-10-31 22:03:01,439 [Worker-298: Building] INFO  o.a.m.s.f.DefaultMavenResourcesFiltering - Copying 1 resource from src\main\resources to target\classes
2024-10-31 22:03:01,455 [Worker-298: Building] INFO  o.a.m.s.f.DefaultMavenResourcesFiltering - Copying 0 resource from src\main\resources to target\classes
2024-10-31 22:03:01,460 [Worker-298: Building] INFO  o.a.m.s.f.DefaultMavenResourcesFiltering - skip non existing resourceDirectory C:\Users\Matias Mamani\Desktop\Proyecto Pino\ProyectoFabrica_PS\Backend\ProyectoFabricaPS\src\test\resources
2024-10-31 22:03:05,429 [Worker-300: Building] INFO  o.a.m.s.f.DefaultMavenResourcesFiltering - Copying 1 resource from src\main\resources to target\classes
2024-10-31 22:03:05,442 [Worker-300: Building] INFO  o.a.m.s.f.DefaultMavenResourcesFiltering - Copying 0 resource from src\main\resources to target\classes
2024-10-31 22:03:05,446 [Worker-300: Building] INFO  o.a.m.s.f.DefaultMavenResourcesFiltering - skip non existing resourceDirectory C:\Users\Matias Mamani\Desktop\Proyecto Pino\ProyectoFabrica_PS\Backend\ProyectoFabricaPS\src\test\resources
2024-10-31 22:03:26,609 [Worker-302: Building] INFO  o.a.m.s.f.DefaultMavenResourcesFiltering - Copying 1 resource from src\main\resources to target\classes
2024-10-31 22:03:26,623 [Worker-302: Building] INFO  o.a.m.s.f.DefaultMavenResourcesFiltering - Copying 0 resource from src\main\resources to target\classes
2024-10-31 22:03:26,628 [Worker-302: Building] INFO  o.a.m.s.f.DefaultMavenResourcesFiltering - skip non existing resourceDirectory C:\Users\Matias Mamani\Desktop\Proyecto Pino\ProyectoFabrica_PS\Backend\ProyectoFabricaPS\src\test\resources
2024-10-31 22:07:43,856 [Worker-303: Building] INFO  o.a.m.s.f.DefaultMavenResourcesFiltering - Copying 1 resource from src\main\resources to target\classes
2024-10-31 22:07:43,869 [Worker-303: Building] INFO  o.a.m.s.f.DefaultMavenResourcesFiltering - Copying 0 resource from src\main\resources to target\classes
2024-10-31 22:07:43,873 [Worker-303: Building] INFO  o.a.m.s.f.DefaultMavenResourcesFiltering - skip non existing resourceDirectory C:\Users\Matias Mamani\Desktop\Proyecto Pino\ProyectoFabrica_PS\Backend\ProyectoFabricaPS\src\test\resources
2024-10-31 22:07:58,754 [Worker-303: Building] INFO  o.a.m.s.f.DefaultMavenResourcesFiltering - Copying 1 resource from src\main\resources to target\classes
2024-10-31 22:07:58,763 [Worker-303: Building] INFO  o.a.m.s.f.DefaultMavenResourcesFiltering - Copying 0 resource from src\main\resources to target\classes
2024-10-31 22:07:58,766 [Worker-303: Building] INFO  o.a.m.s.f.DefaultMavenResourcesFiltering - skip non existing resourceDirectory C:\Users\Matias Mamani\Desktop\Proyecto Pino\ProyectoFabrica_PS\Backend\ProyectoFabricaPS\src\test\resources
2024-10-31 22:08:03,193 [Worker-296: Building] INFO  o.a.m.s.f.DefaultMavenResourcesFiltering - Copying 1 resource from src\main\resources to target\classes
2024-10-31 22:08:03,201 [Worker-296: Building] INFO  o.a.m.s.f.DefaultMavenResourcesFiltering - Copying 0 resource from src\main\resources to target\classes
2024-10-31 22:08:03,204 [Worker-296: Building] INFO  o.a.m.s.f.DefaultMavenResourcesFiltering - skip non existing resourceDirectory C:\Users\Matias Mamani\Desktop\Proyecto Pino\ProyectoFabrica_PS\Backend\ProyectoFabricaPS\src\test\resources
2024-10-31 22:09:07,307 [Worker-296: Building] INFO  o.a.m.s.f.DefaultMavenResourcesFiltering - Copying 1 resource from src\main\resources to target\classes
2024-10-31 22:09:07,317 [Worker-296: Building] INFO  o.a.m.s.f.DefaultMavenResourcesFiltering - Copying 0 resource from src\main\resources to target\classes
2024-10-31 22:09:07,321 [Worker-296: Building] INFO  o.a.m.s.f.DefaultMavenResourcesFiltering - skip non existing resourceDirectory C:\Users\Matias Mamani\Desktop\Proyecto Pino\ProyectoFabrica_PS\Backend\ProyectoFabricaPS\src\test\resources
2024-10-31 22:09:08,719 [Worker-307: Building] INFO  o.a.m.s.f.DefaultMavenResourcesFiltering - Copying 1 resource from src\main\resources to target\classes
2024-10-31 22:09:08,730 [Worker-307: Building] INFO  o.a.m.s.f.DefaultMavenResourcesFiltering - Copying 0 resource from src\main\resources to target\classes
2024-10-31 22:09:08,734 [Worker-307: Building] INFO  o.a.m.s.f.DefaultMavenResourcesFiltering - skip non existing resourceDirectory C:\Users\Matias Mamani\Desktop\Proyecto Pino\ProyectoFabrica_PS\Backend\ProyectoFabricaPS\src\test\resources
2024-10-31 22:09:25,681 [Worker-306: Building] INFO  o.a.m.s.f.DefaultMavenResourcesFiltering - Copying 1 resource from src\main\resources to target\classes
2024-10-31 22:09:25,824 [Worker-306: Building] INFO  o.a.m.s.f.DefaultMavenResourcesFiltering - Copying 0 resource from src\main\resources to target\classes
2024-10-31 22:09:25,828 [Worker-306: Building] INFO  o.a.m.s.f.DefaultMavenResourcesFiltering - skip non existing resourceDirectory C:\Users\Matias Mamani\Desktop\Proyecto Pino\ProyectoFabrica_PS\Backend\ProyectoFabricaPS\src\test\resources
2024-10-31 22:09:27,985 [Worker-306: Building] INFO  o.a.m.s.f.DefaultMavenResourcesFiltering - Copying 1 resource from src\main\resources to target\classes
2024-10-31 22:09:27,994 [Worker-306: Building] INFO  o.a.m.s.f.DefaultMavenResourcesFiltering - Copying 0 resource from src\main\resources to target\classes
2024-10-31 22:09:27,997 [Worker-306: Building] INFO  o.a.m.s.f.DefaultMavenResourcesFiltering - skip non existing resourceDirectory C:\Users\Matias Mamani\Desktop\Proyecto Pino\ProyectoFabrica_PS\Backend\ProyectoFabricaPS\src\test\resources
2024-10-31 22:09:39,364 [Worker-306: Building] INFO  o.a.m.s.f.DefaultMavenResourcesFiltering - Copying 1 resource from src\main\resources to target\classes
2024-10-31 22:09:39,375 [Worker-306: Building] INFO  o.a.m.s.f.DefaultMavenResourcesFiltering - Copying 0 resource from src\main\resources to target\classes
2024-10-31 22:09:39,378 [Worker-306: Building] INFO  o.a.m.s.f.DefaultMavenResourcesFiltering - skip non existing resourceDirectory C:\Users\Matias Mamani\Desktop\Proyecto Pino\ProyectoFabrica_PS\Backend\ProyectoFabricaPS\src\test\resources
2024-10-31 22:09:40,714 [Worker-300: Building] INFO  o.a.m.s.f.DefaultMavenResourcesFiltering - Copying 1 resource from src\main\resources to target\classes
2024-10-31 22:09:40,726 [Worker-300: Building] INFO  o.a.m.s.f.DefaultMavenResourcesFiltering - Copying 0 resource from src\main\resources to target\classes
2024-10-31 22:09:40,729 [Worker-300: Building] INFO  o.a.m.s.f.DefaultMavenResourcesFiltering - skip non existing resourceDirectory C:\Users\Matias Mamani\Desktop\Proyecto Pino\ProyectoFabrica_PS\Backend\ProyectoFabricaPS\src\test\resources
2024-10-31 22:09:54,733 [Worker-300: Building] INFO  o.a.m.s.f.DefaultMavenResourcesFiltering - Copying 1 resource from src\main\resources to target\classes
2024-10-31 22:09:54,748 [Worker-300: Building] INFO  o.a.m.s.f.DefaultMavenResourcesFiltering - Copying 0 resource from src\main\resources to target\classes
2024-10-31 22:09:54,752 [Worker-300: Building] INFO  o.a.m.s.f.DefaultMavenResourcesFiltering - skip non existing resourceDirectory C:\Users\Matias Mamani\Desktop\Proyecto Pino\ProyectoFabrica_PS\Backend\ProyectoFabricaPS\src\test\resources
2024-10-31 22:10:48,034 [Worker-306: Building] INFO  o.a.m.s.f.DefaultMavenResourcesFiltering - Copying 1 resource from src\main\resources to target\classes
2024-10-31 22:10:48,049 [Worker-306: Building] INFO  o.a.m.s.f.DefaultMavenResourcesFiltering - Copying 0 resource from src\main\resources to target\classes
2024-10-31 22:10:48,055 [Worker-306: Building] INFO  o.a.m.s.f.DefaultMavenResourcesFiltering - skip non existing resourceDirectory C:\Users\Matias Mamani\Desktop\Proyecto Pino\ProyectoFabrica_PS\Backend\ProyectoFabricaPS\src\test\resources
2024-10-31 22:11:15,234 [Worker-307: Building] INFO  o.a.m.s.f.DefaultMavenResourcesFiltering - Copying 1 resource from src\main\resources to target\classes
2024-10-31 22:11:15,244 [Worker-307: Building] INFO  o.a.m.s.f.DefaultMavenResourcesFiltering - Copying 0 resource from src\main\resources to target\classes
2024-10-31 22:11:15,247 [Worker-307: Building] INFO  o.a.m.s.f.DefaultMavenResourcesFiltering - skip non existing resourceDirectory C:\Users\Matias Mamani\Desktop\Proyecto Pino\ProyectoFabrica_PS\Backend\ProyectoFabricaPS\src\test\resources
2024-10-31 22:13:59,416 [Worker-300: Building] INFO  o.a.m.s.f.DefaultMavenResourcesFiltering - Copying 1 resource from src\main\resources to target\classes
2024-10-31 22:13:59,428 [Worker-300: Building] INFO  o.a.m.s.f.DefaultMavenResourcesFiltering - Copying 0 resource from src\main\resources to target\classes
2024-10-31 22:13:59,431 [Worker-300: Building] INFO  o.a.m.s.f.DefaultMavenResourcesFiltering - skip non existing resourceDirectory C:\Users\Matias Mamani\Desktop\Proyecto Pino\ProyectoFabrica_PS\Backend\ProyectoFabricaPS\src\test\resources
2024-10-31 22:14:10,593 [Worker-309: Building] INFO  o.a.m.s.f.DefaultMavenResourcesFiltering - Copying 1 resource from src\main\resources to target\classes
2024-10-31 22:14:10,604 [Worker-309: Building] INFO  o.a.m.s.f.DefaultMavenResourcesFiltering - Copying 0 resource from src\main\resources to target\classes
2024-10-31 22:14:10,608 [Worker-309: Building] INFO  o.a.m.s.f.DefaultMavenResourcesFiltering - skip non existing resourceDirectory C:\Users\Matias Mamani\Desktop\Proyecto Pino\ProyectoFabrica_PS\Backend\ProyectoFabricaPS\src\test\resources
2024-11-07 16:52:06,934 [Worker-0: Loading available Gradle versions] INFO  o.e.b.c.i.u.g.PublishedGradleVersions - Gradle version information cache is out-of-date. Trying to update.
2024-11-26 10:39:17,289 [Worker-0: Loading available Gradle versions] INFO  o.e.b.c.i.u.g.PublishedGradleVersions - Gradle version information cache is out-of-date. Trying to update.
2024-11-26 10:45:01,127 [Worker-3: Building] INFO  o.a.m.s.f.DefaultMavenResourcesFiltering - Copying 1 resource from src\main\resources to target\classes
2024-11-26 10:45:01,158 [Worker-3: Building] INFO  o.a.m.s.f.DefaultMavenResourcesFiltering - Copying 0 resource from src\main\resources to target\classes
2024-11-26 10:45:01,167 [Worker-3: Building] INFO  o.a.m.s.f.DefaultMavenResourcesFiltering - skip non existing resourceDirectory C:\Users\Matias Mamani\Desktop\Proyecto Pino\ProyectoFabrica_PS\Backend\ProyectoFabricaPS\src\test\resources
2024-11-26 10:45:58,282 [Worker-17: Building] INFO  o.a.m.s.f.DefaultMavenResourcesFiltering - Copying 1 resource from src\main\resources to target\classes
2024-11-26 10:45:58,322 [Worker-17: Building] INFO  o.a.m.s.f.DefaultMavenResourcesFiltering - Copying 0 resource from src\main\resources to target\classes
2024-11-26 10:45:58,335 [Worker-17: Building] INFO  o.a.m.s.f.DefaultMavenResourcesFiltering - skip non existing resourceDirectory C:\Users\Matias Mamani\Desktop\Proyecto Pino\ProyectoFabrica_PS\Backend\ProyectoFabricaPS\src\test\resources
2024-11-26 10:51:00,713 [Worker-18: Building] INFO  o.a.m.s.f.DefaultMavenResourcesFiltering - Copying 1 resource from src\main\resources to target\classes
2024-11-26 10:51:00,730 [Worker-18: Building] INFO  o.a.m.s.f.DefaultMavenResourcesFiltering - Copying 0 resource from src\main\resources to target\classes
2024-11-26 10:51:00,738 [Worker-18: Building] INFO  o.a.m.s.f.DefaultMavenResourcesFiltering - skip non existing resourceDirectory C:\Users\Matias Mamani\Desktop\Proyecto Pino\ProyectoFabrica_PS\Backend\ProyectoFabricaPS\src\test\resources
2024-11-26 11:13:18,170 [Worker-23: Building] INFO  o.a.m.s.f.DefaultMavenResourcesFiltering - Copying 1 resource from src\main\resources to target\classes
2024-11-26 11:13:18,183 [Worker-23: Building] INFO  o.a.m.s.f.DefaultMavenResourcesFiltering - Copying 0 resource from src\main\resources to target\classes
2024-11-26 11:13:18,188 [Worker-23: Building] INFO  o.a.m.s.f.DefaultMavenResourcesFiltering - skip non existing resourceDirectory C:\Users\Matias Mamani\Desktop\Proyecto Pino\ProyectoFabrica_PS\Backend\ProyectoFabricaPS\src\test\resources
2024-11-26 11:13:38,293 [Worker-20: Building] INFO  o.a.m.s.f.DefaultMavenResourcesFiltering - Copying 1 resource from src\main\resources to target\classes
2024-11-26 11:13:38,305 [Worker-20: Building] INFO  o.a.m.s.f.DefaultMavenResourcesFiltering - Copying 0 resource from src\main\resources to target\classes
2024-11-26 11:13:38,311 [Worker-20: Building] INFO  o.a.m.s.f.DefaultMavenResourcesFiltering - skip non existing resourceDirectory C:\Users\Matias Mamani\Desktop\Proyecto Pino\ProyectoFabrica_PS\Backend\ProyectoFabricaPS\src\test\resources
2024-11-26 11:14:03,038 [Worker-25: Building] INFO  o.a.m.s.f.DefaultMavenResourcesFiltering - Copying 1 resource from src\main\resources to target\classes
2024-11-26 11:14:03,050 [Worker-25: Building] INFO  o.a.m.s.f.DefaultMavenResourcesFiltering - Copying 0 resource from src\main\resources to target\classes
2024-11-26 11:14:03,055 [Worker-25: Building] INFO  o.a.m.s.f.DefaultMavenResourcesFiltering - skip non existing resourceDirectory C:\Users\Matias Mamani\Desktop\Proyecto Pino\ProyectoFabrica_PS\Backend\ProyectoFabricaPS\src\test\resources
2024-11-26 11:14:17,796 [Worker-23: Building] INFO  o.a.m.s.f.DefaultMavenResourcesFiltering - Copying 1 resource from src\main\resources to target\classes
2024-11-26 11:14:17,809 [Worker-23: Building] INFO  o.a.m.s.f.DefaultMavenResourcesFiltering - Copying 0 resource from src\main\resources to target\classes
2024-11-26 11:14:17,825 [Worker-23: Building] INFO  o.a.m.s.f.DefaultMavenResourcesFiltering - skip non existing resourceDirectory C:\Users\Matias Mamani\Desktop\Proyecto Pino\ProyectoFabrica_PS\Backend\ProyectoFabricaPS\src\test\resources
2024-11-26 11:14:34,317 [Worker-23: Building] INFO  o.a.m.s.f.DefaultMavenResourcesFiltering - Copying 1 resource from src\main\resources to target\classes
2024-11-26 11:14:34,331 [Worker-23: Building] INFO  o.a.m.s.f.DefaultMavenResourcesFiltering - Copying 0 resource from src\main\resources to target\classes
2024-11-26 11:14:34,338 [Worker-23: Building] INFO  o.a.m.s.f.DefaultMavenResourcesFiltering - skip non existing resourceDirectory C:\Users\Matias Mamani\Desktop\Proyecto Pino\ProyectoFabrica_PS\Backend\ProyectoFabricaPS\src\test\resources
2024-11-26 11:19:07,614 [Worker-23: Building] INFO  o.a.m.s.f.DefaultMavenResourcesFiltering - Copying 1 resource from src\main\resources to target\classes
2024-11-26 11:19:07,624 [Worker-23: Building] INFO  o.a.m.s.f.DefaultMavenResourcesFiltering - Copying 0 resource from src\main\resources to target\classes
2024-11-26 11:19:07,630 [Worker-23: Building] INFO  o.a.m.s.f.DefaultMavenResourcesFiltering - skip non existing resourceDirectory C:\Users\Matias Mamani\Desktop\Proyecto Pino\ProyectoFabrica_PS\Backend\ProyectoFabricaPS\src\test\resources
2024-11-26 11:19:29,351 [Worker-29: Building] INFO  o.a.m.s.f.DefaultMavenResourcesFiltering - Copying 1 resource from src\main\resources to target\classes
2024-11-26 11:19:29,379 [Worker-29: Building] INFO  o.a.m.s.f.DefaultMavenResourcesFiltering - Copying 0 resource from src\main\resources to target\classes
2024-11-26 11:19:29,386 [Worker-29: Building] INFO  o.a.m.s.f.DefaultMavenResourcesFiltering - skip non existing resourceDirectory C:\Users\Matias Mamani\Desktop\Proyecto Pino\ProyectoFabrica_PS\Backend\ProyectoFabricaPS\src\test\resources
2024-11-26 11:19:47,966 [Worker-27: Building] INFO  o.a.m.s.f.DefaultMavenResourcesFiltering - Copying 1 resource from src\main\resources to target\classes
2024-11-26 11:19:47,981 [Worker-27: Building] INFO  o.a.m.s.f.DefaultMavenResourcesFiltering - Copying 0 resource from src\main\resources to target\classes
2024-11-26 11:19:47,988 [Worker-27: Building] INFO  o.a.m.s.f.DefaultMavenResourcesFiltering - skip non existing resourceDirectory C:\Users\Matias Mamani\Desktop\Proyecto Pino\ProyectoFabrica_PS\Backend\ProyectoFabricaPS\src\test\resources
2024-11-26 11:19:52,114 [Worker-28: Building] INFO  o.a.m.s.f.DefaultMavenResourcesFiltering - Copying 1 resource from src\main\resources to target\classes
2024-11-26 11:19:52,123 [Worker-28: Building] INFO  o.a.m.s.f.DefaultMavenResourcesFiltering - Copying 0 resource from src\main\resources to target\classes
2024-11-26 11:19:52,127 [Worker-28: Building] INFO  o.a.m.s.f.DefaultMavenResourcesFiltering - skip non existing resourceDirectory C:\Users\Matias Mamani\Desktop\Proyecto Pino\ProyectoFabrica_PS\Backend\ProyectoFabricaPS\src\test\resources
2024-11-26 11:20:09,926 [Worker-26: Building] INFO  o.a.m.s.f.DefaultMavenResourcesFiltering - Copying 1 resource from src\main\resources to target\classes
2024-11-26 11:20:09,942 [Worker-26: Building] INFO  o.a.m.s.f.DefaultMavenResourcesFiltering - Copying 0 resource from src\main\resources to target\classes
2024-11-26 11:20:09,949 [Worker-26: Building] INFO  o.a.m.s.f.DefaultMavenResourcesFiltering - skip non existing resourceDirectory C:\Users\Matias Mamani\Desktop\Proyecto Pino\ProyectoFabrica_PS\Backend\ProyectoFabricaPS\src\test\resources
2024-11-26 11:23:28,741 [Worker-23: Building] INFO  o.a.m.s.f.DefaultMavenResourcesFiltering - Copying 1 resource from src\main\resources to target\classes
2024-11-26 11:23:28,756 [Worker-23: Building] INFO  o.a.m.s.f.DefaultMavenResourcesFiltering - Copying 0 resource from src\main\resources to target\classes
2024-11-26 11:23:28,764 [Worker-23: Building] INFO  o.a.m.s.f.DefaultMavenResourcesFiltering - skip non existing resourceDirectory C:\Users\Matias Mamani\Desktop\Proyecto Pino\ProyectoFabrica_PS\Backend\ProyectoFabricaPS\src\test\resources
2024-11-26 11:29:35,506 [Worker-31: Building] INFO  o.a.m.s.f.DefaultMavenResourcesFiltering - Copying 1 resource from src\main\resources to target\classes
2024-11-26 11:29:35,536 [Worker-31: Building] INFO  o.a.m.s.f.DefaultMavenResourcesFiltering - Copying 0 resource from src\main\resources to target\classes
2024-11-26 11:29:35,545 [Worker-31: Building] INFO  o.a.m.s.f.DefaultMavenResourcesFiltering - skip non existing resourceDirectory C:\Users\Matias Mamani\Desktop\Proyecto Pino\ProyectoFabrica_PS\Backend\ProyectoFabricaPS\src\test\resources
2024-11-26 11:29:36,734 [Worker-32: Building] INFO  o.a.m.s.f.DefaultMavenResourcesFiltering - Copying 1 resource from src\main\resources to target\classes
2024-11-26 11:29:36,748 [Worker-32: Building] INFO  o.a.m.s.f.DefaultMavenResourcesFiltering - Copying 0 resource from src\main\resources to target\classes
2024-11-26 11:29:36,757 [Worker-32: Building] INFO  o.a.m.s.f.DefaultMavenResourcesFiltering - skip non existing resourceDirectory C:\Users\Matias Mamani\Desktop\Proyecto Pino\ProyectoFabrica_PS\Backend\ProyectoFabricaPS\src\test\resources
2024-11-26 11:29:54,859 [Worker-30: Building] INFO  o.a.m.s.f.DefaultMavenResourcesFiltering - Copying 1 resource from src\main\resources to target\classes
2024-11-26 11:29:54,871 [Worker-30: Building] INFO  o.a.m.s.f.DefaultMavenResourcesFiltering - Copying 0 resource from src\main\resources to target\classes
2024-11-26 11:29:54,875 [Worker-30: Building] INFO  o.a.m.s.f.DefaultMavenResourcesFiltering - skip non existing resourceDirectory C:\Users\Matias Mamani\Desktop\Proyecto Pino\ProyectoFabrica_PS\Backend\ProyectoFabricaPS\src\test\resources
2024-11-26 11:30:37,746 [Worker-26: Building] INFO  o.a.m.s.f.DefaultMavenResourcesFiltering - Copying 1 resource from src\main\resources to target\classes
2024-11-26 11:30:37,758 [Worker-26: Building] INFO  o.a.m.s.f.DefaultMavenResourcesFiltering - Copying 0 resource from src\main\resources to target\classes
2024-11-26 11:30:37,763 [Worker-26: Building] INFO  o.a.m.s.f.DefaultMavenResourcesFiltering - skip non existing resourceDirectory C:\Users\Matias Mamani\Desktop\Proyecto Pino\ProyectoFabrica_PS\Backend\ProyectoFabricaPS\src\test\resources
2024-11-26 11:30:38,911 [Worker-31: Building] INFO  o.a.m.s.f.DefaultMavenResourcesFiltering - Copying 1 resource from src\main\resources to target\classes
2024-11-26 11:30:38,921 [Worker-31: Building] INFO  o.a.m.s.f.DefaultMavenResourcesFiltering - Copying 0 resource from src\main\resources to target\classes
2024-11-26 11:30:38,926 [Worker-31: Building] INFO  o.a.m.s.f.DefaultMavenResourcesFiltering - skip non existing resourceDirectory C:\Users\Matias Mamani\Desktop\Proyecto Pino\ProyectoFabrica_PS\Backend\ProyectoFabricaPS\src\test\resources
2024-11-26 11:31:06,603 [Worker-27: Building] INFO  o.a.m.s.f.DefaultMavenResourcesFiltering - Copying 1 resource from src\main\resources to target\classes
2024-11-26 11:31:06,616 [Worker-27: Building] INFO  o.a.m.s.f.DefaultMavenResourcesFiltering - Copying 0 resource from src\main\resources to target\classes
2024-11-26 11:31:06,620 [Worker-27: Building] INFO  o.a.m.s.f.DefaultMavenResourcesFiltering - skip non existing resourceDirectory C:\Users\Matias Mamani\Desktop\Proyecto Pino\ProyectoFabrica_PS\Backend\ProyectoFabricaPS\src\test\resources
2024-11-26 11:31:26,506 [Worker-26: Building] INFO  o.a.m.s.f.DefaultMavenResourcesFiltering - Copying 1 resource from src\main\resources to target\classes
2024-11-26 11:31:26,520 [Worker-26: Building] INFO  o.a.m.s.f.DefaultMavenResourcesFiltering - Copying 0 resource from src\main\resources to target\classes
2024-11-26 11:31:26,524 [Worker-26: Building] INFO  o.a.m.s.f.DefaultMavenResourcesFiltering - skip non existing resourceDirectory C:\Users\Matias Mamani\Desktop\Proyecto Pino\ProyectoFabrica_PS\Backend\ProyectoFabricaPS\src\test\resources
2024-11-26 11:31:32,467 [Worker-26: Building] INFO  o.a.m.s.f.DefaultMavenResourcesFiltering - Copying 1 resource from src\main\resources to target\classes
2024-11-26 11:31:32,480 [Worker-26: Building] INFO  o.a.m.s.f.DefaultMavenResourcesFiltering - Copying 0 resource from src\main\resources to target\classes
2024-11-26 11:31:32,486 [Worker-26: Building] INFO  o.a.m.s.f.DefaultMavenResourcesFiltering - skip non existing resourceDirectory C:\Users\Matias Mamani\Desktop\Proyecto Pino\ProyectoFabrica_PS\Backend\ProyectoFabricaPS\src\test\resources
2024-11-26 11:35:23,447 [Worker-33: Building] INFO  o.a.m.s.f.DefaultMavenResourcesFiltering - Copying 1 resource from src\main\resources to target\classes
2024-11-26 11:35:23,462 [Worker-33: Building] INFO  o.a.m.s.f.DefaultMavenResourcesFiltering - Copying 0 resource from src\main\resources to target\classes
2024-11-26 11:35:23,467 [Worker-33: Building] INFO  o.a.m.s.f.DefaultMavenResourcesFiltering - skip non existing resourceDirectory C:\Users\Matias Mamani\Desktop\Proyecto Pino\ProyectoFabrica_PS\Backend\ProyectoFabricaPS\src\test\resources
2024-11-26 11:35:48,074 [Worker-30: Building] INFO  o.a.m.s.f.DefaultMavenResourcesFiltering - Copying 1 resource from src\main\resources to target\classes
2024-11-26 11:35:48,087 [Worker-30: Building] INFO  o.a.m.s.f.DefaultMavenResourcesFiltering - Copying 0 resource from src\main\resources to target\classes
2024-11-26 11:35:48,091 [Worker-30: Building] INFO  o.a.m.s.f.DefaultMavenResourcesFiltering - skip non existing resourceDirectory C:\Users\Matias Mamani\Desktop\Proyecto Pino\ProyectoFabrica_PS\Backend\ProyectoFabricaPS\src\test\resources
2024-11-26 11:36:43,977 [Worker-33: Building] INFO  o.a.m.s.f.DefaultMavenResourcesFiltering - Copying 1 resource from src\main\resources to target\classes
2024-11-26 11:36:43,990 [Worker-33: Building] INFO  o.a.m.s.f.DefaultMavenResourcesFiltering - Copying 0 resource from src\main\resources to target\classes
2024-11-26 11:36:43,995 [Worker-33: Building] INFO  o.a.m.s.f.DefaultMavenResourcesFiltering - skip non existing resourceDirectory C:\Users\Matias Mamani\Desktop\Proyecto Pino\ProyectoFabrica_PS\Backend\ProyectoFabricaPS\src\test\resources
2024-11-26 11:36:51,015 [Worker-33: Building] INFO  o.a.m.s.f.DefaultMavenResourcesFiltering - Copying 1 resource from src\main\resources to target\classes
2024-11-26 11:36:51,024 [Worker-33: Building] INFO  o.a.m.s.f.DefaultMavenResourcesFiltering - Copying 0 resource from src\main\resources to target\classes
2024-11-26 11:36:51,027 [Worker-33: Building] INFO  o.a.m.s.f.DefaultMavenResourcesFiltering - skip non existing resourceDirectory C:\Users\Matias Mamani\Desktop\Proyecto Pino\ProyectoFabrica_PS\Backend\ProyectoFabricaPS\src\test\resources
2024-11-26 11:37:02,208 [Worker-30: Building] INFO  o.a.m.s.f.DefaultMavenResourcesFiltering - Copying 1 resource from src\main\resources to target\classes
2024-11-26 11:37:02,217 [Worker-30: Building] INFO  o.a.m.s.f.DefaultMavenResourcesFiltering - Copying 0 resource from src\main\resources to target\classes
2024-11-26 11:37:02,221 [Worker-30: Building] INFO  o.a.m.s.f.DefaultMavenResourcesFiltering - skip non existing resourceDirectory C:\Users\Matias Mamani\Desktop\Proyecto Pino\ProyectoFabrica_PS\Backend\ProyectoFabricaPS\src\test\resources
2024-11-26 11:37:03,963 [Worker-36: Building] INFO  o.a.m.s.f.DefaultMavenResourcesFiltering - Copying 1 resource from src\main\resources to target\classes
2024-11-26 11:37:03,974 [Worker-36: Building] INFO  o.a.m.s.f.DefaultMavenResourcesFiltering - Copying 0 resource from src\main\resources to target\classes
2024-11-26 11:37:03,979 [Worker-36: Building] INFO  o.a.m.s.f.DefaultMavenResourcesFiltering - skip non existing resourceDirectory C:\Users\Matias Mamani\Desktop\Proyecto Pino\ProyectoFabrica_PS\Backend\ProyectoFabricaPS\src\test\resources
2024-11-26 11:37:31,688 [Worker-34: Building] INFO  o.a.m.s.f.DefaultMavenResourcesFiltering - Copying 1 resource from src\main\resources to target\classes
2024-11-26 11:37:31,697 [Worker-34: Building] INFO  o.a.m.s.f.DefaultMavenResourcesFiltering - Copying 0 resource from src\main\resources to target\classes
2024-11-26 11:37:31,700 [Worker-34: Building] INFO  o.a.m.s.f.DefaultMavenResourcesFiltering - skip non existing resourceDirectory C:\Users\Matias Mamani\Desktop\Proyecto Pino\ProyectoFabrica_PS\Backend\ProyectoFabricaPS\src\test\resources
2024-11-26 11:37:44,296 [Worker-26: Building] INFO  o.a.m.s.f.DefaultMavenResourcesFiltering - Copying 1 resource from src\main\resources to target\classes
2024-11-26 11:37:44,308 [Worker-26: Building] INFO  o.a.m.s.f.DefaultMavenResourcesFiltering - Copying 0 resource from src\main\resources to target\classes
2024-11-26 11:37:44,312 [Worker-26: Building] INFO  o.a.m.s.f.DefaultMavenResourcesFiltering - skip non existing resourceDirectory C:\Users\Matias Mamani\Desktop\Proyecto Pino\ProyectoFabrica_PS\Backend\ProyectoFabricaPS\src\test\resources
2024-11-26 11:44:15,690 [Worker-38: Building] INFO  o.a.m.s.f.DefaultMavenResourcesFiltering - Copying 1 resource from src\main\resources to target\classes
2024-11-26 11:44:15,720 [Worker-38: Building] INFO  o.a.m.s.f.DefaultMavenResourcesFiltering - Copying 0 resource from src\main\resources to target\classes
2024-11-26 11:44:15,726 [Worker-38: Building] INFO  o.a.m.s.f.DefaultMavenResourcesFiltering - skip non existing resourceDirectory C:\Users\Matias Mamani\Desktop\Proyecto Pino\ProyectoFabrica_PS\Backend\ProyectoFabricaPS\src\test\resources
2024-11-26 11:44:59,849 [Worker-30: Building] INFO  o.a.m.s.f.DefaultMavenResourcesFiltering - Copying 1 resource from src\main\resources to target\classes
2024-11-26 11:44:59,868 [Worker-30: Building] INFO  o.a.m.s.f.DefaultMavenResourcesFiltering - Copying 0 resource from src\main\resources to target\classes
2024-11-26 11:44:59,872 [Worker-30: Building] INFO  o.a.m.s.f.DefaultMavenResourcesFiltering - skip non existing resourceDirectory C:\Users\Matias Mamani\Desktop\Proyecto Pino\ProyectoFabrica_PS\Backend\ProyectoFabricaPS\src\test\resources
2024-11-26 11:45:46,732 [Worker-30: Building] INFO  o.a.m.s.f.DefaultMavenResourcesFiltering - Copying 1 resource from src\main\resources to target\classes
2024-11-26 11:45:46,744 [Worker-30: Building] INFO  o.a.m.s.f.DefaultMavenResourcesFiltering - Copying 0 resource from src\main\resources to target\classes
2024-11-26 11:45:46,747 [Worker-30: Building] INFO  o.a.m.s.f.DefaultMavenResourcesFiltering - skip non existing resourceDirectory C:\Users\Matias Mamani\Desktop\Proyecto Pino\ProyectoFabrica_PS\Backend\ProyectoFabricaPS\src\test\resources
2024-11-26 11:49:01,716 [Worker-42: Building] INFO  o.a.m.s.f.DefaultMavenResourcesFiltering - Copying 1 resource from src\main\resources to target\classes
2024-11-26 11:49:01,727 [Worker-42: Building] INFO  o.a.m.s.f.DefaultMavenResourcesFiltering - Copying 0 resource from src\main\resources to target\classes
2024-11-26 11:49:01,731 [Worker-42: Building] INFO  o.a.m.s.f.DefaultMavenResourcesFiltering - skip non existing resourceDirectory C:\Users\Matias Mamani\Desktop\Proyecto Pino\ProyectoFabrica_PS\Backend\ProyectoFabricaPS\src\test\resources
2024-11-26 11:49:23,975 [Worker-41: Building] INFO  o.a.m.s.f.DefaultMavenResourcesFiltering - Copying 1 resource from src\main\resources to target\classes
2024-11-26 11:49:23,986 [Worker-41: Building] INFO  o.a.m.s.f.DefaultMavenResourcesFiltering - Copying 0 resource from src\main\resources to target\classes
2024-11-26 11:49:23,991 [Worker-41: Building] INFO  o.a.m.s.f.DefaultMavenResourcesFiltering - skip non existing resourceDirectory C:\Users\Matias Mamani\Desktop\Proyecto Pino\ProyectoFabrica_PS\Backend\ProyectoFabricaPS\src\test\resources
2024-11-26 11:50:02,748 [Worker-40: Building] INFO  o.a.m.s.f.DefaultMavenResourcesFiltering - Copying 1 resource from src\main\resources to target\classes
2024-11-26 11:50:02,763 [Worker-40: Building] INFO  o.a.m.s.f.DefaultMavenResourcesFiltering - Copying 0 resource from src\main\resources to target\classes
2024-11-26 11:50:02,768 [Worker-40: Building] INFO  o.a.m.s.f.DefaultMavenResourcesFiltering - skip non existing resourceDirectory C:\Users\Matias Mamani\Desktop\Proyecto Pino\ProyectoFabrica_PS\Backend\ProyectoFabricaPS\src\test\resources
2024-11-26 11:50:15,892 [Worker-41: Building] INFO  o.a.m.s.f.DefaultMavenResourcesFiltering - Copying 1 resource from src\main\resources to target\classes
2024-11-26 11:50:15,909 [Worker-41: Building] INFO  o.a.m.s.f.DefaultMavenResourcesFiltering - Copying 0 resource from src\main\resources to target\classes
2024-11-26 11:50:15,921 [Worker-41: Building] INFO  o.a.m.s.f.DefaultMavenResourcesFiltering - skip non existing resourceDirectory C:\Users\Matias Mamani\Desktop\Proyecto Pino\ProyectoFabrica_PS\Backend\ProyectoFabricaPS\src\test\resources
2024-11-26 12:02:17,764 [Worker-43: Building] INFO  o.a.m.s.f.DefaultMavenResourcesFiltering - Copying 1 resource from src\main\resources to target\classes
2024-11-26 12:02:17,791 [Worker-43: Building] INFO  o.a.m.s.f.DefaultMavenResourcesFiltering - Copying 0 resource from src\main\resources to target\classes
2024-11-26 12:02:17,797 [Worker-43: Building] INFO  o.a.m.s.f.DefaultMavenResourcesFiltering - skip non existing resourceDirectory C:\Users\Matias Mamani\Desktop\Proyecto Pino\ProyectoFabrica_PS\Backend\ProyectoFabricaPS\src\test\resources
2024-11-26 12:04:08,172 [Worker-45: Building] INFO  o.a.m.s.f.DefaultMavenResourcesFiltering - Copying 1 resource from src\main\resources to target\classes
2024-11-26 12:04:08,184 [Worker-45: Building] INFO  o.a.m.s.f.DefaultMavenResourcesFiltering - Copying 0 resource from src\main\resources to target\classes
2024-11-26 12:04:08,189 [Worker-45: Building] INFO  o.a.m.s.f.DefaultMavenResourcesFiltering - skip non existing resourceDirectory C:\Users\Matias Mamani\Desktop\Proyecto Pino\ProyectoFabrica_PS\Backend\ProyectoFabricaPS\src\test\resources
2024-11-26 12:04:19,876 [Worker-48: Building] INFO  o.a.m.s.f.DefaultMavenResourcesFiltering - Copying 1 resource from src\main\resources to target\classes
2024-11-26 12:04:19,889 [Worker-48: Building] INFO  o.a.m.s.f.DefaultMavenResourcesFiltering - Copying 0 resource from src\main\resources to target\classes
2024-11-26 12:04:19,896 [Worker-48: Building] INFO  o.a.m.s.f.DefaultMavenResourcesFiltering - skip non existing resourceDirectory C:\Users\Matias Mamani\Desktop\Proyecto Pino\ProyectoFabrica_PS\Backend\ProyectoFabricaPS\src\test\resources
2024-11-26 12:04:25,741 [Worker-47: Building] INFO  o.a.m.s.f.DefaultMavenResourcesFiltering - Copying 1 resource from src\main\resources to target\classes
2024-11-26 12:04:25,754 [Worker-47: Building] INFO  o.a.m.s.f.DefaultMavenResourcesFiltering - Copying 0 resource from src\main\resources to target\classes
2024-11-26 12:04:25,758 [Worker-47: Building] INFO  o.a.m.s.f.DefaultMavenResourcesFiltering - skip non existing resourceDirectory C:\Users\Matias Mamani\Desktop\Proyecto Pino\ProyectoFabrica_PS\Backend\ProyectoFabricaPS\src\test\resources
2024-11-26 12:04:30,116 [Worker-45: Building] INFO  o.a.m.s.f.DefaultMavenResourcesFiltering - Copying 1 resource from src\main\resources to target\classes
2024-11-26 12:04:30,129 [Worker-45: Building] INFO  o.a.m.s.f.DefaultMavenResourcesFiltering - Copying 0 resource from src\main\resources to target\classes
2024-11-26 12:04:30,136 [Worker-45: Building] INFO  o.a.m.s.f.DefaultMavenResourcesFiltering - skip non existing resourceDirectory C:\Users\Matias Mamani\Desktop\Proyecto Pino\ProyectoFabrica_PS\Backend\ProyectoFabricaPS\src\test\resources
2024-11-26 12:04:33,974 [Worker-48: Building] INFO  o.a.m.s.f.DefaultMavenResourcesFiltering - Copying 1 resource from src\main\resources to target\classes
2024-11-26 12:04:33,985 [Worker-48: Building] INFO  o.a.m.s.f.DefaultMavenResourcesFiltering - Copying 0 resource from src\main\resources to target\classes
2024-11-26 12:04:33,989 [Worker-48: Building] INFO  o.a.m.s.f.DefaultMavenResourcesFiltering - skip non existing resourceDirectory C:\Users\Matias Mamani\Desktop\Proyecto Pino\ProyectoFabrica_PS\Backend\ProyectoFabricaPS\src\test\resources
2024-11-26 12:05:03,007 [Worker-46: Building] INFO  o.a.m.s.f.DefaultMavenResourcesFiltering - Copying 1 resource from src\main\resources to target\classes
2024-11-26 12:05:03,016 [Worker-46: Building] INFO  o.a.m.s.f.DefaultMavenResourcesFiltering - Copying 0 resource from src\main\resources to target\classes
2024-11-26 12:05:03,020 [Worker-46: Building] INFO  o.a.m.s.f.DefaultMavenResourcesFiltering - skip non existing resourceDirectory C:\Users\Matias Mamani\Desktop\Proyecto Pino\ProyectoFabrica_PS\Backend\ProyectoFabricaPS\src\test\resources
2024-11-26 12:06:44,669 [Worker-45: Building] INFO  o.a.m.s.f.DefaultMavenResourcesFiltering - Copying 1 resource from src\main\resources to target\classes
2024-11-26 12:06:44,700 [Worker-45: Building] INFO  o.a.m.s.f.DefaultMavenResourcesFiltering - Copying 0 resource from src\main\resources to target\classes
2024-11-26 12:06:44,707 [Worker-45: Building] INFO  o.a.m.s.f.DefaultMavenResourcesFiltering - skip non existing resourceDirectory C:\Users\Matias Mamani\Desktop\Proyecto Pino\ProyectoFabrica_PS\Backend\ProyectoFabricaPS\src\test\resources
2024-11-26 12:06:47,422 [Worker-45: Building] INFO  o.a.m.s.f.DefaultMavenResourcesFiltering - Copying 1 resource from src\main\resources to target\classes
2024-11-26 12:06:47,436 [Worker-45: Building] INFO  o.a.m.s.f.DefaultMavenResourcesFiltering - Copying 0 resource from src\main\resources to target\classes
2024-11-26 12:06:47,441 [Worker-45: Building] INFO  o.a.m.s.f.DefaultMavenResourcesFiltering - skip non existing resourceDirectory C:\Users\Matias Mamani\Desktop\Proyecto Pino\ProyectoFabrica_PS\Backend\ProyectoFabricaPS\src\test\resources
2024-11-26 12:06:55,327 [Worker-47: Building] INFO  o.a.m.s.f.DefaultMavenResourcesFiltering - Copying 1 resource from src\main\resources to target\classes
2024-11-26 12:06:55,397 [Worker-47: Building] INFO  o.a.m.s.f.DefaultMavenResourcesFiltering - Copying 0 resource from src\main\resources to target\classes
2024-11-26 12:06:55,405 [Worker-47: Building] INFO  o.a.m.s.f.DefaultMavenResourcesFiltering - skip non existing resourceDirectory C:\Users\Matias Mamani\Desktop\Proyecto Pino\ProyectoFabrica_PS\Backend\ProyectoFabricaPS\src\test\resources
2024-11-26 12:09:53,672 [Worker-47: Building] INFO  o.a.m.s.f.DefaultMavenResourcesFiltering - Copying 1 resource from src\main\resources to target\classes
2024-11-26 12:09:53,687 [Worker-47: Building] INFO  o.a.m.s.f.DefaultMavenResourcesFiltering - Copying 0 resource from src\main\resources to target\classes
2024-11-26 12:09:53,692 [Worker-47: Building] INFO  o.a.m.s.f.DefaultMavenResourcesFiltering - skip non existing resourceDirectory C:\Users\Matias Mamani\Desktop\Proyecto Pino\ProyectoFabrica_PS\Backend\ProyectoFabricaPS\src\test\resources
2024-11-26 12:09:57,546 [Worker-56: Building] INFO  o.a.m.s.f.DefaultMavenResourcesFiltering - Copying 1 resource from src\main\resources to target\classes
2024-11-26 12:09:57,558 [Worker-56: Building] INFO  o.a.m.s.f.DefaultMavenResourcesFiltering - Copying 0 resource from src\main\resources to target\classes
2024-11-26 12:09:57,563 [Worker-56: Building] INFO  o.a.m.s.f.DefaultMavenResourcesFiltering - skip non existing resourceDirectory C:\Users\Matias Mamani\Desktop\Proyecto Pino\ProyectoFabrica_PS\Backend\ProyectoFabricaPS\src\test\resources
2024-11-26 12:10:13,272 [Worker-55: Building] INFO  o.a.m.s.f.DefaultMavenResourcesFiltering - Copying 1 resource from src\main\resources to target\classes
2024-11-26 12:10:13,282 [Worker-55: Building] INFO  o.a.m.s.f.DefaultMavenResourcesFiltering - Copying 0 resource from src\main\resources to target\classes
2024-11-26 12:10:13,285 [Worker-55: Building] INFO  o.a.m.s.f.DefaultMavenResourcesFiltering - skip non existing resourceDirectory C:\Users\Matias Mamani\Desktop\Proyecto Pino\ProyectoFabrica_PS\Backend\ProyectoFabricaPS\src\test\resources
2024-11-26 12:10:24,596 [Worker-47: Building] INFO  o.a.m.s.f.DefaultMavenResourcesFiltering - Copying 1 resource from src\main\resources to target\classes
2024-11-26 12:10:24,608 [Worker-47: Building] INFO  o.a.m.s.f.DefaultMavenResourcesFiltering - Copying 0 resource from src\main\resources to target\classes
2024-11-26 12:10:24,613 [Worker-47: Building] INFO  o.a.m.s.f.DefaultMavenResourcesFiltering - skip non existing resourceDirectory C:\Users\Matias Mamani\Desktop\Proyecto Pino\ProyectoFabrica_PS\Backend\ProyectoFabricaPS\src\test\resources
2024-11-26 12:10:26,542 [Worker-56: Building] INFO  o.a.m.s.f.DefaultMavenResourcesFiltering - Copying 1 resource from src\main\resources to target\classes
2024-11-26 12:10:26,556 [Worker-56: Building] INFO  o.a.m.s.f.DefaultMavenResourcesFiltering - Copying 0 resource from src\main\resources to target\classes
2024-11-26 12:10:26,562 [Worker-56: Building] INFO  o.a.m.s.f.DefaultMavenResourcesFiltering - skip non existing resourceDirectory C:\Users\Matias Mamani\Desktop\Proyecto Pino\ProyectoFabrica_PS\Backend\ProyectoFabricaPS\src\test\resources
2024-11-26 12:10:38,825 [Worker-54: Building] INFO  o.a.m.s.f.DefaultMavenResourcesFiltering - Copying 1 resource from src\main\resources to target\classes
2024-11-26 12:10:38,837 [Worker-54: Building] INFO  o.a.m.s.f.DefaultMavenResourcesFiltering - Copying 0 resource from src\main\resources to target\classes
2024-11-26 12:10:38,843 [Worker-54: Building] INFO  o.a.m.s.f.DefaultMavenResourcesFiltering - skip non existing resourceDirectory C:\Users\Matias Mamani\Desktop\Proyecto Pino\ProyectoFabrica_PS\Backend\ProyectoFabricaPS\src\test\resources
2024-11-26 12:14:22,175 [Worker-47: Building] INFO  o.a.m.s.f.DefaultMavenResourcesFiltering - Copying 1 resource from src\main\resources to target\classes
2024-11-26 12:14:22,191 [Worker-47: Building] INFO  o.a.m.s.f.DefaultMavenResourcesFiltering - Copying 0 resource from src\main\resources to target\classes
2024-11-26 12:14:22,195 [Worker-47: Building] INFO  o.a.m.s.f.DefaultMavenResourcesFiltering - skip non existing resourceDirectory C:\Users\Matias Mamani\Desktop\Proyecto Pino\ProyectoFabrica_PS\Backend\ProyectoFabricaPS\src\test\resources
2024-11-26 12:38:14,941 [Worker-60: Building] INFO  o.a.m.s.f.DefaultMavenResourcesFiltering - Copying 1 resource from src\main\resources to target\classes
2024-11-26 12:38:14,960 [Worker-60: Building] INFO  o.a.m.s.f.DefaultMavenResourcesFiltering - Copying 0 resource from src\main\resources to target\classes
2024-11-26 12:38:14,965 [Worker-60: Building] INFO  o.a.m.s.f.DefaultMavenResourcesFiltering - skip non existing resourceDirectory C:\Users\Matias Mamani\Desktop\Proyecto Pino\ProyectoFabrica_PS\Backend\ProyectoFabricaPS\src\test\resources
2024-11-26 12:38:31,758 [Worker-61: Building] INFO  o.a.m.s.f.DefaultMavenResourcesFiltering - Copying 1 resource from src\main\resources to target\classes
2024-11-26 12:38:31,790 [Worker-61: Building] INFO  o.a.m.s.f.DefaultMavenResourcesFiltering - Copying 0 resource from src\main\resources to target\classes
2024-11-26 12:38:31,795 [Worker-61: Building] INFO  o.a.m.s.f.DefaultMavenResourcesFiltering - skip non existing resourceDirectory C:\Users\Matias Mamani\Desktop\Proyecto Pino\ProyectoFabrica_PS\Backend\ProyectoFabricaPS\src\test\resources
2024-11-26 12:39:02,421 [Worker-61: Building] INFO  o.a.m.s.f.DefaultMavenResourcesFiltering - Copying 1 resource from src\main\resources to target\classes
2024-11-26 12:39:02,500 [Worker-61: Building] INFO  o.a.m.s.f.DefaultMavenResourcesFiltering - Copying 0 resource from src\main\resources to target\classes
2024-11-26 12:39:02,505 [Worker-61: Building] INFO  o.a.m.s.f.DefaultMavenResourcesFiltering - skip non existing resourceDirectory C:\Users\Matias Mamani\Desktop\Proyecto Pino\ProyectoFabrica_PS\Backend\ProyectoFabricaPS\src\test\resources
2024-11-26 12:39:48,068 [Worker-58: Building] INFO  o.a.m.s.f.DefaultMavenResourcesFiltering - Copying 1 resource from src\main\resources to target\classes
2024-11-26 12:39:48,104 [Worker-58: Building] INFO  o.a.m.s.f.DefaultMavenResourcesFiltering - Copying 0 resource from src\main\resources to target\classes
2024-11-26 12:39:48,107 [Worker-58: Building] INFO  o.a.m.s.f.DefaultMavenResourcesFiltering - skip non existing resourceDirectory C:\Users\Matias Mamani\Desktop\Proyecto Pino\ProyectoFabrica_PS\Backend\ProyectoFabricaPS\src\test\resources
2024-11-26 12:40:14,111 [Worker-61: Building] INFO  o.a.m.s.f.DefaultMavenResourcesFiltering - Copying 1 resource from src\main\resources to target\classes
2024-11-26 12:40:14,167 [Worker-61: Building] INFO  o.a.m.s.f.DefaultMavenResourcesFiltering - Copying 0 resource from src\main\resources to target\classes
2024-11-26 12:40:14,172 [Worker-61: Building] INFO  o.a.m.s.f.DefaultMavenResourcesFiltering - skip non existing resourceDirectory C:\Users\Matias Mamani\Desktop\Proyecto Pino\ProyectoFabrica_PS\Backend\ProyectoFabricaPS\src\test\resources
2024-11-26 12:40:42,021 [Worker-57: Building] INFO  o.a.m.s.f.DefaultMavenResourcesFiltering - Copying 1 resource from src\main\resources to target\classes
2024-11-26 12:40:42,071 [Worker-57: Building] INFO  o.a.m.s.f.DefaultMavenResourcesFiltering - Copying 0 resource from src\main\resources to target\classes
2024-11-26 12:40:42,080 [Worker-57: Building] INFO  o.a.m.s.f.DefaultMavenResourcesFiltering - skip non existing resourceDirectory C:\Users\Matias Mamani\Desktop\Proyecto Pino\ProyectoFabrica_PS\Backend\ProyectoFabricaPS\src\test\resources
2024-11-26 12:40:52,271 [Worker-58: Building] INFO  o.a.m.s.f.DefaultMavenResourcesFiltering - Copying 1 resource from src\main\resources to target\classes
2024-11-26 12:40:52,427 [Worker-58: Building] INFO  o.a.m.s.f.DefaultMavenResourcesFiltering - Copying 0 resource from src\main\resources to target\classes
2024-11-26 12:40:52,434 [Worker-58: Building] INFO  o.a.m.s.f.DefaultMavenResourcesFiltering - skip non existing resourceDirectory C:\Users\Matias Mamani\Desktop\Proyecto Pino\ProyectoFabrica_PS\Backend\ProyectoFabricaPS\src\test\resources
2024-11-26 12:40:58,468 [Worker-58: Building] INFO  o.a.m.s.f.DefaultMavenResourcesFiltering - Copying 1 resource from src\main\resources to target\classes
2024-11-26 12:40:58,512 [Worker-58: Building] INFO  o.a.m.s.f.DefaultMavenResourcesFiltering - Copying 0 resource from src\main\resources to target\classes
2024-11-26 12:40:58,519 [Worker-58: Building] INFO  o.a.m.s.f.DefaultMavenResourcesFiltering - skip non existing resourceDirectory C:\Users\Matias Mamani\Desktop\Proyecto Pino\ProyectoFabrica_PS\Backend\ProyectoFabricaPS\src\test\resources
2024-11-26 12:41:01,194 [Worker-61: Building] INFO  o.a.m.s.f.DefaultMavenResourcesFiltering - Copying 1 resource from src\main\resources to target\classes
2024-11-26 12:41:01,206 [Worker-61: Building] INFO  o.a.m.s.f.DefaultMavenResourcesFiltering - Copying 0 resource from src\main\resources to target\classes
2024-11-26 12:41:01,210 [Worker-61: Building] INFO  o.a.m.s.f.DefaultMavenResourcesFiltering - skip non existing resourceDirectory C:\Users\Matias Mamani\Desktop\Proyecto Pino\ProyectoFabrica_PS\Backend\ProyectoFabricaPS\src\test\resources
2024-11-26 12:44:11,040 [Worker-57: Building] INFO  o.a.m.s.f.DefaultMavenResourcesFiltering - Copying 1 resource from src\main\resources to target\classes
2024-11-26 12:44:11,056 [Worker-57: Building] INFO  o.a.m.s.f.DefaultMavenResourcesFiltering - Copying 0 resource from src\main\resources to target\classes
2024-11-26 12:44:11,061 [Worker-57: Building] INFO  o.a.m.s.f.DefaultMavenResourcesFiltering - skip non existing resourceDirectory C:\Users\Matias Mamani\Desktop\Proyecto Pino\ProyectoFabrica_PS\Backend\ProyectoFabricaPS\src\test\resources
2024-11-26 12:45:01,452 [Worker-62: Building] INFO  o.a.m.s.f.DefaultMavenResourcesFiltering - Copying 1 resource from src\main\resources to target\classes
2024-11-26 12:45:01,465 [Worker-62: Building] INFO  o.a.m.s.f.DefaultMavenResourcesFiltering - Copying 0 resource from src\main\resources to target\classes
2024-11-26 12:45:01,471 [Worker-62: Building] INFO  o.a.m.s.f.DefaultMavenResourcesFiltering - skip non existing resourceDirectory C:\Users\Matias Mamani\Desktop\Proyecto Pino\ProyectoFabrica_PS\Backend\ProyectoFabricaPS\src\test\resources
2024-11-26 12:45:07,375 [Worker-57: Building] INFO  o.a.m.s.f.DefaultMavenResourcesFiltering - Copying 1 resource from src\main\resources to target\classes
2024-11-26 12:45:07,390 [Worker-57: Building] INFO  o.a.m.s.f.DefaultMavenResourcesFiltering - Copying 0 resource from src\main\resources to target\classes
2024-11-26 12:45:07,396 [Worker-57: Building] INFO  o.a.m.s.f.DefaultMavenResourcesFiltering - skip non existing resourceDirectory C:\Users\Matias Mamani\Desktop\Proyecto Pino\ProyectoFabrica_PS\Backend\ProyectoFabricaPS\src\test\resources
2024-11-26 12:47:03,054 [Worker-68: Building] INFO  o.a.m.s.f.DefaultMavenResourcesFiltering - Copying 1 resource from src\main\resources to target\classes
2024-11-26 12:47:03,069 [Worker-68: Building] INFO  o.a.m.s.f.DefaultMavenResourcesFiltering - Copying 0 resource from src\main\resources to target\classes
2024-11-26 12:47:03,073 [Worker-68: Building] INFO  o.a.m.s.f.DefaultMavenResourcesFiltering - skip non existing resourceDirectory C:\Users\Matias Mamani\Desktop\Proyecto Pino\ProyectoFabrica_PS\Backend\ProyectoFabricaPS\src\test\resources
2024-11-26 12:47:20,463 [Worker-62: Building] INFO  o.a.m.s.f.DefaultMavenResourcesFiltering - Copying 1 resource from src\main\resources to target\classes
2024-11-26 12:47:20,482 [Worker-62: Building] INFO  o.a.m.s.f.DefaultMavenResourcesFiltering - Copying 0 resource from src\main\resources to target\classes
2024-11-26 12:47:20,488 [Worker-62: Building] INFO  o.a.m.s.f.DefaultMavenResourcesFiltering - skip non existing resourceDirectory C:\Users\Matias Mamani\Desktop\Proyecto Pino\ProyectoFabrica_PS\Backend\ProyectoFabricaPS\src\test\resources
2024-11-26 12:48:50,625 [Worker-69: Building] INFO  o.a.m.s.f.DefaultMavenResourcesFiltering - Copying 1 resource from src\main\resources to target\classes
2024-11-26 12:48:50,667 [Worker-69: Building] INFO  o.a.m.s.f.DefaultMavenResourcesFiltering - Copying 0 resource from src\main\resources to target\classes
2024-11-26 12:48:50,670 [Worker-69: Building] INFO  o.a.m.s.f.DefaultMavenResourcesFiltering - skip non existing resourceDirectory C:\Users\Matias Mamani\Desktop\Proyecto Pino\ProyectoFabrica_PS\Backend\ProyectoFabricaPS\src\test\resources
2024-11-26 12:49:20,503 [Worker-68: Building] INFO  o.a.m.s.f.DefaultMavenResourcesFiltering - Copying 1 resource from src\main\resources to target\classes
2024-11-26 12:49:20,516 [Worker-68: Building] INFO  o.a.m.s.f.DefaultMavenResourcesFiltering - Copying 0 resource from src\main\resources to target\classes
2024-11-26 12:49:20,522 [Worker-68: Building] INFO  o.a.m.s.f.DefaultMavenResourcesFiltering - skip non existing resourceDirectory C:\Users\Matias Mamani\Desktop\Proyecto Pino\ProyectoFabrica_PS\Backend\ProyectoFabricaPS\src\test\resources
2024-11-26 12:52:22,959 [Worker-62: Building] INFO  o.a.m.s.f.DefaultMavenResourcesFiltering - Copying 1 resource from src\main\resources to target\classes
2024-11-26 12:52:22,975 [Worker-62: Building] INFO  o.a.m.s.f.DefaultMavenResourcesFiltering - Copying 0 resource from src\main\resources to target\classes
2024-11-26 12:52:22,979 [Worker-62: Building] INFO  o.a.m.s.f.DefaultMavenResourcesFiltering - skip non existing resourceDirectory C:\Users\Matias Mamani\Desktop\Proyecto Pino\ProyectoFabrica_PS\Backend\ProyectoFabricaPS\src\test\resources
2024-11-26 12:52:43,440 [Worker-72: Building] INFO  o.a.m.s.f.DefaultMavenResourcesFiltering - Copying 1 resource from src\main\resources to target\classes
2024-11-26 12:52:43,454 [Worker-72: Building] INFO  o.a.m.s.f.DefaultMavenResourcesFiltering - Copying 0 resource from src\main\resources to target\classes
2024-11-26 12:52:43,458 [Worker-72: Building] INFO  o.a.m.s.f.DefaultMavenResourcesFiltering - skip non existing resourceDirectory C:\Users\Matias Mamani\Desktop\Proyecto Pino\ProyectoFabrica_PS\Backend\ProyectoFabricaPS\src\test\resources
2024-11-26 12:53:20,641 [Worker-72: Building] INFO  o.a.m.s.f.DefaultMavenResourcesFiltering - Copying 1 resource from src\main\resources to target\classes
2024-11-26 12:53:20,693 [Worker-72: Building] INFO  o.a.m.s.f.DefaultMavenResourcesFiltering - Copying 0 resource from src\main\resources to target\classes
2024-11-26 12:53:20,701 [Worker-72: Building] INFO  o.a.m.s.f.DefaultMavenResourcesFiltering - skip non existing resourceDirectory C:\Users\Matias Mamani\Desktop\Proyecto Pino\ProyectoFabrica_PS\Backend\ProyectoFabricaPS\src\test\resources
2024-11-26 12:53:24,444 [Worker-62: Building] INFO  o.a.m.s.f.DefaultMavenResourcesFiltering - Copying 1 resource from src\main\resources to target\classes
2024-11-26 12:53:24,456 [Worker-62: Building] INFO  o.a.m.s.f.DefaultMavenResourcesFiltering - Copying 0 resource from src\main\resources to target\classes
2024-11-26 12:53:24,462 [Worker-62: Building] INFO  o.a.m.s.f.DefaultMavenResourcesFiltering - skip non existing resourceDirectory C:\Users\Matias Mamani\Desktop\Proyecto Pino\ProyectoFabrica_PS\Backend\ProyectoFabricaPS\src\test\resources
2024-11-26 12:53:41,201 [Worker-62: Building] INFO  o.a.m.s.f.DefaultMavenResourcesFiltering - Copying 1 resource from src\main\resources to target\classes
2024-11-26 12:53:41,213 [Worker-62: Building] INFO  o.a.m.s.f.DefaultMavenResourcesFiltering - Copying 0 resource from src\main\resources to target\classes
2024-11-26 12:53:41,219 [Worker-62: Building] INFO  o.a.m.s.f.DefaultMavenResourcesFiltering - skip non existing resourceDirectory C:\Users\Matias Mamani\Desktop\Proyecto Pino\ProyectoFabrica_PS\Backend\ProyectoFabricaPS\src\test\resources
2024-11-26 12:53:44,774 [Worker-71: Building] INFO  o.a.m.s.f.DefaultMavenResourcesFiltering - Copying 1 resource from src\main\resources to target\classes
2024-11-26 12:53:44,786 [Worker-71: Building] INFO  o.a.m.s.f.DefaultMavenResourcesFiltering - Copying 0 resource from src\main\resources to target\classes
2024-11-26 12:53:44,790 [Worker-71: Building] INFO  o.a.m.s.f.DefaultMavenResourcesFiltering - skip non existing resourceDirectory C:\Users\Matias Mamani\Desktop\Proyecto Pino\ProyectoFabrica_PS\Backend\ProyectoFabricaPS\src\test\resources
2024-11-26 12:57:13,353 [Worker-74: Building] INFO  o.a.m.s.f.DefaultMavenResourcesFiltering - Copying 1 resource from src\main\resources to target\classes
2024-11-26 12:57:13,365 [Worker-74: Building] INFO  o.a.m.s.f.DefaultMavenResourcesFiltering - Copying 0 resource from src\main\resources to target\classes
2024-11-26 12:57:13,369 [Worker-74: Building] INFO  o.a.m.s.f.DefaultMavenResourcesFiltering - skip non existing resourceDirectory C:\Users\Matias Mamani\Desktop\Proyecto Pino\ProyectoFabrica_PS\Backend\ProyectoFabricaPS\src\test\resources
2024-11-26 12:58:57,902 [Worker-77: Building] INFO  o.a.m.s.f.DefaultMavenResourcesFiltering - Copying 1 resource from src\main\resources to target\classes
2024-11-26 12:58:57,915 [Worker-77: Building] INFO  o.a.m.s.f.DefaultMavenResourcesFiltering - Copying 0 resource from src\main\resources to target\classes
2024-11-26 12:58:57,918 [Worker-77: Building] INFO  o.a.m.s.f.DefaultMavenResourcesFiltering - skip non existing resourceDirectory C:\Users\Matias Mamani\Desktop\Proyecto Pino\ProyectoFabrica_PS\Backend\ProyectoFabricaPS\src\test\resources
2024-11-26 12:59:04,842 [Worker-76: Building] INFO  o.a.m.s.f.DefaultMavenResourcesFiltering - Copying 1 resource from src\main\resources to target\classes
2024-11-26 12:59:04,855 [Worker-76: Building] INFO  o.a.m.s.f.DefaultMavenResourcesFiltering - Copying 0 resource from src\main\resources to target\classes
2024-11-26 12:59:04,859 [Worker-76: Building] INFO  o.a.m.s.f.DefaultMavenResourcesFiltering - skip non existing resourceDirectory C:\Users\Matias Mamani\Desktop\Proyecto Pino\ProyectoFabrica_PS\Backend\ProyectoFabricaPS\src\test\resources
2024-11-26 13:23:40,451 [Worker-85: Building] INFO  o.a.m.s.f.DefaultMavenResourcesFiltering - Copying 1 resource from src\main\resources to target\classes
2024-11-26 13:23:40,473 [Worker-85: Building] INFO  o.a.m.s.f.DefaultMavenResourcesFiltering - Copying 0 resource from src\main\resources to target\classes
2024-11-26 13:23:40,478 [Worker-85: Building] INFO  o.a.m.s.f.DefaultMavenResourcesFiltering - skip non existing resourceDirectory C:\Users\Matias Mamani\Desktop\Proyecto Pino\ProyectoFabrica_PS\Backend\ProyectoFabricaPS\src\test\resources
2024-11-26 13:24:27,166 [Worker-86: Building] INFO  o.a.m.s.f.DefaultMavenResourcesFiltering - Copying 1 resource from src\main\resources to target\classes
2024-11-26 13:24:27,182 [Worker-86: Building] INFO  o.a.m.s.f.DefaultMavenResourcesFiltering - Copying 0 resource from src\main\resources to target\classes
2024-11-26 13:24:27,184 [Worker-86: Building] INFO  o.a.m.s.f.DefaultMavenResourcesFiltering - skip non existing resourceDirectory C:\Users\Matias Mamani\Desktop\Proyecto Pino\ProyectoFabrica_PS\Backend\ProyectoFabricaPS\src\test\resources
2024-11-26 13:24:28,270 [Worker-85: Building] INFO  o.a.m.s.f.DefaultMavenResourcesFiltering - Copying 1 resource from src\main\resources to target\classes
2024-11-26 13:24:28,287 [Worker-85: Building] INFO  o.a.m.s.f.DefaultMavenResourcesFiltering - Copying 0 resource from src\main\resources to target\classes
2024-11-26 13:24:28,290 [Worker-85: Building] INFO  o.a.m.s.f.DefaultMavenResourcesFiltering - skip non existing resourceDirectory C:\Users\Matias Mamani\Desktop\Proyecto Pino\ProyectoFabrica_PS\Backend\ProyectoFabricaPS\src\test\resources
2024-11-26 13:24:44,531 [Worker-86: Building] INFO  o.a.m.s.f.DefaultMavenResourcesFiltering - Copying 1 resource from src\main\resources to target\classes
2024-11-26 13:24:44,550 [Worker-86: Building] INFO  o.a.m.s.f.DefaultMavenResourcesFiltering - Copying 0 resource from src\main\resources to target\classes
2024-11-26 13:24:44,554 [Worker-86: Building] INFO  o.a.m.s.f.DefaultMavenResourcesFiltering - skip non existing resourceDirectory C:\Users\Matias Mamani\Desktop\Proyecto Pino\ProyectoFabrica_PS\Backend\ProyectoFabricaPS\src\test\resources
2024-11-26 13:24:46,679 [Worker-84: Building] INFO  o.a.m.s.f.DefaultMavenResourcesFiltering - Copying 1 resource from src\main\resources to target\classes
2024-11-26 13:24:46,720 [Worker-84: Building] INFO  o.a.m.s.f.DefaultMavenResourcesFiltering - Copying 0 resource from src\main\resources to target\classes
2024-11-26 13:24:46,725 [Worker-84: Building] INFO  o.a.m.s.f.DefaultMavenResourcesFiltering - skip non existing resourceDirectory C:\Users\Matias Mamani\Desktop\Proyecto Pino\ProyectoFabrica_PS\Backend\ProyectoFabricaPS\src\test\resources
2024-11-26 13:29:16,501 [Worker-90: Building] INFO  o.a.m.s.f.DefaultMavenResourcesFiltering - Copying 1 resource from src\main\resources to target\classes
2024-11-26 13:29:16,522 [Worker-90: Building] INFO  o.a.m.s.f.DefaultMavenResourcesFiltering - Copying 0 resource from src\main\resources to target\classes
2024-11-26 13:29:16,527 [Worker-90: Building] INFO  o.a.m.s.f.DefaultMavenResourcesFiltering - skip non existing resourceDirectory C:\Users\Matias Mamani\Desktop\Proyecto Pino\ProyectoFabrica_PS\Backend\ProyectoFabricaPS\src\test\resources
2024-11-26 13:29:19,346 [Worker-90: Building] INFO  o.a.m.s.f.DefaultMavenResourcesFiltering - Copying 1 resource from src\main\resources to target\classes
2024-11-26 13:29:19,372 [Worker-90: Building] INFO  o.a.m.s.f.DefaultMavenResourcesFiltering - Copying 0 resource from src\main\resources to target\classes
2024-11-26 13:29:19,378 [Worker-90: Building] INFO  o.a.m.s.f.DefaultMavenResourcesFiltering - skip non existing resourceDirectory C:\Users\Matias Mamani\Desktop\Proyecto Pino\ProyectoFabrica_PS\Backend\ProyectoFabricaPS\src\test\resources
2024-11-26 13:29:22,852 [Worker-88: Building] INFO  o.a.m.s.f.DefaultMavenResourcesFiltering - Copying 1 resource from src\main\resources to target\classes
2024-11-26 13:29:22,865 [Worker-88: Building] INFO  o.a.m.s.f.DefaultMavenResourcesFiltering - Copying 0 resource from src\main\resources to target\classes
2024-11-26 13:29:22,868 [Worker-88: Building] INFO  o.a.m.s.f.DefaultMavenResourcesFiltering - skip non existing resourceDirectory C:\Users\Matias Mamani\Desktop\Proyecto Pino\ProyectoFabrica_PS\Backend\ProyectoFabricaPS\src\test\resources
2024-11-26 13:29:34,350 [Worker-85: Building] INFO  o.a.m.s.f.DefaultMavenResourcesFiltering - Copying 1 resource from src\main\resources to target\classes
2024-11-26 13:29:34,364 [Worker-85: Building] INFO  o.a.m.s.f.DefaultMavenResourcesFiltering - Copying 0 resource from src\main\resources to target\classes
2024-11-26 13:29:34,370 [Worker-85: Building] INFO  o.a.m.s.f.DefaultMavenResourcesFiltering - skip non existing resourceDirectory C:\Users\Matias Mamani\Desktop\Proyecto Pino\ProyectoFabrica_PS\Backend\ProyectoFabricaPS\src\test\resources
2024-11-26 13:29:36,081 [Worker-89: Building] INFO  o.a.m.s.f.DefaultMavenResourcesFiltering - Copying 1 resource from src\main\resources to target\classes
2024-11-26 13:29:36,106 [Worker-89: Building] INFO  o.a.m.s.f.DefaultMavenResourcesFiltering - Copying 0 resource from src\main\resources to target\classes
2024-11-26 13:29:36,110 [Worker-89: Building] INFO  o.a.m.s.f.DefaultMavenResourcesFiltering - skip non existing resourceDirectory C:\Users\Matias Mamani\Desktop\Proyecto Pino\ProyectoFabrica_PS\Backend\ProyectoFabricaPS\src\test\resources
2024-11-26 13:30:24,991 [Worker-85: Building] INFO  o.a.m.s.f.DefaultMavenResourcesFiltering - Copying 1 resource from src\main\resources to target\classes
2024-11-26 13:30:25,005 [Worker-85: Building] INFO  o.a.m.s.f.DefaultMavenResourcesFiltering - Copying 0 resource from src\main\resources to target\classes
2024-11-26 13:30:25,012 [Worker-85: Building] INFO  o.a.m.s.f.DefaultMavenResourcesFiltering - skip non existing resourceDirectory C:\Users\Matias Mamani\Desktop\Proyecto Pino\ProyectoFabrica_PS\Backend\ProyectoFabricaPS\src\test\resources
2024-11-26 13:30:37,123 [Worker-93: Building] INFO  o.a.m.s.f.DefaultMavenResourcesFiltering - Copying 1 resource from src\main\resources to target\classes
2024-11-26 13:30:37,136 [Worker-93: Building] INFO  o.a.m.s.f.DefaultMavenResourcesFiltering - Copying 0 resource from src\main\resources to target\classes
2024-11-26 13:30:37,140 [Worker-93: Building] INFO  o.a.m.s.f.DefaultMavenResourcesFiltering - skip non existing resourceDirectory C:\Users\Matias Mamani\Desktop\Proyecto Pino\ProyectoFabrica_PS\Backend\ProyectoFabricaPS\src\test\resources
2024-11-26 13:32:01,862 [Worker-95: Building] INFO  o.a.m.s.f.DefaultMavenResourcesFiltering - Copying 1 resource from src\main\resources to target\classes
2024-11-26 13:32:01,883 [Worker-95: Building] INFO  o.a.m.s.f.DefaultMavenResourcesFiltering - Copying 0 resource from src\main\resources to target\classes
2024-11-26 13:32:01,887 [Worker-95: Building] INFO  o.a.m.s.f.DefaultMavenResourcesFiltering - skip non existing resourceDirectory C:\Users\Matias Mamani\Desktop\Proyecto Pino\ProyectoFabrica_PS\Backend\ProyectoFabricaPS\src\test\resources
2024-11-26 13:32:04,130 [Worker-92: Building] INFO  o.a.m.s.f.DefaultMavenResourcesFiltering - Copying 1 resource from src\main\resources to target\classes
2024-11-26 13:32:04,144 [Worker-92: Building] INFO  o.a.m.s.f.DefaultMavenResourcesFiltering - Copying 0 resource from src\main\resources to target\classes
2024-11-26 13:32:04,148 [Worker-92: Building] INFO  o.a.m.s.f.DefaultMavenResourcesFiltering - skip non existing resourceDirectory C:\Users\Matias Mamani\Desktop\Proyecto Pino\ProyectoFabrica_PS\Backend\ProyectoFabricaPS\src\test\resources
2024-11-26 13:32:13,663 [Worker-97: Building] INFO  o.a.m.s.f.DefaultMavenResourcesFiltering - Copying 1 resource from src\main\resources to target\classes
2024-11-26 13:32:13,677 [Worker-97: Building] INFO  o.a.m.s.f.DefaultMavenResourcesFiltering - Copying 0 resource from src\main\resources to target\classes
2024-11-26 13:32:13,681 [Worker-97: Building] INFO  o.a.m.s.f.DefaultMavenResourcesFiltering - skip non existing resourceDirectory C:\Users\Matias Mamani\Desktop\Proyecto Pino\ProyectoFabrica_PS\Backend\ProyectoFabricaPS\src\test\resources
2024-11-26 13:32:39,850 [Worker-88: Building] INFO  o.a.m.s.f.DefaultMavenResourcesFiltering - Copying 1 resource from src\main\resources to target\classes
2024-11-26 13:32:39,861 [Worker-88: Building] INFO  o.a.m.s.f.DefaultMavenResourcesFiltering - Copying 0 resource from src\main\resources to target\classes
2024-11-26 13:32:39,864 [Worker-88: Building] INFO  o.a.m.s.f.DefaultMavenResourcesFiltering - skip non existing resourceDirectory C:\Users\Matias Mamani\Desktop\Proyecto Pino\ProyectoFabrica_PS\Backend\ProyectoFabricaPS\src\test\resources
2024-11-26 13:32:42,252 [Worker-88: Building] INFO  o.a.m.s.f.DefaultMavenResourcesFiltering - Copying 1 resource from src\main\resources to target\classes
2024-11-26 13:32:42,266 [Worker-88: Building] INFO  o.a.m.s.f.DefaultMavenResourcesFiltering - Copying 0 resource from src\main\resources to target\classes
2024-11-26 13:32:42,272 [Worker-88: Building] INFO  o.a.m.s.f.DefaultMavenResourcesFiltering - skip non existing resourceDirectory C:\Users\Matias Mamani\Desktop\Proyecto Pino\ProyectoFabrica_PS\Backend\ProyectoFabricaPS\src\test\resources
2024-11-26 13:32:57,093 [Worker-95: Building] INFO  o.a.m.s.f.DefaultMavenResourcesFiltering - Copying 1 resource from src\main\resources to target\classes
2024-11-26 13:32:57,115 [Worker-95: Building] INFO  o.a.m.s.f.DefaultMavenResourcesFiltering - Copying 0 resource from src\main\resources to target\classes
2024-11-26 13:32:57,121 [Worker-95: Building] INFO  o.a.m.s.f.DefaultMavenResourcesFiltering - skip non existing resourceDirectory C:\Users\Matias Mamani\Desktop\Proyecto Pino\ProyectoFabrica_PS\Backend\ProyectoFabricaPS\src\test\resources
2024-11-26 13:32:58,380 [Worker-94: Building] INFO  o.a.m.s.f.DefaultMavenResourcesFiltering - Copying 1 resource from src\main\resources to target\classes
2024-11-26 13:32:58,395 [Worker-94: Building] INFO  o.a.m.s.f.DefaultMavenResourcesFiltering - Copying 0 resource from src\main\resources to target\classes
2024-11-26 13:32:58,402 [Worker-94: Building] INFO  o.a.m.s.f.DefaultMavenResourcesFiltering - skip non existing resourceDirectory C:\Users\Matias Mamani\Desktop\Proyecto Pino\ProyectoFabrica_PS\Backend\ProyectoFabricaPS\src\test\resources
2024-11-26 13:33:28,917 [Worker-94: Building] INFO  o.a.m.s.f.DefaultMavenResourcesFiltering - Copying 1 resource from src\main\resources to target\classes
2024-11-26 13:33:28,932 [Worker-94: Building] INFO  o.a.m.s.f.DefaultMavenResourcesFiltering - Copying 0 resource from src\main\resources to target\classes
2024-11-26 13:33:28,938 [Worker-94: Building] INFO  o.a.m.s.f.DefaultMavenResourcesFiltering - skip non existing resourceDirectory C:\Users\Matias Mamani\Desktop\Proyecto Pino\ProyectoFabrica_PS\Backend\ProyectoFabricaPS\src\test\resources
2024-11-26 13:33:30,371 [Worker-88: Building] INFO  o.a.m.s.f.DefaultMavenResourcesFiltering - Copying 1 resource from src\main\resources to target\classes
2024-11-26 13:33:30,383 [Worker-88: Building] INFO  o.a.m.s.f.DefaultMavenResourcesFiltering - Copying 0 resource from src\main\resources to target\classes
2024-11-26 13:33:30,388 [Worker-88: Building] INFO  o.a.m.s.f.DefaultMavenResourcesFiltering - skip non existing resourceDirectory C:\Users\Matias Mamani\Desktop\Proyecto Pino\ProyectoFabrica_PS\Backend\ProyectoFabricaPS\src\test\resources
2024-11-26 13:33:45,720 [Worker-98: Building] INFO  o.a.m.s.f.DefaultMavenResourcesFiltering - Copying 1 resource from src\main\resources to target\classes
2024-11-26 13:33:45,737 [Worker-98: Building] INFO  o.a.m.s.f.DefaultMavenResourcesFiltering - Copying 0 resource from src\main\resources to target\classes
2024-11-26 13:33:45,745 [Worker-98: Building] INFO  o.a.m.s.f.DefaultMavenResourcesFiltering - skip non existing resourceDirectory C:\Users\Matias Mamani\Desktop\Proyecto Pino\ProyectoFabrica_PS\Backend\ProyectoFabricaPS\src\test\resources
2024-11-26 13:33:54,972 [Worker-96: Building] INFO  o.a.m.s.f.DefaultMavenResourcesFiltering - Copying 1 resource from src\main\resources to target\classes
2024-11-26 13:33:54,986 [Worker-96: Building] INFO  o.a.m.s.f.DefaultMavenResourcesFiltering - Copying 0 resource from src\main\resources to target\classes
2024-11-26 13:33:54,994 [Worker-96: Building] INFO  o.a.m.s.f.DefaultMavenResourcesFiltering - skip non existing resourceDirectory C:\Users\Matias Mamani\Desktop\Proyecto Pino\ProyectoFabrica_PS\Backend\ProyectoFabricaPS\src\test\resources
2024-11-26 13:34:11,416 [Worker-94: Building] INFO  o.a.m.s.f.DefaultMavenResourcesFiltering - Copying 1 resource from src\main\resources to target\classes
2024-11-26 13:34:11,428 [Worker-94: Building] INFO  o.a.m.s.f.DefaultMavenResourcesFiltering - Copying 0 resource from src\main\resources to target\classes
2024-11-26 13:34:11,433 [Worker-94: Building] INFO  o.a.m.s.f.DefaultMavenResourcesFiltering - skip non existing resourceDirectory C:\Users\Matias Mamani\Desktop\Proyecto Pino\ProyectoFabrica_PS\Backend\ProyectoFabricaPS\src\test\resources
2024-11-26 13:34:56,556 [Worker-92: Building] INFO  o.a.m.s.f.DefaultMavenResourcesFiltering - Copying 1 resource from src\main\resources to target\classes
2024-11-26 13:34:56,568 [Worker-92: Building] INFO  o.a.m.s.f.DefaultMavenResourcesFiltering - Copying 0 resource from src\main\resources to target\classes
2024-11-26 13:34:56,572 [Worker-92: Building] INFO  o.a.m.s.f.DefaultMavenResourcesFiltering - skip non existing resourceDirectory C:\Users\Matias Mamani\Desktop\Proyecto Pino\ProyectoFabrica_PS\Backend\ProyectoFabricaPS\src\test\resources
2024-11-26 13:34:58,701 [Worker-88: Building] INFO  o.a.m.s.f.DefaultMavenResourcesFiltering - Copying 1 resource from src\main\resources to target\classes
2024-11-26 13:34:58,712 [Worker-88: Building] INFO  o.a.m.s.f.DefaultMavenResourcesFiltering - Copying 0 resource from src\main\resources to target\classes
2024-11-26 13:34:58,718 [Worker-88: Building] INFO  o.a.m.s.f.DefaultMavenResourcesFiltering - skip non existing resourceDirectory C:\Users\Matias Mamani\Desktop\Proyecto Pino\ProyectoFabrica_PS\Backend\ProyectoFabricaPS\src\test\resources
2024-11-26 13:35:04,760 [Worker-94: Building] INFO  o.a.m.s.f.DefaultMavenResourcesFiltering - Copying 1 resource from src\main\resources to target\classes
2024-11-26 13:35:04,783 [Worker-94: Building] INFO  o.a.m.s.f.DefaultMavenResourcesFiltering - Copying 0 resource from src\main\resources to target\classes
2024-11-26 13:35:04,788 [Worker-94: Building] INFO  o.a.m.s.f.DefaultMavenResourcesFiltering - skip non existing resourceDirectory C:\Users\Matias Mamani\Desktop\Proyecto Pino\ProyectoFabrica_PS\Backend\ProyectoFabricaPS\src\test\resources
2024-11-26 13:35:07,038 [Worker-96: Building] INFO  o.a.m.s.f.DefaultMavenResourcesFiltering - Copying 1 resource from src\main\resources to target\classes
2024-11-26 13:35:07,050 [Worker-96: Building] INFO  o.a.m.s.f.DefaultMavenResourcesFiltering - Copying 0 resource from src\main\resources to target\classes
2024-11-26 13:35:07,054 [Worker-96: Building] INFO  o.a.m.s.f.DefaultMavenResourcesFiltering - skip non existing resourceDirectory C:\Users\Matias Mamani\Desktop\Proyecto Pino\ProyectoFabrica_PS\Backend\ProyectoFabricaPS\src\test\resources
2024-11-26 13:39:57,649 [Worker-102: Building] INFO  o.a.m.s.f.DefaultMavenResourcesFiltering - Copying 1 resource from src\main\resources to target\classes
2024-11-26 13:39:57,667 [Worker-102: Building] INFO  o.a.m.s.f.DefaultMavenResourcesFiltering - Copying 0 resource from src\main\resources to target\classes
2024-11-26 13:39:57,670 [Worker-102: Building] INFO  o.a.m.s.f.DefaultMavenResourcesFiltering - skip non existing resourceDirectory C:\Users\Matias Mamani\Desktop\Proyecto Pino\ProyectoFabrica_PS\Backend\ProyectoFabricaPS\src\test\resources
2024-11-26 13:39:58,851 [Worker-78: Building] INFO  o.a.m.s.f.DefaultMavenResourcesFiltering - Copying 1 resource from src\main\resources to target\classes
2024-11-26 13:39:58,862 [Worker-78: Building] INFO  o.a.m.s.f.DefaultMavenResourcesFiltering - Copying 0 resource from src\main\resources to target\classes
2024-11-26 13:39:58,870 [Worker-78: Building] INFO  o.a.m.s.f.DefaultMavenResourcesFiltering - skip non existing resourceDirectory C:\Users\Matias Mamani\Desktop\Proyecto Pino\ProyectoFabrica_PS\Backend\ProyectoFabricaPS\src\test\resources
2024-11-26 13:40:12,629 [Worker-88: Building] INFO  o.a.m.s.f.DefaultMavenResourcesFiltering - Copying 1 resource from src\main\resources to target\classes
2024-11-26 13:40:12,643 [Worker-88: Building] INFO  o.a.m.s.f.DefaultMavenResourcesFiltering - Copying 0 resource from src\main\resources to target\classes
2024-11-26 13:40:12,647 [Worker-88: Building] INFO  o.a.m.s.f.DefaultMavenResourcesFiltering - skip non existing resourceDirectory C:\Users\Matias Mamani\Desktop\Proyecto Pino\ProyectoFabrica_PS\Backend\ProyectoFabricaPS\src\test\resources
2024-11-26 13:41:15,788 [Worker-100: Building] INFO  o.a.m.s.f.DefaultMavenResourcesFiltering - Copying 1 resource from src\main\resources to target\classes
2024-11-26 13:41:15,810 [Worker-100: Building] INFO  o.a.m.s.f.DefaultMavenResourcesFiltering - Copying 0 resource from src\main\resources to target\classes
2024-11-26 13:41:15,817 [Worker-100: Building] INFO  o.a.m.s.f.DefaultMavenResourcesFiltering - skip non existing resourceDirectory C:\Users\Matias Mamani\Desktop\Proyecto Pino\ProyectoFabrica_PS\Backend\ProyectoFabricaPS\src\test\resources
2024-11-26 13:41:23,112 [Worker-88: Building] INFO  o.a.m.s.f.DefaultMavenResourcesFiltering - Copying 1 resource from src\main\resources to target\classes
2024-11-26 13:41:23,124 [Worker-88: Building] INFO  o.a.m.s.f.DefaultMavenResourcesFiltering - Copying 0 resource from src\main\resources to target\classes
2024-11-26 13:41:23,129 [Worker-88: Building] INFO  o.a.m.s.f.DefaultMavenResourcesFiltering - skip non existing resourceDirectory C:\Users\Matias Mamani\Desktop\Proyecto Pino\ProyectoFabrica_PS\Backend\ProyectoFabricaPS\src\test\resources
2024-11-26 13:41:32,609 [Worker-88: Building] INFO  o.a.m.s.f.DefaultMavenResourcesFiltering - Copying 1 resource from src\main\resources to target\classes
2024-11-26 13:41:32,626 [Worker-88: Building] INFO  o.a.m.s.f.DefaultMavenResourcesFiltering - Copying 0 resource from src\main\resources to target\classes
2024-11-26 13:41:32,631 [Worker-88: Building] INFO  o.a.m.s.f.DefaultMavenResourcesFiltering - skip non existing resourceDirectory C:\Users\Matias Mamani\Desktop\Proyecto Pino\ProyectoFabrica_PS\Backend\ProyectoFabricaPS\src\test\resources
2024-11-26 13:41:34,825 [Worker-101: Building] INFO  o.a.m.s.f.DefaultMavenResourcesFiltering - Copying 1 resource from src\main\resources to target\classes
2024-11-26 13:41:34,836 [Worker-101: Building] INFO  o.a.m.s.f.DefaultMavenResourcesFiltering - Copying 0 resource from src\main\resources to target\classes
2024-11-26 13:41:34,843 [Worker-101: Building] INFO  o.a.m.s.f.DefaultMavenResourcesFiltering - skip non existing resourceDirectory C:\Users\Matias Mamani\Desktop\Proyecto Pino\ProyectoFabrica_PS\Backend\ProyectoFabricaPS\src\test\resources
2024-11-26 13:41:37,665 [Worker-78: Building] INFO  o.a.m.s.f.DefaultMavenResourcesFiltering - Copying 1 resource from src\main\resources to target\classes
2024-11-26 13:41:37,680 [Worker-78: Building] INFO  o.a.m.s.f.DefaultMavenResourcesFiltering - Copying 0 resource from src\main\resources to target\classes
2024-11-26 13:41:37,686 [Worker-78: Building] INFO  o.a.m.s.f.DefaultMavenResourcesFiltering - skip non existing resourceDirectory C:\Users\Matias Mamani\Desktop\Proyecto Pino\ProyectoFabrica_PS\Backend\ProyectoFabricaPS\src\test\resources
2024-11-26 13:41:39,858 [Worker-104: Building] INFO  o.a.m.s.f.DefaultMavenResourcesFiltering - Copying 1 resource from src\main\resources to target\classes
2024-11-26 13:41:39,871 [Worker-104: Building] INFO  o.a.m.s.f.DefaultMavenResourcesFiltering - Copying 0 resource from src\main\resources to target\classes
2024-11-26 13:41:39,876 [Worker-104: Building] INFO  o.a.m.s.f.DefaultMavenResourcesFiltering - skip non existing resourceDirectory C:\Users\Matias Mamani\Desktop\Proyecto Pino\ProyectoFabrica_PS\Backend\ProyectoFabricaPS\src\test\resources
2024-11-26 13:41:42,048 [Worker-78: Building] INFO  o.a.m.s.f.DefaultMavenResourcesFiltering - Copying 1 resource from src\main\resources to target\classes
2024-11-26 13:41:42,059 [Worker-78: Building] INFO  o.a.m.s.f.DefaultMavenResourcesFiltering - Copying 0 resource from src\main\resources to target\classes
2024-11-26 13:41:42,065 [Worker-78: Building] INFO  o.a.m.s.f.DefaultMavenResourcesFiltering - skip non existing resourceDirectory C:\Users\Matias Mamani\Desktop\Proyecto Pino\ProyectoFabrica_PS\Backend\ProyectoFabricaPS\src\test\resources
2024-11-26 13:42:07,284 [Worker-104: Building] INFO  o.a.m.s.f.DefaultMavenResourcesFiltering - Copying 1 resource from src\main\resources to target\classes
2024-11-26 13:42:07,297 [Worker-104: Building] INFO  o.a.m.s.f.DefaultMavenResourcesFiltering - Copying 0 resource from src\main\resources to target\classes
2024-11-26 13:42:07,302 [Worker-104: Building] INFO  o.a.m.s.f.DefaultMavenResourcesFiltering - skip non existing resourceDirectory C:\Users\Matias Mamani\Desktop\Proyecto Pino\ProyectoFabrica_PS\Backend\ProyectoFabricaPS\src\test\resources
2024-11-26 13:42:11,283 [Worker-103: Building] INFO  o.a.m.s.f.DefaultMavenResourcesFiltering - Copying 1 resource from src\main\resources to target\classes
2024-11-26 13:42:11,296 [Worker-103: Building] INFO  o.a.m.s.f.DefaultMavenResourcesFiltering - Copying 0 resource from src\main\resources to target\classes
2024-11-26 13:42:11,300 [Worker-103: Building] INFO  o.a.m.s.f.DefaultMavenResourcesFiltering - skip non existing resourceDirectory C:\Users\Matias Mamani\Desktop\Proyecto Pino\ProyectoFabrica_PS\Backend\ProyectoFabricaPS\src\test\resources
2024-11-26 13:42:47,676 [Worker-104: Building] INFO  o.a.m.s.f.DefaultMavenResourcesFiltering - Copying 1 resource from src\main\resources to target\classes
2024-11-26 13:42:47,687 [Worker-104: Building] INFO  o.a.m.s.f.DefaultMavenResourcesFiltering - Copying 0 resource from src\main\resources to target\classes
2024-11-26 13:42:47,691 [Worker-104: Building] INFO  o.a.m.s.f.DefaultMavenResourcesFiltering - skip non existing resourceDirectory C:\Users\Matias Mamani\Desktop\Proyecto Pino\ProyectoFabrica_PS\Backend\ProyectoFabricaPS\src\test\resources
2024-11-26 13:42:49,819 [Worker-100: Building] INFO  o.a.m.s.f.DefaultMavenResourcesFiltering - Copying 1 resource from src\main\resources to target\classes
2024-11-26 13:42:49,837 [Worker-100: Building] INFO  o.a.m.s.f.DefaultMavenResourcesFiltering - Copying 0 resource from src\main\resources to target\classes
2024-11-26 13:42:49,843 [Worker-100: Building] INFO  o.a.m.s.f.DefaultMavenResourcesFiltering - skip non existing resourceDirectory C:\Users\Matias Mamani\Desktop\Proyecto Pino\ProyectoFabrica_PS\Backend\ProyectoFabricaPS\src\test\resources
2024-11-26 13:43:14,371 [Worker-88: Building] INFO  o.a.m.s.f.DefaultMavenResourcesFiltering - Copying 1 resource from src\main\resources to target\classes
2024-11-26 13:43:14,381 [Worker-88: Building] INFO  o.a.m.s.f.DefaultMavenResourcesFiltering - Copying 0 resource from src\main\resources to target\classes
2024-11-26 13:43:14,384 [Worker-88: Building] INFO  o.a.m.s.f.DefaultMavenResourcesFiltering - skip non existing resourceDirectory C:\Users\Matias Mamani\Desktop\Proyecto Pino\ProyectoFabrica_PS\Backend\ProyectoFabricaPS\src\test\resources
2024-11-26 13:46:01,082 [Worker-105: Building] INFO  o.a.m.s.f.DefaultMavenResourcesFiltering - Copying 1 resource from src\main\resources to target\classes
2024-11-26 13:46:01,100 [Worker-105: Building] INFO  o.a.m.s.f.DefaultMavenResourcesFiltering - Copying 0 resource from src\main\resources to target\classes
2024-11-26 13:46:01,107 [Worker-105: Building] INFO  o.a.m.s.f.DefaultMavenResourcesFiltering - skip non existing resourceDirectory C:\Users\Matias Mamani\Desktop\Proyecto Pino\ProyectoFabrica_PS\Backend\ProyectoFabricaPS\src\test\resources
2024-11-26 14:06:40,027 [Worker-110: Building] INFO  o.a.m.s.f.DefaultMavenResourcesFiltering - Copying 1 resource from src\main\resources to target\classes
2024-11-26 14:06:40,093 [Worker-110: Building] INFO  o.a.m.s.f.DefaultMavenResourcesFiltering - Copying 0 resource from src\main\resources to target\classes
2024-11-26 14:06:40,099 [Worker-110: Building] INFO  o.a.m.s.f.DefaultMavenResourcesFiltering - skip non existing resourceDirectory C:\Users\Matias Mamani\Desktop\Proyecto Pino\ProyectoFabrica_PS\Backend\ProyectoFabricaPS\src\test\resources
2024-11-26 14:06:58,456 [Worker-112: Building] INFO  o.a.m.s.f.DefaultMavenResourcesFiltering - Copying 1 resource from src\main\resources to target\classes
2024-11-26 14:06:58,504 [Worker-112: Building] INFO  o.a.m.s.f.DefaultMavenResourcesFiltering - Copying 0 resource from src\main\resources to target\classes
2024-11-26 14:06:58,508 [Worker-112: Building] INFO  o.a.m.s.f.DefaultMavenResourcesFiltering - skip non existing resourceDirectory C:\Users\Matias Mamani\Desktop\Proyecto Pino\ProyectoFabrica_PS\Backend\ProyectoFabricaPS\src\test\resources
2024-11-26 14:07:06,127 [Worker-109: Building] INFO  o.a.m.s.f.DefaultMavenResourcesFiltering - Copying 1 resource from src\main\resources to target\classes
2024-11-26 14:07:06,185 [Worker-109: Building] INFO  o.a.m.s.f.DefaultMavenResourcesFiltering - Copying 0 resource from src\main\resources to target\classes
2024-11-26 14:07:06,190 [Worker-109: Building] INFO  o.a.m.s.f.DefaultMavenResourcesFiltering - skip non existing resourceDirectory C:\Users\Matias Mamani\Desktop\Proyecto Pino\ProyectoFabrica_PS\Backend\ProyectoFabricaPS\src\test\resources
2024-11-26 14:07:27,714 [Worker-109: Building] INFO  o.a.m.s.f.DefaultMavenResourcesFiltering - Copying 1 resource from src\main\resources to target\classes
2024-11-26 14:07:27,742 [Worker-109: Building] INFO  o.a.m.s.f.DefaultMavenResourcesFiltering - Copying 0 resource from src\main\resources to target\classes
2024-11-26 14:07:27,748 [Worker-109: Building] INFO  o.a.m.s.f.DefaultMavenResourcesFiltering - skip non existing resourceDirectory C:\Users\Matias Mamani\Desktop\Proyecto Pino\ProyectoFabrica_PS\Backend\ProyectoFabricaPS\src\test\resources
2024-11-26 14:07:59,735 [Worker-113: Building] INFO  o.a.m.s.f.DefaultMavenResourcesFiltering - Copying 1 resource from src\main\resources to target\classes
2024-11-26 14:07:59,750 [Worker-113: Building] INFO  o.a.m.s.f.DefaultMavenResourcesFiltering - Copying 0 resource from src\main\resources to target\classes
2024-11-26 14:07:59,755 [Worker-113: Building] INFO  o.a.m.s.f.DefaultMavenResourcesFiltering - skip non existing resourceDirectory C:\Users\Matias Mamani\Desktop\Proyecto Pino\ProyectoFabrica_PS\Backend\ProyectoFabricaPS\src\test\resources
2024-11-26 14:16:14,905 [Worker-112: Building] INFO  o.a.m.s.f.DefaultMavenResourcesFiltering - Copying 1 resource from src\main\resources to target\classes
2024-11-26 14:16:14,974 [Worker-112: Building] INFO  o.a.m.s.f.DefaultMavenResourcesFiltering - Copying 0 resource from src\main\resources to target\classes
2024-11-26 14:16:14,978 [Worker-112: Building] INFO  o.a.m.s.f.DefaultMavenResourcesFiltering - skip non existing resourceDirectory C:\Users\Matias Mamani\Desktop\Proyecto Pino\ProyectoFabrica_PS\Backend\ProyectoFabricaPS\src\test\resources
2024-11-26 14:17:27,190 [Worker-120: Building] INFO  o.a.m.s.f.DefaultMavenResourcesFiltering - Copying 1 resource from src\main\resources to target\classes
2024-11-26 14:17:27,212 [Worker-120: Building] INFO  o.a.m.s.f.DefaultMavenResourcesFiltering - Copying 0 resource from src\main\resources to target\classes
2024-11-26 14:17:27,218 [Worker-120: Building] INFO  o.a.m.s.f.DefaultMavenResourcesFiltering - skip non existing resourceDirectory C:\Users\Matias Mamani\Desktop\Proyecto Pino\ProyectoFabrica_PS\Backend\ProyectoFabricaPS\src\test\resources
2024-11-26 14:17:36,899 [Worker-115: Building] INFO  o.a.m.s.f.DefaultMavenResourcesFiltering - Copying 1 resource from src\main\resources to target\classes
2024-11-26 14:17:36,916 [Worker-115: Building] INFO  o.a.m.s.f.DefaultMavenResourcesFiltering - Copying 0 resource from src\main\resources to target\classes
2024-11-26 14:17:36,919 [Worker-115: Building] INFO  o.a.m.s.f.DefaultMavenResourcesFiltering - skip non existing resourceDirectory C:\Users\Matias Mamani\Desktop\Proyecto Pino\ProyectoFabrica_PS\Backend\ProyectoFabricaPS\src\test\resources
2024-11-26 14:21:11,841 [Worker-124: Building] INFO  o.a.m.s.f.DefaultMavenResourcesFiltering - Copying 1 resource from src\main\resources to target\classes
2024-11-26 14:21:11,864 [Worker-124: Building] INFO  o.a.m.s.f.DefaultMavenResourcesFiltering - Copying 0 resource from src\main\resources to target\classes
2024-11-26 14:21:11,870 [Worker-124: Building] INFO  o.a.m.s.f.DefaultMavenResourcesFiltering - skip non existing resourceDirectory C:\Users\Matias Mamani\Desktop\Proyecto Pino\ProyectoFabrica_PS\Backend\ProyectoFabricaPS\src\test\resources
2024-11-26 14:21:21,116 [Worker-113: Launching ProyectoFabricaPS - ProyectoFabricaPsApplication] INFO  o.a.m.s.f.DefaultMavenResourcesFiltering - Copying 1 resource from src\main\resources to target\classes
2024-11-26 14:21:21,130 [Worker-113: Launching ProyectoFabricaPS - ProyectoFabricaPsApplication] INFO  o.a.m.s.f.DefaultMavenResourcesFiltering - Copying 0 resource from src\main\resources to target\classes
2024-11-26 14:21:21,137 [Worker-113: Launching ProyectoFabricaPS - ProyectoFabricaPsApplication] INFO  o.a.m.s.f.DefaultMavenResourcesFiltering - skip non existing resourceDirectory C:\Users\Matias Mamani\Desktop\Proyecto Pino\ProyectoFabrica_PS\Backend\ProyectoFabricaPS\src\test\resources
2024-11-26 14:22:27,046 [Worker-126: Building] INFO  o.a.m.s.f.DefaultMavenResourcesFiltering - Copying 1 resource from src\main\resources to target\classes
2024-11-26 14:22:27,119 [Worker-126: Building] INFO  o.a.m.s.f.DefaultMavenResourcesFiltering - Copying 0 resource from src\main\resources to target\classes
2024-11-26 14:22:27,123 [Worker-126: Building] INFO  o.a.m.s.f.DefaultMavenResourcesFiltering - skip non existing resourceDirectory C:\Users\Matias Mamani\Desktop\Proyecto Pino\ProyectoFabrica_PS\Backend\ProyectoFabricaPS\src\test\resources
2024-11-26 14:22:54,735 [Worker-124: Building] INFO  o.a.m.s.f.DefaultMavenResourcesFiltering - Copying 1 resource from src\main\resources to target\classes
2024-11-26 14:22:54,756 [Worker-124: Building] INFO  o.a.m.s.f.DefaultMavenResourcesFiltering - Copying 0 resource from src\main\resources to target\classes
2024-11-26 14:22:54,760 [Worker-124: Building] INFO  o.a.m.s.f.DefaultMavenResourcesFiltering - skip non existing resourceDirectory C:\Users\Matias Mamani\Desktop\Proyecto Pino\ProyectoFabrica_PS\Backend\ProyectoFabricaPS\src\test\resources
2024-11-26 14:23:22,811 [Worker-122: Building] INFO  o.a.m.s.f.DefaultMavenResourcesFiltering - Copying 1 resource from src\main\resources to target\classes
2024-11-26 14:23:22,827 [Worker-122: Building] INFO  o.a.m.s.f.DefaultMavenResourcesFiltering - Copying 0 resource from src\main\resources to target\classes
2024-11-26 14:23:22,839 [Worker-122: Building] INFO  o.a.m.s.f.DefaultMavenResourcesFiltering - skip non existing resourceDirectory C:\Users\Matias Mamani\Desktop\Proyecto Pino\ProyectoFabrica_PS\Backend\ProyectoFabricaPS\src\test\resources
2024-11-26 14:23:51,525 [Worker-125: Building] INFO  o.a.m.s.f.DefaultMavenResourcesFiltering - Copying 1 resource from src\main\resources to target\classes
2024-11-26 14:23:51,535 [Worker-125: Building] INFO  o.a.m.s.f.DefaultMavenResourcesFiltering - Copying 0 resource from src\main\resources to target\classes
2024-11-26 14:23:51,543 [Worker-125: Building] INFO  o.a.m.s.f.DefaultMavenResourcesFiltering - skip non existing resourceDirectory C:\Users\Matias Mamani\Desktop\Proyecto Pino\ProyectoFabrica_PS\Backend\ProyectoFabricaPS\src\test\resources
2024-11-26 14:25:28,797 [Worker-126: Building] INFO  o.a.m.s.f.DefaultMavenResourcesFiltering - Copying 1 resource from src\main\resources to target\classes
2024-11-26 14:25:28,820 [Worker-126: Building] INFO  o.a.m.s.f.DefaultMavenResourcesFiltering - Copying 0 resource from src\main\resources to target\classes
2024-11-26 14:25:28,826 [Worker-126: Building] INFO  o.a.m.s.f.DefaultMavenResourcesFiltering - skip non existing resourceDirectory C:\Users\Matias Mamani\Desktop\Proyecto Pino\ProyectoFabrica_PS\Backend\ProyectoFabricaPS\src\test\resources
2024-11-26 14:27:34,382 [Worker-131: Building] INFO  o.a.m.s.f.DefaultMavenResourcesFiltering - Copying 1 resource from src\main\resources to target\classes
2024-11-26 14:27:34,395 [Worker-131: Building] INFO  o.a.m.s.f.DefaultMavenResourcesFiltering - Copying 0 resource from src\main\resources to target\classes
2024-11-26 14:27:34,399 [Worker-131: Building] INFO  o.a.m.s.f.DefaultMavenResourcesFiltering - skip non existing resourceDirectory C:\Users\Matias Mamani\Desktop\Proyecto Pino\ProyectoFabrica_PS\Backend\ProyectoFabricaPS\src\test\resources
2024-11-26 14:38:57,078 [Worker-133: Building] INFO  o.a.m.s.f.DefaultMavenResourcesFiltering - Copying 1 resource from src\main\resources to target\classes
2024-11-26 14:38:57,109 [Worker-133: Building] INFO  o.a.m.s.f.DefaultMavenResourcesFiltering - Copying 0 resource from src\main\resources to target\classes
2024-11-26 14:38:57,113 [Worker-133: Building] INFO  o.a.m.s.f.DefaultMavenResourcesFiltering - skip non existing resourceDirectory C:\Users\Matias Mamani\Desktop\Proyecto Pino\ProyectoFabrica_PS\Backend\ProyectoFabricaPS\src\test\resources
2024-11-26 14:38:58,277 [Worker-133: Building] INFO  o.a.m.s.f.DefaultMavenResourcesFiltering - Copying 1 resource from src\main\resources to target\classes
2024-11-26 14:38:58,290 [Worker-133: Building] INFO  o.a.m.s.f.DefaultMavenResourcesFiltering - Copying 0 resource from src\main\resources to target\classes
2024-11-26 14:38:58,295 [Worker-133: Building] INFO  o.a.m.s.f.DefaultMavenResourcesFiltering - skip non existing resourceDirectory C:\Users\Matias Mamani\Desktop\Proyecto Pino\ProyectoFabrica_PS\Backend\ProyectoFabricaPS\src\test\resources
2024-11-26 14:39:18,216 [Worker-133: Building] INFO  o.a.m.s.f.DefaultMavenResourcesFiltering - Copying 1 resource from src\main\resources to target\classes
2024-11-26 14:39:18,227 [Worker-133: Building] INFO  o.a.m.s.f.DefaultMavenResourcesFiltering - Copying 0 resource from src\main\resources to target\classes
2024-11-26 14:39:18,232 [Worker-133: Building] INFO  o.a.m.s.f.DefaultMavenResourcesFiltering - skip non existing resourceDirectory C:\Users\Matias Mamani\Desktop\Proyecto Pino\ProyectoFabrica_PS\Backend\ProyectoFabricaPS\src\test\resources
2024-11-26 14:39:26,615 [Worker-137: Building] INFO  o.a.m.s.f.DefaultMavenResourcesFiltering - Copying 1 resource from src\main\resources to target\classes
2024-11-26 14:39:26,626 [Worker-137: Building] INFO  o.a.m.s.f.DefaultMavenResourcesFiltering - Copying 0 resource from src\main\resources to target\classes
2024-11-26 14:39:26,632 [Worker-137: Building] INFO  o.a.m.s.f.DefaultMavenResourcesFiltering - skip non existing resourceDirectory C:\Users\Matias Mamani\Desktop\Proyecto Pino\ProyectoFabrica_PS\Backend\ProyectoFabricaPS\src\test\resources
2024-11-26 14:39:32,641 [Worker-136: Building] INFO  o.a.m.s.f.DefaultMavenResourcesFiltering - Copying 1 resource from src\main\resources to target\classes
2024-11-26 14:39:32,654 [Worker-136: Building] INFO  o.a.m.s.f.DefaultMavenResourcesFiltering - Copying 0 resource from src\main\resources to target\classes
2024-11-26 14:39:32,659 [Worker-136: Building] INFO  o.a.m.s.f.DefaultMavenResourcesFiltering - skip non existing resourceDirectory C:\Users\Matias Mamani\Desktop\Proyecto Pino\ProyectoFabrica_PS\Backend\ProyectoFabricaPS\src\test\resources
2024-11-26 14:39:57,768 [Worker-137: Building] INFO  o.a.m.s.f.DefaultMavenResourcesFiltering - Copying 1 resource from src\main\resources to target\classes
2024-11-26 14:39:57,784 [Worker-137: Building] INFO  o.a.m.s.f.DefaultMavenResourcesFiltering - Copying 0 resource from src\main\resources to target\classes
2024-11-26 14:39:57,792 [Worker-137: Building] INFO  o.a.m.s.f.DefaultMavenResourcesFiltering - skip non existing resourceDirectory C:\Users\Matias Mamani\Desktop\Proyecto Pino\ProyectoFabrica_PS\Backend\ProyectoFabricaPS\src\test\resources
2024-11-26 14:40:00,628 [Worker-133: Building] INFO  o.a.m.s.f.DefaultMavenResourcesFiltering - Copying 1 resource from src\main\resources to target\classes
2024-11-26 14:40:00,638 [Worker-133: Building] INFO  o.a.m.s.f.DefaultMavenResourcesFiltering - Copying 0 resource from src\main\resources to target\classes
2024-11-26 14:40:00,678 [Worker-133: Building] INFO  o.a.m.s.f.DefaultMavenResourcesFiltering - skip non existing resourceDirectory C:\Users\Matias Mamani\Desktop\Proyecto Pino\ProyectoFabrica_PS\Backend\ProyectoFabricaPS\src\test\resources
2024-11-26 14:40:17,588 [Worker-135: Building] INFO  o.a.m.s.f.DefaultMavenResourcesFiltering - Copying 1 resource from src\main\resources to target\classes
2024-11-26 14:40:17,599 [Worker-135: Building] INFO  o.a.m.s.f.DefaultMavenResourcesFiltering - Copying 0 resource from src\main\resources to target\classes
2024-11-26 14:40:17,603 [Worker-135: Building] INFO  o.a.m.s.f.DefaultMavenResourcesFiltering - skip non existing resourceDirectory C:\Users\Matias Mamani\Desktop\Proyecto Pino\ProyectoFabrica_PS\Backend\ProyectoFabricaPS\src\test\resources
2024-11-26 14:40:34,683 [Worker-134: Building] INFO  o.a.m.s.f.DefaultMavenResourcesFiltering - Copying 1 resource from src\main\resources to target\classes
2024-11-26 14:40:34,707 [Worker-134: Building] INFO  o.a.m.s.f.DefaultMavenResourcesFiltering - Copying 0 resource from src\main\resources to target\classes
2024-11-26 14:40:34,714 [Worker-134: Building] INFO  o.a.m.s.f.DefaultMavenResourcesFiltering - skip non existing resourceDirectory C:\Users\Matias Mamani\Desktop\Proyecto Pino\ProyectoFabrica_PS\Backend\ProyectoFabricaPS\src\test\resources
2024-11-26 14:40:42,520 [Worker-136: Building] INFO  o.a.m.s.f.DefaultMavenResourcesFiltering - Copying 1 resource from src\main\resources to target\classes
2024-11-26 14:40:42,534 [Worker-136: Building] INFO  o.a.m.s.f.DefaultMavenResourcesFiltering - Copying 0 resource from src\main\resources to target\classes
2024-11-26 14:40:42,541 [Worker-136: Building] INFO  o.a.m.s.f.DefaultMavenResourcesFiltering - skip non existing resourceDirectory C:\Users\Matias Mamani\Desktop\Proyecto Pino\ProyectoFabrica_PS\Backend\ProyectoFabricaPS\src\test\resources
2024-11-26 14:40:47,246 [Worker-137: Building] INFO  o.a.m.s.f.DefaultMavenResourcesFiltering - Copying 1 resource from src\main\resources to target\classes
2024-11-26 14:40:47,260 [Worker-137: Building] INFO  o.a.m.s.f.DefaultMavenResourcesFiltering - Copying 0 resource from src\main\resources to target\classes
2024-11-26 14:40:47,267 [Worker-137: Building] INFO  o.a.m.s.f.DefaultMavenResourcesFiltering - skip non existing resourceDirectory C:\Users\Matias Mamani\Desktop\Proyecto Pino\ProyectoFabrica_PS\Backend\ProyectoFabricaPS\src\test\resources
2024-11-26 14:41:01,325 [Worker-133: Building] INFO  o.a.m.s.f.DefaultMavenResourcesFiltering - Copying 1 resource from src\main\resources to target\classes
2024-11-26 14:41:01,351 [Worker-133: Building] INFO  o.a.m.s.f.DefaultMavenResourcesFiltering - Copying 0 resource from src\main\resources to target\classes
2024-11-26 14:41:01,360 [Worker-133: Building] INFO  o.a.m.s.f.DefaultMavenResourcesFiltering - skip non existing resourceDirectory C:\Users\Matias Mamani\Desktop\Proyecto Pino\ProyectoFabrica_PS\Backend\ProyectoFabricaPS\src\test\resources
2024-11-26 14:41:03,955 [Worker-133: Building] INFO  o.a.m.s.f.DefaultMavenResourcesFiltering - Copying 1 resource from src\main\resources to target\classes
2024-11-26 14:41:03,965 [Worker-133: Building] INFO  o.a.m.s.f.DefaultMavenResourcesFiltering - Copying 0 resource from src\main\resources to target\classes
2024-11-26 14:41:03,968 [Worker-133: Building] INFO  o.a.m.s.f.DefaultMavenResourcesFiltering - skip non existing resourceDirectory C:\Users\Matias Mamani\Desktop\Proyecto Pino\ProyectoFabrica_PS\Backend\ProyectoFabricaPS\src\test\resources
2024-11-26 14:41:06,151 [Worker-136: Building] INFO  o.a.m.s.f.DefaultMavenResourcesFiltering - Copying 1 resource from src\main\resources to target\classes
2024-11-26 14:41:06,162 [Worker-136: Building] INFO  o.a.m.s.f.DefaultMavenResourcesFiltering - Copying 0 resource from src\main\resources to target\classes
2024-11-26 14:41:06,168 [Worker-136: Building] INFO  o.a.m.s.f.DefaultMavenResourcesFiltering - skip non existing resourceDirectory C:\Users\Matias Mamani\Desktop\Proyecto Pino\ProyectoFabrica_PS\Backend\ProyectoFabricaPS\src\test\resources
2024-11-26 14:41:25,050 [Worker-134: Building] INFO  o.a.m.s.f.DefaultMavenResourcesFiltering - Copying 1 resource from src\main\resources to target\classes
2024-11-26 14:41:25,061 [Worker-134: Building] INFO  o.a.m.s.f.DefaultMavenResourcesFiltering - Copying 0 resource from src\main\resources to target\classes
2024-11-26 14:41:25,067 [Worker-134: Building] INFO  o.a.m.s.f.DefaultMavenResourcesFiltering - skip non existing resourceDirectory C:\Users\Matias Mamani\Desktop\Proyecto Pino\ProyectoFabrica_PS\Backend\ProyectoFabricaPS\src\test\resources
2024-11-26 14:41:48,608 [Worker-137: Building] INFO  o.a.m.s.f.DefaultMavenResourcesFiltering - Copying 1 resource from src\main\resources to target\classes
2024-11-26 14:41:48,621 [Worker-137: Building] INFO  o.a.m.s.f.DefaultMavenResourcesFiltering - Copying 0 resource from src\main\resources to target\classes
2024-11-26 14:41:48,627 [Worker-137: Building] INFO  o.a.m.s.f.DefaultMavenResourcesFiltering - skip non existing resourceDirectory C:\Users\Matias Mamani\Desktop\Proyecto Pino\ProyectoFabrica_PS\Backend\ProyectoFabricaPS\src\test\resources
2024-11-26 14:41:51,820 [Worker-136: Building] INFO  o.a.m.s.f.DefaultMavenResourcesFiltering - Copying 1 resource from src\main\resources to target\classes
2024-11-26 14:41:51,832 [Worker-136: Building] INFO  o.a.m.s.f.DefaultMavenResourcesFiltering - Copying 0 resource from src\main\resources to target\classes
2024-11-26 14:41:51,837 [Worker-136: Building] INFO  o.a.m.s.f.DefaultMavenResourcesFiltering - skip non existing resourceDirectory C:\Users\Matias Mamani\Desktop\Proyecto Pino\ProyectoFabrica_PS\Backend\ProyectoFabricaPS\src\test\resources
2024-11-26 14:41:59,498 [Worker-135: Building] INFO  o.a.m.s.f.DefaultMavenResourcesFiltering - Copying 1 resource from src\main\resources to target\classes
2024-11-26 14:41:59,509 [Worker-135: Building] INFO  o.a.m.s.f.DefaultMavenResourcesFiltering - Copying 0 resource from src\main\resources to target\classes
2024-11-26 14:41:59,515 [Worker-135: Building] INFO  o.a.m.s.f.DefaultMavenResourcesFiltering - skip non existing resourceDirectory C:\Users\Matias Mamani\Desktop\Proyecto Pino\ProyectoFabrica_PS\Backend\ProyectoFabricaPS\src\test\resources
2024-11-26 14:42:03,560 [Worker-132: Building] INFO  o.a.m.s.f.DefaultMavenResourcesFiltering - Copying 1 resource from src\main\resources to target\classes
2024-11-26 14:42:03,574 [Worker-132: Building] INFO  o.a.m.s.f.DefaultMavenResourcesFiltering - Copying 0 resource from src\main\resources to target\classes
2024-11-26 14:42:03,579 [Worker-132: Building] INFO  o.a.m.s.f.DefaultMavenResourcesFiltering - skip non existing resourceDirectory C:\Users\Matias Mamani\Desktop\Proyecto Pino\ProyectoFabrica_PS\Backend\ProyectoFabricaPS\src\test\resources
2024-11-26 14:46:36,005 [Worker-135: Building] INFO  o.a.m.s.f.DefaultMavenResourcesFiltering - Copying 1 resource from src\main\resources to target\classes
2024-11-26 14:46:36,020 [Worker-135: Building] INFO  o.a.m.s.f.DefaultMavenResourcesFiltering - Copying 0 resource from src\main\resources to target\classes
2024-11-26 14:46:36,025 [Worker-135: Building] INFO  o.a.m.s.f.DefaultMavenResourcesFiltering - skip non existing resourceDirectory C:\Users\Matias Mamani\Desktop\Proyecto Pino\ProyectoFabrica_PS\Backend\ProyectoFabricaPS\src\test\resources
2024-11-26 14:46:48,003 [Worker-143: Building] INFO  o.a.m.s.f.DefaultMavenResourcesFiltering - Copying 1 resource from src\main\resources to target\classes
2024-11-26 14:46:48,015 [Worker-143: Building] INFO  o.a.m.s.f.DefaultMavenResourcesFiltering - Copying 0 resource from src\main\resources to target\classes
2024-11-26 14:46:48,020 [Worker-143: Building] INFO  o.a.m.s.f.DefaultMavenResourcesFiltering - skip non existing resourceDirectory C:\Users\Matias Mamani\Desktop\Proyecto Pino\ProyectoFabrica_PS\Backend\ProyectoFabricaPS\src\test\resources
2024-11-26 14:49:39,303 [Worker-144: Building] INFO  o.e.m.c.i.l.LifecycleMappingFactory - Using org.eclipse.m2e.jdt.JarLifecycleMapping lifecycle mapping for MavenProject: com.proyecto.fabrica.ps:ProyectoFabricaPS:0.0.1-SNAPSHOT @ C:\Users\Matias Mamani\Desktop\Proyecto Pino\ProyectoFabrica_PS\Backend\ProyectoFabricaPS\pom.xml.
2024-11-26 14:49:42,544 [Worker-144: Building] INFO  o.a.m.s.f.DefaultMavenResourcesFiltering - Copying 0 resource from src\main\resources to target\classes
2024-11-26 14:49:42,546 [Worker-144: Building] INFO  o.a.m.s.f.DefaultMavenResourcesFiltering - Copying 0 resource from src\main\resources to target\classes
2024-11-26 14:49:42,554 [Worker-144: Building] INFO  o.a.m.s.f.DefaultMavenResourcesFiltering - skip non existing resourceDirectory C:\Users\Matias Mamani\Desktop\Proyecto Pino\ProyectoFabrica_PS\Backend\ProyectoFabricaPS\src\test\resources
2024-11-26 14:49:44,362 [Worker-144: Building] INFO  o.e.m.c.i.l.LifecycleMappingFactory - Using org.eclipse.m2e.jdt.JarLifecycleMapping lifecycle mapping for MavenProject: com.proyecto.fabrica.ps:ProyectoFabricaPS:0.0.1-SNAPSHOT @ C:\Users\Matias Mamani\Desktop\Proyecto Pino\ProyectoFabrica_PS\Backend\ProyectoFabricaPS\pom.xml.
2024-11-26 14:49:45,607 [Worker-144: Building] INFO  o.a.m.s.f.DefaultMavenResourcesFiltering - Copying 0 resource from src\main\resources to target\classes
2024-11-26 14:49:45,608 [Worker-144: Building] INFO  o.a.m.s.f.DefaultMavenResourcesFiltering - Copying 0 resource from src\main\resources to target\classes
2024-11-26 14:49:45,616 [Worker-144: Building] INFO  o.a.m.s.f.DefaultMavenResourcesFiltering - skip non existing resourceDirectory C:\Users\Matias Mamani\Desktop\Proyecto Pino\ProyectoFabrica_PS\Backend\ProyectoFabricaPS\src\test\resources
2024-11-26 14:49:54,619 [Worker-146: Building] INFO  o.a.m.s.f.DefaultMavenResourcesFiltering - Copying 1 resource from src\main\resources to target\classes
2024-11-26 14:49:54,642 [Worker-146: Building] INFO  o.a.m.s.f.DefaultMavenResourcesFiltering - Copying 0 resource from src\main\resources to target\classes
2024-11-26 14:49:54,647 [Worker-146: Building] INFO  o.a.m.s.f.DefaultMavenResourcesFiltering - skip non existing resourceDirectory C:\Users\Matias Mamani\Desktop\Proyecto Pino\ProyectoFabrica_PS\Backend\ProyectoFabricaPS\src\test\resources
2024-11-26 14:50:04,976 [Worker-146: Building] INFO  o.a.m.s.f.DefaultMavenResourcesFiltering - Copying 1 resource from src\main\resources to target\classes
2024-11-26 14:50:04,987 [Worker-146: Building] INFO  o.a.m.s.f.DefaultMavenResourcesFiltering - Copying 0 resource from src\main\resources to target\classes
2024-11-26 14:50:04,992 [Worker-146: Building] INFO  o.a.m.s.f.DefaultMavenResourcesFiltering - skip non existing resourceDirectory C:\Users\Matias Mamani\Desktop\Proyecto Pino\ProyectoFabrica_PS\Backend\ProyectoFabricaPS\src\test\resources
2024-11-26 14:50:38,030 [Worker-146: Building] INFO  o.a.m.s.f.DefaultMavenResourcesFiltering - Copying 1 resource from src\main\resources to target\classes
2024-11-26 14:50:38,046 [Worker-146: Building] INFO  o.a.m.s.f.DefaultMavenResourcesFiltering - Copying 0 resource from src\main\resources to target\classes
2024-11-26 14:50:38,051 [Worker-146: Building] INFO  o.a.m.s.f.DefaultMavenResourcesFiltering - skip non existing resourceDirectory C:\Users\Matias Mamani\Desktop\Proyecto Pino\ProyectoFabrica_PS\Backend\ProyectoFabricaPS\src\test\resources
2024-11-26 14:51:01,414 [Worker-146: Updating Maven Project] INFO  o.e.m.c.i.p.ProjectConfigurationManager - Update started
2024-11-26 14:51:02,112 [Worker-146: Updating Maven Project] INFO  o.e.m.c.i.l.LifecycleMappingFactory - Using org.eclipse.m2e.jdt.JarLifecycleMapping lifecycle mapping for MavenProject: com.proyecto.fabrica.ps:ProyectoFabricaPS:0.0.1-SNAPSHOT @ C:\Users\Matias Mamani\Desktop\Proyecto Pino\ProyectoFabrica_PS\Backend\ProyectoFabricaPS\pom.xml.
2024-11-26 14:51:03,618 [Worker-146: Updating Maven Project] INFO  o.e.m.j.i.AbstractJavaProjectConfigurator - Adding source folder /ProyectoFabricaPS/src/main/java
2024-11-26 14:51:03,622 [Worker-146: Updating Maven Project] INFO  o.e.m.j.i.AbstractJavaProjectConfigurator - Adding resource folder /ProyectoFabricaPS/src/main/resources
2024-11-26 14:51:03,624 [Worker-146: Updating Maven Project] INFO  o.e.m.j.i.AbstractJavaProjectConfigurator - Adding resource folder /ProyectoFabricaPS/src/main/resources
2024-11-26 14:51:03,626 [Worker-146: Updating Maven Project] INFO  o.e.m.j.i.AbstractJavaProjectConfigurator - Adding source folder /ProyectoFabricaPS/src/test/java
2024-11-26 14:51:03,629 [Worker-146: Updating Maven Project] INFO  o.e.m.j.i.AbstractJavaProjectConfigurator - Adding resource folder /ProyectoFabricaPS/src/test/resources
2024-11-26 14:51:04,676 [Worker-146: Updating Maven Project] INFO  o.e.m.c.i.p.ProjectConfigurationManager - Update completed for 1 poms: local refresh takes 0.00 sec, refresh facades takes 1.00 sec, update config takes 0.00 sec 
2024-11-26 14:51:07,440 [Worker-147: Building] INFO  o.a.m.s.f.DefaultMavenResourcesFiltering - Copying 1 resource from src\main\resources to target\classes
2024-11-26 14:51:07,470 [Worker-147: Building] INFO  o.a.m.s.f.DefaultMavenResourcesFiltering - Copying 0 resource from src\main\resources to target\classes
2024-11-26 14:51:07,477 [Worker-147: Building] INFO  o.a.m.s.f.DefaultMavenResourcesFiltering - skip non existing resourceDirectory C:\Users\Matias Mamani\Desktop\Proyecto Pino\ProyectoFabrica_PS\Backend\ProyectoFabricaPS\src\test\resources
2024-11-26 14:51:53,556 [Worker-150: Building] INFO  o.e.m.c.i.l.LifecycleMappingFactory - Using org.eclipse.m2e.jdt.JarLifecycleMapping lifecycle mapping for MavenProject: com.proyecto.fabrica.ps:ProyectoFabricaPS:0.0.1-SNAPSHOT @ C:\Users\Matias Mamani\Desktop\Proyecto Pino\ProyectoFabrica_PS\Backend\ProyectoFabricaPS\pom.xml.
2024-11-26 14:51:57,092 [Worker-150: Building] INFO  o.e.m.c.i.e.AbstractTransferListenerAdapter - Downloaded https://repo.maven.apache.org/maven2/io/jsonwebtoken/jjwt-jackson/0.13.0/jjwt-jackson-0.13.0.pom
2024-11-26 14:51:57,099 [Worker-150: Building] WARN  o.e.m.c.i.embedder.EclipseLogger - The POM for io.jsonwebtoken:jjwt-jackson:jar:0.13.0 is missing, no dependency information available
2024-11-26 14:51:57,136 [Worker-150: Building] INFO  o.e.m.c.i.e.AbstractTransferListenerAdapter - Downloaded https://repo.maven.apache.org/maven2/io/jsonwebtoken/jjwt-impl/0.13.0/jjwt-impl-0.13.0.pom
2024-11-26 14:51:57,141 [Worker-150: Building] WARN  o.e.m.c.i.embedder.EclipseLogger - The POM for io.jsonwebtoken:jjwt-impl:jar:0.13.0 is missing, no dependency information available
2024-11-26 14:51:57,439 [Worker-150: Building] INFO  o.e.m.c.i.e.AbstractTransferListenerAdapter - Downloaded https://repo.maven.apache.org/maven2/io/jsonwebtoken/jjwt-api/0.13.0/jjwt-api-0.13.0.pom
2024-11-26 14:51:57,480 [Worker-150: Building] WARN  o.e.m.c.i.embedder.EclipseLogger - The POM for io.jsonwebtoken:jjwt-api:jar:0.13.0 is missing, no dependency information available
2024-11-26 14:51:57,885 [Worker-150: Building] INFO  o.e.m.c.i.e.AbstractTransferListenerAdapter - Downloaded https://repo.maven.apache.org/maven2/io/jsonwebtoken/jjwt-jackson/0.13.0/jjwt-jackson-0.13.0.jar
2024-11-26 14:51:58,607 [BasicRepositoryConnector-repo.maven.apache.org-0-0] INFO  o.e.m.c.i.e.AbstractTransferListenerAdapter - Downloaded https://repo.maven.apache.org/maven2/io/jsonwebtoken/jjwt-impl/0.13.0/jjwt-impl-0.13.0.jar
2024-11-26 14:51:59,069 [BasicRepositoryConnector-repo.maven.apache.org-0-1] INFO  o.e.m.c.i.e.AbstractTransferListenerAdapter - Downloaded https://repo.maven.apache.org/maven2/io/jsonwebtoken/jjwt-api/0.13.0/jjwt-api-0.13.0.jar
2024-11-26 14:51:59,557 [Worker-150: Building] INFO  o.a.m.s.f.DefaultMavenResourcesFiltering - Copying 0 resource from src\main\resources to target\classes
2024-11-26 14:51:59,558 [Worker-150: Building] INFO  o.a.m.s.f.DefaultMavenResourcesFiltering - Copying 0 resource from src\main\resources to target\classes
2024-11-26 14:51:59,564 [Worker-150: Building] INFO  o.a.m.s.f.DefaultMavenResourcesFiltering - skip non existing resourceDirectory C:\Users\Matias Mamani\Desktop\Proyecto Pino\ProyectoFabrica_PS\Backend\ProyectoFabricaPS\src\test\resources
2024-11-26 14:52:00,913 [Worker-147: Download sources and javadoc] INFO  o.e.m.c.i.e.AbstractTransferListenerAdapter - Downloaded https://repo.maven.apache.org/maven2/io/jsonwebtoken/jjwt-jackson/0.13.0/jjwt-jackson-0.13.0-sources.jar
2024-11-26 14:52:00,921 [Worker-147: Download sources and javadoc] ERROR o.e.m.j.internal.DownloadSourcesJob - Could not download sources for io.jsonwebtoken:jjwt-jackson:0.13.0
org.eclipse.core.runtime.CoreException: Could not resolve artifact io.jsonwebtoken:jjwt-jackson:jar:sources:0.13.0
	at org.eclipse.m2e.core.internal.embedder.MavenImpl.lambda$7(MavenImpl.java:540)
	at org.eclipse.m2e.core.internal.embedder.MavenExecutionContext.executeBare(MavenExecutionContext.java:458)
	at org.eclipse.m2e.core.internal.embedder.MavenExecutionContext.execute(MavenExecutionContext.java:292)
	at org.eclipse.m2e.core.internal.embedder.MavenExecutionContext.execute(MavenExecutionContext.java:278)
	at org.eclipse.m2e.core.internal.embedder.MavenImpl.resolve(MavenImpl.java:509)
	at org.eclipse.m2e.core.internal.embedder.MavenImpl.resolve(MavenImpl.java:494)
	at org.eclipse.m2e.jdt.internal.DownloadSourcesJob.download(DownloadSourcesJob.java:308)
	at org.eclipse.m2e.jdt.internal.DownloadSourcesJob.downloadAttachments(DownloadSourcesJob.java:282)
	at org.eclipse.m2e.jdt.internal.DownloadSourcesJob.downloadMaven(DownloadSourcesJob.java:252)
	at org.eclipse.m2e.jdt.internal.DownloadSourcesJob.downloadFilesAndPopulateToUpdate(DownloadSourcesJob.java:220)
	at org.eclipse.m2e.jdt.internal.DownloadSourcesJob.lambda$0(DownloadSourcesJob.java:149)
	at org.eclipse.m2e.core.internal.embedder.MavenExecutionContext.executeBare(MavenExecutionContext.java:458)
	at org.eclipse.m2e.core.internal.embedder.MavenExecutionContext.execute(MavenExecutionContext.java:339)
	at org.eclipse.m2e.core.internal.embedder.MavenExecutionContext.execute(MavenExecutionContext.java:278)
	at org.eclipse.m2e.core.embedder.IMaven.execute(IMaven.java:300)
	at org.eclipse.m2e.jdt.internal.DownloadSourcesJob.run(DownloadSourcesJob.java:149)
	at org.eclipse.core.internal.jobs.Worker.run(Worker.java:63)
2024-11-26 14:52:01,462 [Worker-147: Download sources and javadoc] INFO  o.e.m.c.i.e.AbstractTransferListenerAdapter - Downloaded https://repo.maven.apache.org/maven2/io/jsonwebtoken/jjwt-impl/0.13.0/jjwt-impl-0.13.0-sources.jar
2024-11-26 14:52:01,470 [Worker-147: Download sources and javadoc] ERROR o.e.m.j.internal.DownloadSourcesJob - Could not download sources for io.jsonwebtoken:jjwt-impl:0.13.0
org.eclipse.core.runtime.CoreException: Could not resolve artifact io.jsonwebtoken:jjwt-impl:jar:sources:0.13.0
	at org.eclipse.m2e.core.internal.embedder.MavenImpl.lambda$7(MavenImpl.java:540)
	at org.eclipse.m2e.core.internal.embedder.MavenExecutionContext.executeBare(MavenExecutionContext.java:458)
	at org.eclipse.m2e.core.internal.embedder.MavenExecutionContext.execute(MavenExecutionContext.java:292)
	at org.eclipse.m2e.core.internal.embedder.MavenExecutionContext.execute(MavenExecutionContext.java:278)
	at org.eclipse.m2e.core.internal.embedder.MavenImpl.resolve(MavenImpl.java:509)
	at org.eclipse.m2e.core.internal.embedder.MavenImpl.resolve(MavenImpl.java:494)
	at org.eclipse.m2e.jdt.internal.DownloadSourcesJob.download(DownloadSourcesJob.java:308)
	at org.eclipse.m2e.jdt.internal.DownloadSourcesJob.downloadAttachments(DownloadSourcesJob.java:282)
	at org.eclipse.m2e.jdt.internal.DownloadSourcesJob.downloadMaven(DownloadSourcesJob.java:252)
	at org.eclipse.m2e.jdt.internal.DownloadSourcesJob.downloadFilesAndPopulateToUpdate(DownloadSourcesJob.java:220)
	at org.eclipse.m2e.jdt.internal.DownloadSourcesJob.lambda$0(DownloadSourcesJob.java:149)
	at org.eclipse.m2e.core.internal.embedder.MavenExecutionContext.executeBare(MavenExecutionContext.java:458)
	at org.eclipse.m2e.core.internal.embedder.MavenExecutionContext.execute(MavenExecutionContext.java:339)
	at org.eclipse.m2e.core.internal.embedder.MavenExecutionContext.execute(MavenExecutionContext.java:278)
	at org.eclipse.m2e.core.embedder.IMaven.execute(IMaven.java:300)
	at org.eclipse.m2e.jdt.internal.DownloadSourcesJob.run(DownloadSourcesJob.java:149)
	at org.eclipse.core.internal.jobs.Worker.run(Worker.java:63)
2024-11-26 14:52:02,002 [Worker-147: Download sources and javadoc] INFO  o.e.m.c.i.e.AbstractTransferListenerAdapter - Downloaded https://repo.maven.apache.org/maven2/io/jsonwebtoken/jjwt-api/0.13.0/jjwt-api-0.13.0-sources.jar
2024-11-26 14:52:02,009 [Worker-147: Download sources and javadoc] ERROR o.e.m.j.internal.DownloadSourcesJob - Could not download sources for io.jsonwebtoken:jjwt-api:0.13.0
org.eclipse.core.runtime.CoreException: Could not resolve artifact io.jsonwebtoken:jjwt-api:jar:sources:0.13.0
	at org.eclipse.m2e.core.internal.embedder.MavenImpl.lambda$7(MavenImpl.java:540)
	at org.eclipse.m2e.core.internal.embedder.MavenExecutionContext.executeBare(MavenExecutionContext.java:458)
	at org.eclipse.m2e.core.internal.embedder.MavenExecutionContext.execute(MavenExecutionContext.java:292)
	at org.eclipse.m2e.core.internal.embedder.MavenExecutionContext.execute(MavenExecutionContext.java:278)
	at org.eclipse.m2e.core.internal.embedder.MavenImpl.resolve(MavenImpl.java:509)
	at org.eclipse.m2e.core.internal.embedder.MavenImpl.resolve(MavenImpl.java:494)
	at org.eclipse.m2e.jdt.internal.DownloadSourcesJob.download(DownloadSourcesJob.java:308)
	at org.eclipse.m2e.jdt.internal.DownloadSourcesJob.downloadAttachments(DownloadSourcesJob.java:282)
	at org.eclipse.m2e.jdt.internal.DownloadSourcesJob.downloadMaven(DownloadSourcesJob.java:252)
	at org.eclipse.m2e.jdt.internal.DownloadSourcesJob.downloadFilesAndPopulateToUpdate(DownloadSourcesJob.java:220)
	at org.eclipse.m2e.jdt.internal.DownloadSourcesJob.lambda$0(DownloadSourcesJob.java:149)
	at org.eclipse.m2e.core.internal.embedder.MavenExecutionContext.executeBare(MavenExecutionContext.java:458)
	at org.eclipse.m2e.core.internal.embedder.MavenExecutionContext.execute(MavenExecutionContext.java:339)
	at org.eclipse.m2e.core.internal.embedder.MavenExecutionContext.execute(MavenExecutionContext.java:278)
	at org.eclipse.m2e.core.embedder.IMaven.execute(IMaven.java:300)
	at org.eclipse.m2e.jdt.internal.DownloadSourcesJob.run(DownloadSourcesJob.java:149)
	at org.eclipse.core.internal.jobs.Worker.run(Worker.java:63)
2024-11-26 14:52:03,592 [Worker-143: Updating Maven Project] INFO  o.e.m.c.i.p.ProjectConfigurationManager - Update started
2024-11-26 14:52:04,399 [Worker-143: Updating Maven Project] INFO  o.e.m.c.i.l.LifecycleMappingFactory - Using org.eclipse.m2e.jdt.JarLifecycleMapping lifecycle mapping for MavenProject: com.proyecto.fabrica.ps:ProyectoFabricaPS:0.0.1-SNAPSHOT @ C:\Users\Matias Mamani\Desktop\Proyecto Pino\ProyectoFabrica_PS\Backend\ProyectoFabricaPS\pom.xml.
2024-11-26 14:52:04,785 [Worker-143: Updating Maven Project] WARN  o.e.m.c.i.embedder.EclipseLogger - The POM for io.jsonwebtoken:jjwt-jackson:jar:0.13.0 is missing, no dependency information available
2024-11-26 14:52:04,788 [Worker-143: Updating Maven Project] WARN  o.e.m.c.i.embedder.EclipseLogger - The POM for io.jsonwebtoken:jjwt-impl:jar:0.13.0 is missing, no dependency information available
2024-11-26 14:52:04,791 [Worker-143: Updating Maven Project] WARN  o.e.m.c.i.embedder.EclipseLogger - The POM for io.jsonwebtoken:jjwt-api:jar:0.13.0 is missing, no dependency information available
2024-11-26 14:52:05,356 [Worker-143: Updating Maven Project] INFO  o.e.m.j.i.AbstractJavaProjectConfigurator - Adding source folder /ProyectoFabricaPS/src/main/java
2024-11-26 14:52:05,357 [Worker-143: Updating Maven Project] INFO  o.e.m.j.i.AbstractJavaProjectConfigurator - Adding resource folder /ProyectoFabricaPS/src/main/resources
2024-11-26 14:52:05,358 [Worker-143: Updating Maven Project] INFO  o.e.m.j.i.AbstractJavaProjectConfigurator - Adding resource folder /ProyectoFabricaPS/src/main/resources
2024-11-26 14:52:05,358 [Worker-143: Updating Maven Project] INFO  o.e.m.j.i.AbstractJavaProjectConfigurator - Adding source folder /ProyectoFabricaPS/src/test/java
2024-11-26 14:52:05,359 [Worker-143: Updating Maven Project] INFO  o.e.m.j.i.AbstractJavaProjectConfigurator - Adding resource folder /ProyectoFabricaPS/src/test/resources
2024-11-26 14:52:06,167 [Worker-143: Updating Maven Project] INFO  o.e.m.c.i.p.ProjectConfigurationManager - Update completed for 1 poms: local refresh takes 0.00 sec, refresh facades takes 1.00 sec, update config takes 0.00 sec 
2024-11-26 14:52:06,677 [Worker-146: Building] INFO  o.a.m.s.f.DefaultMavenResourcesFiltering - Copying 1 resource from src\main\resources to target\classes
2024-11-26 14:52:06,704 [Worker-146: Building] INFO  o.a.m.s.f.DefaultMavenResourcesFiltering - Copying 0 resource from src\main\resources to target\classes
2024-11-26 14:52:06,711 [Worker-146: Building] INFO  o.a.m.s.f.DefaultMavenResourcesFiltering - skip non existing resourceDirectory C:\Users\Matias Mamani\Desktop\Proyecto Pino\ProyectoFabrica_PS\Backend\ProyectoFabricaPS\src\test\resources
2024-11-26 14:52:07,474 [Worker-154: Download sources and javadoc] INFO  o.e.m.c.i.e.AbstractTransferListenerAdapter - Downloaded https://repo.maven.apache.org/maven2/io/jsonwebtoken/jjwt-jackson/0.13.0/jjwt-jackson-0.13.0-javadoc.jar
2024-11-26 14:52:07,481 [Worker-154: Download sources and javadoc] ERROR o.e.m.j.internal.DownloadSourcesJob - Could not download javadoc for io.jsonwebtoken:jjwt-jackson:0.13.0
org.eclipse.core.runtime.CoreException: Could not resolve artifact io.jsonwebtoken:jjwt-jackson:jar:javadoc:0.13.0
	at org.eclipse.m2e.core.internal.embedder.MavenImpl.lambda$7(MavenImpl.java:540)
	at org.eclipse.m2e.core.internal.embedder.MavenExecutionContext.executeBare(MavenExecutionContext.java:458)
	at org.eclipse.m2e.core.internal.embedder.MavenExecutionContext.execute(MavenExecutionContext.java:292)
	at org.eclipse.m2e.core.internal.embedder.MavenExecutionContext.execute(MavenExecutionContext.java:278)
	at org.eclipse.m2e.core.internal.embedder.MavenImpl.resolve(MavenImpl.java:509)
	at org.eclipse.m2e.core.internal.embedder.MavenImpl.resolve(MavenImpl.java:494)
	at org.eclipse.m2e.jdt.internal.DownloadSourcesJob.download(DownloadSourcesJob.java:308)
	at org.eclipse.m2e.jdt.internal.DownloadSourcesJob.downloadAttachments(DownloadSourcesJob.java:294)
	at org.eclipse.m2e.jdt.internal.DownloadSourcesJob.downloadMaven(DownloadSourcesJob.java:252)
	at org.eclipse.m2e.jdt.internal.DownloadSourcesJob.downloadFilesAndPopulateToUpdate(DownloadSourcesJob.java:220)
	at org.eclipse.m2e.jdt.internal.DownloadSourcesJob.lambda$0(DownloadSourcesJob.java:149)
	at org.eclipse.m2e.core.internal.embedder.MavenExecutionContext.executeBare(MavenExecutionContext.java:458)
	at org.eclipse.m2e.core.internal.embedder.MavenExecutionContext.execute(MavenExecutionContext.java:339)
	at org.eclipse.m2e.core.internal.embedder.MavenExecutionContext.execute(MavenExecutionContext.java:278)
	at org.eclipse.m2e.core.embedder.IMaven.execute(IMaven.java:300)
	at org.eclipse.m2e.jdt.internal.DownloadSourcesJob.run(DownloadSourcesJob.java:149)
	at org.eclipse.core.internal.jobs.Worker.run(Worker.java:63)
2024-11-26 14:52:08,946 [Worker-154: Download sources and javadoc] INFO  o.e.m.c.i.e.AbstractTransferListenerAdapter - Downloaded https://repo.maven.apache.org/maven2/io/jsonwebtoken/jjwt-impl/0.13.0/jjwt-impl-0.13.0-javadoc.jar
2024-11-26 14:52:08,952 [Worker-154: Download sources and javadoc] ERROR o.e.m.j.internal.DownloadSourcesJob - Could not download javadoc for io.jsonwebtoken:jjwt-impl:0.13.0
org.eclipse.core.runtime.CoreException: Could not resolve artifact io.jsonwebtoken:jjwt-impl:jar:javadoc:0.13.0
	at org.eclipse.m2e.core.internal.embedder.MavenImpl.lambda$7(MavenImpl.java:540)
	at org.eclipse.m2e.core.internal.embedder.MavenExecutionContext.executeBare(MavenExecutionContext.java:458)
	at org.eclipse.m2e.core.internal.embedder.MavenExecutionContext.execute(MavenExecutionContext.java:292)
	at org.eclipse.m2e.core.internal.embedder.MavenExecutionContext.execute(MavenExecutionContext.java:278)
	at org.eclipse.m2e.core.internal.embedder.MavenImpl.resolve(MavenImpl.java:509)
	at org.eclipse.m2e.core.internal.embedder.MavenImpl.resolve(MavenImpl.java:494)
	at org.eclipse.m2e.jdt.internal.DownloadSourcesJob.download(DownloadSourcesJob.java:308)
	at org.eclipse.m2e.jdt.internal.DownloadSourcesJob.downloadAttachments(DownloadSourcesJob.java:294)
	at org.eclipse.m2e.jdt.internal.DownloadSourcesJob.downloadMaven(DownloadSourcesJob.java:252)
	at org.eclipse.m2e.jdt.internal.DownloadSourcesJob.downloadFilesAndPopulateToUpdate(DownloadSourcesJob.java:220)
	at org.eclipse.m2e.jdt.internal.DownloadSourcesJob.lambda$0(DownloadSourcesJob.java:149)
	at org.eclipse.m2e.core.internal.embedder.MavenExecutionContext.executeBare(MavenExecutionContext.java:458)
	at org.eclipse.m2e.core.internal.embedder.MavenExecutionContext.execute(MavenExecutionContext.java:339)
	at org.eclipse.m2e.core.internal.embedder.MavenExecutionContext.execute(MavenExecutionContext.java:278)
	at org.eclipse.m2e.core.embedder.IMaven.execute(IMaven.java:300)
	at org.eclipse.m2e.jdt.internal.DownloadSourcesJob.run(DownloadSourcesJob.java:149)
	at org.eclipse.core.internal.jobs.Worker.run(Worker.java:63)
2024-11-26 14:52:09,487 [Worker-154: Download sources and javadoc] INFO  o.e.m.c.i.e.AbstractTransferListenerAdapter - Downloaded https://repo.maven.apache.org/maven2/io/jsonwebtoken/jjwt-api/0.13.0/jjwt-api-0.13.0-javadoc.jar
2024-11-26 14:52:09,494 [Worker-154: Download sources and javadoc] ERROR o.e.m.j.internal.DownloadSourcesJob - Could not download javadoc for io.jsonwebtoken:jjwt-api:0.13.0
org.eclipse.core.runtime.CoreException: Could not resolve artifact io.jsonwebtoken:jjwt-api:jar:javadoc:0.13.0
	at org.eclipse.m2e.core.internal.embedder.MavenImpl.lambda$7(MavenImpl.java:540)
	at org.eclipse.m2e.core.internal.embedder.MavenExecutionContext.executeBare(MavenExecutionContext.java:458)
	at org.eclipse.m2e.core.internal.embedder.MavenExecutionContext.execute(MavenExecutionContext.java:292)
	at org.eclipse.m2e.core.internal.embedder.MavenExecutionContext.execute(MavenExecutionContext.java:278)
	at org.eclipse.m2e.core.internal.embedder.MavenImpl.resolve(MavenImpl.java:509)
	at org.eclipse.m2e.core.internal.embedder.MavenImpl.resolve(MavenImpl.java:494)
	at org.eclipse.m2e.jdt.internal.DownloadSourcesJob.download(DownloadSourcesJob.java:308)
	at org.eclipse.m2e.jdt.internal.DownloadSourcesJob.downloadAttachments(DownloadSourcesJob.java:294)
	at org.eclipse.m2e.jdt.internal.DownloadSourcesJob.downloadMaven(DownloadSourcesJob.java:252)
	at org.eclipse.m2e.jdt.internal.DownloadSourcesJob.downloadFilesAndPopulateToUpdate(DownloadSourcesJob.java:220)
	at org.eclipse.m2e.jdt.internal.DownloadSourcesJob.lambda$0(DownloadSourcesJob.java:149)
	at org.eclipse.m2e.core.internal.embedder.MavenExecutionContext.executeBare(MavenExecutionContext.java:458)
	at org.eclipse.m2e.core.internal.embedder.MavenExecutionContext.execute(MavenExecutionContext.java:339)
	at org.eclipse.m2e.core.internal.embedder.MavenExecutionContext.execute(MavenExecutionContext.java:278)
	at org.eclipse.m2e.core.embedder.IMaven.execute(IMaven.java:300)
	at org.eclipse.m2e.jdt.internal.DownloadSourcesJob.run(DownloadSourcesJob.java:149)
	at org.eclipse.core.internal.jobs.Worker.run(Worker.java:63)
2024-11-26 14:52:33,592 [Worker-150: Building] INFO  o.e.m.c.i.l.LifecycleMappingFactory - Using org.eclipse.m2e.jdt.JarLifecycleMapping lifecycle mapping for MavenProject: com.proyecto.fabrica.ps:ProyectoFabricaPS:0.0.1-SNAPSHOT @ C:\Users\Matias Mamani\Desktop\Proyecto Pino\ProyectoFabrica_PS\Backend\ProyectoFabricaPS\pom.xml.
2024-11-26 14:52:34,008 [Worker-150: Building] WARN  o.e.m.c.i.embedder.EclipseLogger - The POM for io.jsonwebtoken:jjwt-jackson:jar:0.13.0 is missing, no dependency information available
2024-11-26 14:52:34,013 [Worker-150: Building] WARN  o.e.m.c.i.embedder.EclipseLogger - The POM for io.jsonwebtoken:jjwt-impl:jar:0.13.0 is missing, no dependency information available
2024-11-26 14:52:34,019 [Worker-150: Building] WARN  o.e.m.c.i.embedder.EclipseLogger - The POM for io.jsonwebtoken:jjwt-api:jar:0.13.0 is missing, no dependency information available
2024-11-26 14:52:35,014 [Worker-150: Building] INFO  o.a.m.s.f.DefaultMavenResourcesFiltering - Copying 0 resource from src\main\resources to target\classes
2024-11-26 14:52:35,016 [Worker-150: Building] INFO  o.a.m.s.f.DefaultMavenResourcesFiltering - Copying 0 resource from src\main\resources to target\classes
2024-11-26 14:52:35,023 [Worker-150: Building] INFO  o.a.m.s.f.DefaultMavenResourcesFiltering - skip non existing resourceDirectory C:\Users\Matias Mamani\Desktop\Proyecto Pino\ProyectoFabrica_PS\Backend\ProyectoFabricaPS\src\test\resources
2024-11-26 14:52:56,918 [Worker-154: Updating Maven Project] INFO  o.e.m.c.i.p.ProjectConfigurationManager - Update started
2024-11-26 14:52:57,546 [Worker-154: Updating Maven Project] INFO  o.e.m.c.i.l.LifecycleMappingFactory - Using org.eclipse.m2e.jdt.JarLifecycleMapping lifecycle mapping for MavenProject: com.proyecto.fabrica.ps:ProyectoFabricaPS:0.0.1-SNAPSHOT @ C:\Users\Matias Mamani\Desktop\Proyecto Pino\ProyectoFabrica_PS\Backend\ProyectoFabricaPS\pom.xml.
2024-11-26 14:52:57,994 [Worker-154: Updating Maven Project] WARN  o.e.m.c.i.embedder.EclipseLogger - The POM for io.jsonwebtoken:jjwt-jackson:jar:0.13.0 is missing, no dependency information available
2024-11-26 14:52:57,997 [Worker-154: Updating Maven Project] WARN  o.e.m.c.i.embedder.EclipseLogger - The POM for io.jsonwebtoken:jjwt-impl:jar:0.13.0 is missing, no dependency information available
2024-11-26 14:52:57,999 [Worker-154: Updating Maven Project] WARN  o.e.m.c.i.embedder.EclipseLogger - The POM for io.jsonwebtoken:jjwt-api:jar:0.13.0 is missing, no dependency information available
2024-11-26 14:52:58,766 [Worker-154: Updating Maven Project] INFO  o.e.m.j.i.AbstractJavaProjectConfigurator - Adding source folder /ProyectoFabricaPS/src/main/java
2024-11-26 14:52:58,767 [Worker-154: Updating Maven Project] INFO  o.e.m.j.i.AbstractJavaProjectConfigurator - Adding resource folder /ProyectoFabricaPS/src/main/resources
2024-11-26 14:52:58,768 [Worker-154: Updating Maven Project] INFO  o.e.m.j.i.AbstractJavaProjectConfigurator - Adding resource folder /ProyectoFabricaPS/src/main/resources
2024-11-26 14:52:58,769 [Worker-154: Updating Maven Project] INFO  o.e.m.j.i.AbstractJavaProjectConfigurator - Adding source folder /ProyectoFabricaPS/src/test/java
2024-11-26 14:52:58,770 [Worker-154: Updating Maven Project] INFO  o.e.m.j.i.AbstractJavaProjectConfigurator - Adding resource folder /ProyectoFabricaPS/src/test/resources
2024-11-26 14:52:59,609 [Worker-154: Updating Maven Project] INFO  o.e.m.c.i.p.ProjectConfigurationManager - Update completed for 1 poms: local refresh takes 0.00 sec, refresh facades takes 1.00 sec, update config takes 0.00 sec 
2024-11-26 14:53:00,119 [Worker-147: Building] INFO  o.a.m.s.f.DefaultMavenResourcesFiltering - Copying 1 resource from src\main\resources to target\classes
2024-11-26 14:53:00,227 [Worker-147: Building] INFO  o.a.m.s.f.DefaultMavenResourcesFiltering - Copying 0 resource from src\main\resources to target\classes
2024-11-26 14:53:00,233 [Worker-147: Building] INFO  o.a.m.s.f.DefaultMavenResourcesFiltering - skip non existing resourceDirectory C:\Users\Matias Mamani\Desktop\Proyecto Pino\ProyectoFabrica_PS\Backend\ProyectoFabricaPS\src\test\resources
2024-11-26 14:53:16,138 [Worker-149: Building] INFO  o.e.m.c.i.l.LifecycleMappingFactory - Using org.eclipse.m2e.jdt.JarLifecycleMapping lifecycle mapping for MavenProject: com.proyecto.fabrica.ps:ProyectoFabricaPS:0.0.1-SNAPSHOT @ C:\Users\Matias Mamani\Desktop\Proyecto Pino\ProyectoFabrica_PS\Backend\ProyectoFabricaPS\pom.xml.
2024-11-26 14:53:17,594 [Worker-149: Building] INFO  o.a.m.s.f.DefaultMavenResourcesFiltering - Copying 0 resource from src\main\resources to target\classes
2024-11-26 14:53:17,595 [Worker-149: Building] INFO  o.a.m.s.f.DefaultMavenResourcesFiltering - Copying 0 resource from src\main\resources to target\classes
2024-11-26 14:53:17,600 [Worker-149: Building] INFO  o.a.m.s.f.DefaultMavenResourcesFiltering - skip non existing resourceDirectory C:\Users\Matias Mamani\Desktop\Proyecto Pino\ProyectoFabrica_PS\Backend\ProyectoFabricaPS\src\test\resources
2024-11-26 14:53:20,172 [Worker-149: Building] INFO  o.a.m.s.f.DefaultMavenResourcesFiltering - Copying 1 resource from src\main\resources to target\classes
2024-11-26 14:53:20,194 [Worker-149: Building] INFO  o.a.m.s.f.DefaultMavenResourcesFiltering - Copying 0 resource from src\main\resources to target\classes
2024-11-26 14:53:20,199 [Worker-149: Building] INFO  o.a.m.s.f.DefaultMavenResourcesFiltering - skip non existing resourceDirectory C:\Users\Matias Mamani\Desktop\Proyecto Pino\ProyectoFabrica_PS\Backend\ProyectoFabricaPS\src\test\resources
2024-11-26 14:53:38,748 [Worker-146: Updating Maven Project] INFO  o.e.m.c.i.p.ProjectConfigurationManager - Update started
2024-11-26 14:53:39,427 [Worker-146: Updating Maven Project] INFO  o.e.m.c.i.l.LifecycleMappingFactory - Using org.eclipse.m2e.jdt.JarLifecycleMapping lifecycle mapping for MavenProject: com.proyecto.fabrica.ps:ProyectoFabricaPS:0.0.1-SNAPSHOT @ C:\Users\Matias Mamani\Desktop\Proyecto Pino\ProyectoFabrica_PS\Backend\ProyectoFabricaPS\pom.xml.
2024-11-26 14:53:40,226 [Worker-146: Updating Maven Project] INFO  o.e.m.j.i.AbstractJavaProjectConfigurator - Adding source folder /ProyectoFabricaPS/src/main/java
2024-11-26 14:53:40,227 [Worker-146: Updating Maven Project] INFO  o.e.m.j.i.AbstractJavaProjectConfigurator - Adding resource folder /ProyectoFabricaPS/src/main/resources
2024-11-26 14:53:40,228 [Worker-146: Updating Maven Project] INFO  o.e.m.j.i.AbstractJavaProjectConfigurator - Adding resource folder /ProyectoFabricaPS/src/main/resources
2024-11-26 14:53:40,228 [Worker-146: Updating Maven Project] INFO  o.e.m.j.i.AbstractJavaProjectConfigurator - Adding source folder /ProyectoFabricaPS/src/test/java
2024-11-26 14:53:40,229 [Worker-146: Updating Maven Project] INFO  o.e.m.j.i.AbstractJavaProjectConfigurator - Adding resource folder /ProyectoFabricaPS/src/test/resources
2024-11-26 14:53:41,293 [Worker-146: Updating Maven Project] INFO  o.e.m.c.i.p.ProjectConfigurationManager - Update completed for 1 poms: local refresh takes 0.00 sec, refresh facades takes 1.00 sec, update config takes 0.00 sec 
2024-11-26 14:53:42,924 [Worker-152: Building] INFO  o.a.m.s.f.DefaultMavenResourcesFiltering - Copying 1 resource from src\main\resources to target\classes
2024-11-26 14:53:42,942 [Worker-152: Building] INFO  o.a.m.s.f.DefaultMavenResourcesFiltering - Copying 0 resource from src\main\resources to target\classes
2024-11-26 14:53:42,946 [Worker-152: Building] INFO  o.a.m.s.f.DefaultMavenResourcesFiltering - skip non existing resourceDirectory C:\Users\Matias Mamani\Desktop\Proyecto Pino\ProyectoFabrica_PS\Backend\ProyectoFabricaPS\src\test\resources
2024-11-26 14:56:00,329 [Worker-154: Building] INFO  o.a.m.s.f.DefaultMavenResourcesFiltering - Copying 1 resource from src\main\resources to target\classes
2024-11-26 14:56:00,345 [Worker-154: Building] INFO  o.a.m.s.f.DefaultMavenResourcesFiltering - Copying 0 resource from src\main\resources to target\classes
2024-11-26 14:56:00,350 [Worker-154: Building] INFO  o.a.m.s.f.DefaultMavenResourcesFiltering - skip non existing resourceDirectory C:\Users\Matias Mamani\Desktop\Proyecto Pino\ProyectoFabrica_PS\Backend\ProyectoFabricaPS\src\test\resources
2024-11-26 14:56:03,307 [Worker-160: Building] INFO  o.a.m.s.f.DefaultMavenResourcesFiltering - Copying 1 resource from src\main\resources to target\classes
2024-11-26 14:56:03,319 [Worker-160: Building] INFO  o.a.m.s.f.DefaultMavenResourcesFiltering - Copying 0 resource from src\main\resources to target\classes
2024-11-26 14:56:03,323 [Worker-160: Building] INFO  o.a.m.s.f.DefaultMavenResourcesFiltering - skip non existing resourceDirectory C:\Users\Matias Mamani\Desktop\Proyecto Pino\ProyectoFabrica_PS\Backend\ProyectoFabricaPS\src\test\resources
2024-11-26 14:56:51,790 [Worker-162: Updating Maven Project] INFO  o.e.m.c.i.p.ProjectConfigurationManager - Update started
2024-11-26 14:56:52,659 [Worker-162: Updating Maven Project] INFO  o.e.m.c.i.l.LifecycleMappingFactory - Using org.eclipse.m2e.jdt.JarLifecycleMapping lifecycle mapping for MavenProject: com.proyecto.fabrica.ps:ProyectoFabricaPS:0.0.1-SNAPSHOT @ C:\Users\Matias Mamani\Desktop\Proyecto Pino\ProyectoFabrica_PS\Backend\ProyectoFabricaPS\pom.xml.
2024-11-26 14:56:53,883 [Worker-162: Updating Maven Project] INFO  o.e.m.j.i.AbstractJavaProjectConfigurator - Adding source folder /ProyectoFabricaPS/src/main/java
2024-11-26 14:56:53,884 [Worker-162: Updating Maven Project] INFO  o.e.m.j.i.AbstractJavaProjectConfigurator - Adding resource folder /ProyectoFabricaPS/src/main/resources
2024-11-26 14:56:53,885 [Worker-162: Updating Maven Project] INFO  o.e.m.j.i.AbstractJavaProjectConfigurator - Adding resource folder /ProyectoFabricaPS/src/main/resources
2024-11-26 14:56:53,886 [Worker-162: Updating Maven Project] INFO  o.e.m.j.i.AbstractJavaProjectConfigurator - Adding source folder /ProyectoFabricaPS/src/test/java
2024-11-26 14:56:53,887 [Worker-162: Updating Maven Project] INFO  o.e.m.j.i.AbstractJavaProjectConfigurator - Adding resource folder /ProyectoFabricaPS/src/test/resources
2024-11-26 14:56:54,599 [Worker-162: Updating Maven Project] INFO  o.e.m.c.i.p.ProjectConfigurationManager - Update completed for 1 poms: local refresh takes 0.00 sec, refresh facades takes 1.00 sec, update config takes 0.00 sec 
2024-11-26 14:56:56,355 [Worker-154: Building] INFO  o.a.m.s.f.DefaultMavenResourcesFiltering - Copying 1 resource from src\main\resources to target\classes
2024-11-26 14:56:56,383 [Worker-154: Building] INFO  o.a.m.s.f.DefaultMavenResourcesFiltering - Copying 0 resource from src\main\resources to target\classes
2024-11-26 14:56:56,390 [Worker-154: Building] INFO  o.a.m.s.f.DefaultMavenResourcesFiltering - skip non existing resourceDirectory C:\Users\Matias Mamani\Desktop\Proyecto Pino\ProyectoFabrica_PS\Backend\ProyectoFabricaPS\src\test\resources
2024-11-26 14:57:07,491 [Worker-150: Building] INFO  o.a.m.s.f.DefaultMavenResourcesFiltering - Copying 1 resource from src\main\resources to target\classes
2024-11-26 14:57:07,522 [Worker-150: Building] INFO  o.a.m.s.f.DefaultMavenResourcesFiltering - Copying 0 resource from src\main\resources to target\classes
2024-11-26 14:57:07,527 [Worker-150: Building] INFO  o.a.m.s.f.DefaultMavenResourcesFiltering - skip non existing resourceDirectory C:\Users\Matias Mamani\Desktop\Proyecto Pino\ProyectoFabrica_PS\Backend\ProyectoFabricaPS\src\test\resources
2024-11-26 14:57:13,327 [Worker-150: Building] INFO  o.a.m.s.f.DefaultMavenResourcesFiltering - Copying 1 resource from src\main\resources to target\classes
2024-11-26 14:57:13,339 [Worker-150: Building] INFO  o.a.m.s.f.DefaultMavenResourcesFiltering - Copying 0 resource from src\main\resources to target\classes
2024-11-26 14:57:13,344 [Worker-150: Building] INFO  o.a.m.s.f.DefaultMavenResourcesFiltering - skip non existing resourceDirectory C:\Users\Matias Mamani\Desktop\Proyecto Pino\ProyectoFabrica_PS\Backend\ProyectoFabricaPS\src\test\resources
2024-11-26 14:57:18,997 [Worker-162: Building] INFO  o.a.m.s.f.DefaultMavenResourcesFiltering - Copying 1 resource from src\main\resources to target\classes
2024-11-26 14:57:19,007 [Worker-162: Building] INFO  o.a.m.s.f.DefaultMavenResourcesFiltering - Copying 0 resource from src\main\resources to target\classes
2024-11-26 14:57:19,011 [Worker-162: Building] INFO  o.a.m.s.f.DefaultMavenResourcesFiltering - skip non existing resourceDirectory C:\Users\Matias Mamani\Desktop\Proyecto Pino\ProyectoFabrica_PS\Backend\ProyectoFabricaPS\src\test\resources
2024-11-26 14:57:32,348 [Worker-159: Building] INFO  o.a.m.s.f.DefaultMavenResourcesFiltering - Copying 1 resource from src\main\resources to target\classes
2024-11-26 14:57:32,358 [Worker-159: Building] INFO  o.a.m.s.f.DefaultMavenResourcesFiltering - Copying 0 resource from src\main\resources to target\classes
2024-11-26 14:57:32,361 [Worker-159: Building] INFO  o.a.m.s.f.DefaultMavenResourcesFiltering - skip non existing resourceDirectory C:\Users\Matias Mamani\Desktop\Proyecto Pino\ProyectoFabrica_PS\Backend\ProyectoFabricaPS\src\test\resources
2024-11-26 15:01:41,250 [Worker-164: Building] INFO  o.a.m.s.f.DefaultMavenResourcesFiltering - Copying 1 resource from src\main\resources to target\classes
2024-11-26 15:01:41,267 [Worker-164: Building] INFO  o.a.m.s.f.DefaultMavenResourcesFiltering - Copying 0 resource from src\main\resources to target\classes
2024-11-26 15:01:41,273 [Worker-164: Building] INFO  o.a.m.s.f.DefaultMavenResourcesFiltering - skip non existing resourceDirectory C:\Users\Matias Mamani\Desktop\Proyecto Pino\ProyectoFabrica_PS\Backend\ProyectoFabricaPS\src\test\resources
2024-11-26 15:02:18,074 [Worker-170: Building] INFO  o.a.m.s.f.DefaultMavenResourcesFiltering - Copying 1 resource from src\main\resources to target\classes
2024-11-26 15:02:18,089 [Worker-170: Building] INFO  o.a.m.s.f.DefaultMavenResourcesFiltering - Copying 0 resource from src\main\resources to target\classes
2024-11-26 15:02:18,095 [Worker-170: Building] INFO  o.a.m.s.f.DefaultMavenResourcesFiltering - skip non existing resourceDirectory C:\Users\Matias Mamani\Desktop\Proyecto Pino\ProyectoFabrica_PS\Backend\ProyectoFabricaPS\src\test\resources
2024-11-26 15:02:30,997 [Worker-168: Building] INFO  o.a.m.s.f.DefaultMavenResourcesFiltering - Copying 1 resource from src\main\resources to target\classes
2024-11-26 15:02:31,052 [Worker-168: Building] INFO  o.a.m.s.f.DefaultMavenResourcesFiltering - Copying 0 resource from src\main\resources to target\classes
2024-11-26 15:02:31,062 [Worker-168: Building] INFO  o.a.m.s.f.DefaultMavenResourcesFiltering - skip non existing resourceDirectory C:\Users\Matias Mamani\Desktop\Proyecto Pino\ProyectoFabrica_PS\Backend\ProyectoFabricaPS\src\test\resources
2024-11-26 15:12:45,590 [Worker-171: Building] INFO  o.e.m.c.i.l.LifecycleMappingFactory - Using org.eclipse.m2e.jdt.JarLifecycleMapping lifecycle mapping for MavenProject: com.proyecto.fabrica.ps:ProyectoFabricaPS:0.0.1-SNAPSHOT @ C:\Users\Matias Mamani\Desktop\Proyecto Pino\ProyectoFabrica_PS\Backend\ProyectoFabricaPS\pom.xml.
2024-11-26 15:12:46,368 [Worker-171: Building] INFO  o.e.m.c.i.e.AbstractTransferListenerAdapter - Downloading https://repo.maven.apache.org/maven2/io/jsonwebtoken/jjwt-jackson/0.12.6/jjwt-jackson-0.12.6.pom
2024-11-26 15:12:46,443 [Worker-171: Building] INFO  o.e.m.c.i.e.AbstractTransferListenerAdapter - Downloaded https://repo.maven.apache.org/maven2/io/jsonwebtoken/jjwt-jackson/0.12.6/jjwt-jackson-0.12.6.pom
2024-11-26 15:12:46,477 [Worker-171: Building] INFO  o.e.m.c.i.e.AbstractTransferListenerAdapter - Downloading https://repo.maven.apache.org/maven2/io/jsonwebtoken/jjwt-root/0.12.6/jjwt-root-0.12.6.pom
2024-11-26 15:12:46,538 [Worker-171: Building] INFO  o.e.m.c.i.e.AbstractTransferListenerAdapter - Downloaded https://repo.maven.apache.org/maven2/io/jsonwebtoken/jjwt-root/0.12.6/jjwt-root-0.12.6.pom
2024-11-26 15:12:46,587 [Worker-171: Building] INFO  o.e.m.c.i.e.AbstractTransferListenerAdapter - Downloading https://repo.maven.apache.org/maven2/io/jsonwebtoken/jjwt-api/0.12.6/jjwt-api-0.12.6.pom
2024-11-26 15:12:46,642 [Worker-171: Building] INFO  o.e.m.c.i.e.AbstractTransferListenerAdapter - Downloaded https://repo.maven.apache.org/maven2/io/jsonwebtoken/jjwt-api/0.12.6/jjwt-api-0.12.6.pom
2024-11-26 15:12:46,697 [Worker-171: Building] INFO  o.e.m.c.i.e.AbstractTransferListenerAdapter - Downloading https://repo.maven.apache.org/maven2/io/jsonwebtoken/jjwt-impl/0.12.6/jjwt-impl-0.12.6.pom
2024-11-26 15:12:46,753 [Worker-171: Building] INFO  o.e.m.c.i.e.AbstractTransferListenerAdapter - Downloaded https://repo.maven.apache.org/maven2/io/jsonwebtoken/jjwt-impl/0.12.6/jjwt-impl-0.12.6.pom
2024-11-26 15:12:47,167 [Worker-171: Building] INFO  o.e.m.c.i.e.AbstractTransferListenerAdapter - Downloading https://repo.maven.apache.org/maven2/io/jsonwebtoken/jjwt-jackson/0.12.6/jjwt-jackson-0.12.6.jar
2024-11-26 15:12:47,504 [Worker-171: Building] INFO  o.e.m.c.i.e.AbstractTransferListenerAdapter - Downloaded https://repo.maven.apache.org/maven2/io/jsonwebtoken/jjwt-jackson/0.12.6/jjwt-jackson-0.12.6.jar
2024-11-26 15:12:47,536 [BasicRepositoryConnector-repo.maven.apache.org-1-1] INFO  o.e.m.c.i.e.AbstractTransferListenerAdapter - Downloading https://repo.maven.apache.org/maven2/io/jsonwebtoken/jjwt-api/0.12.6/jjwt-api-0.12.6.jar
2024-11-26 15:12:47,631 [BasicRepositoryConnector-repo.maven.apache.org-1-0] INFO  o.e.m.c.i.e.AbstractTransferListenerAdapter - Downloading https://repo.maven.apache.org/maven2/io/jsonwebtoken/jjwt-impl/0.12.6/jjwt-impl-0.12.6.jar
2024-11-26 15:12:47,697 [BasicRepositoryConnector-repo.maven.apache.org-1-1] INFO  o.e.m.c.i.e.AbstractTransferListenerAdapter - Downloaded https://repo.maven.apache.org/maven2/io/jsonwebtoken/jjwt-api/0.12.6/jjwt-api-0.12.6.jar
2024-11-26 15:12:47,778 [BasicRepositoryConnector-repo.maven.apache.org-1-0] INFO  o.e.m.c.i.e.AbstractTransferListenerAdapter - Downloaded https://repo.maven.apache.org/maven2/io/jsonwebtoken/jjwt-impl/0.12.6/jjwt-impl-0.12.6.jar
2024-11-26 15:12:48,522 [Worker-171: Building] INFO  o.a.m.s.f.DefaultMavenResourcesFiltering - Copying 0 resource from src\main\resources to target\classes
2024-11-26 15:12:48,523 [Worker-171: Building] INFO  o.a.m.s.f.DefaultMavenResourcesFiltering - Copying 0 resource from src\main\resources to target\classes
2024-11-26 15:12:48,527 [Worker-171: Building] INFO  o.a.m.s.f.DefaultMavenResourcesFiltering - skip non existing resourceDirectory C:\Users\Matias Mamani\Desktop\Proyecto Pino\ProyectoFabrica_PS\Backend\ProyectoFabricaPS\src\test\resources
2024-11-26 15:12:49,400 [Worker-176: Download sources and javadoc] INFO  o.e.m.c.i.e.AbstractTransferListenerAdapter - Downloading https://repo.maven.apache.org/maven2/io/jsonwebtoken/jjwt-jackson/0.12.6/jjwt-jackson-0.12.6-sources.jar
2024-11-26 15:12:49,803 [Worker-176: Download sources and javadoc] INFO  o.e.m.c.i.e.AbstractTransferListenerAdapter - Downloaded https://repo.maven.apache.org/maven2/io/jsonwebtoken/jjwt-jackson/0.12.6/jjwt-jackson-0.12.6-sources.jar
2024-11-26 15:12:49,812 [Worker-176: Download sources and javadoc] INFO  o.e.m.j.internal.DownloadSourcesJob - Downloaded sources for io.jsonwebtoken:jjwt-jackson:0.12.6
2024-11-26 15:12:49,919 [Worker-176: Download sources and javadoc] INFO  o.e.m.c.i.e.AbstractTransferListenerAdapter - Downloading https://repo.maven.apache.org/maven2/io/jsonwebtoken/jjwt-impl/0.12.6/jjwt-impl-0.12.6-sources.jar
2024-11-26 15:12:50,059 [Worker-176: Download sources and javadoc] INFO  o.e.m.c.i.e.AbstractTransferListenerAdapter - Downloaded https://repo.maven.apache.org/maven2/io/jsonwebtoken/jjwt-impl/0.12.6/jjwt-impl-0.12.6-sources.jar
2024-11-26 15:12:50,068 [Worker-176: Download sources and javadoc] INFO  o.e.m.j.internal.DownloadSourcesJob - Downloaded sources for io.jsonwebtoken:jjwt-impl:0.12.6
2024-11-26 15:12:50,211 [Worker-176: Download sources and javadoc] INFO  o.e.m.c.i.e.AbstractTransferListenerAdapter - Downloading https://repo.maven.apache.org/maven2/io/jsonwebtoken/jjwt-api/0.12.6/jjwt-api-0.12.6-sources.jar
2024-11-26 15:12:50,381 [Worker-176: Download sources and javadoc] INFO  o.e.m.c.i.e.AbstractTransferListenerAdapter - Downloaded https://repo.maven.apache.org/maven2/io/jsonwebtoken/jjwt-api/0.12.6/jjwt-api-0.12.6-sources.jar
2024-11-26 15:12:50,391 [Worker-176: Download sources and javadoc] INFO  o.e.m.j.internal.DownloadSourcesJob - Downloaded sources for io.jsonwebtoken:jjwt-api:0.12.6
2024-11-26 15:12:51,579 [Worker-162: Building] INFO  o.a.m.s.f.DefaultMavenResourcesFiltering - Copying 1 resource from src\main\resources to target\classes
2024-11-26 15:12:51,616 [Worker-162: Building] INFO  o.a.m.s.f.DefaultMavenResourcesFiltering - Copying 0 resource from src\main\resources to target\classes
2024-11-26 15:12:51,621 [Worker-162: Building] INFO  o.a.m.s.f.DefaultMavenResourcesFiltering - skip non existing resourceDirectory C:\Users\Matias Mamani\Desktop\Proyecto Pino\ProyectoFabrica_PS\Backend\ProyectoFabricaPS\src\test\resources
2024-11-26 15:12:59,850 [Worker-175: Updating Maven Project] INFO  o.e.m.c.i.p.ProjectConfigurationManager - Update started
2024-11-26 15:13:01,009 [Worker-175: Updating Maven Project] INFO  o.e.m.c.i.l.LifecycleMappingFactory - Using org.eclipse.m2e.jdt.JarLifecycleMapping lifecycle mapping for MavenProject: com.proyecto.fabrica.ps:ProyectoFabricaPS:0.0.1-SNAPSHOT @ C:\Users\Matias Mamani\Desktop\Proyecto Pino\ProyectoFabrica_PS\Backend\ProyectoFabricaPS\pom.xml.
2024-11-26 15:13:01,961 [Worker-175: Updating Maven Project] INFO  o.e.m.j.i.AbstractJavaProjectConfigurator - Adding source folder /ProyectoFabricaPS/src/main/java
2024-11-26 15:13:01,963 [Worker-175: Updating Maven Project] INFO  o.e.m.j.i.AbstractJavaProjectConfigurator - Adding resource folder /ProyectoFabricaPS/src/main/resources
2024-11-26 15:13:01,964 [Worker-175: Updating Maven Project] INFO  o.e.m.j.i.AbstractJavaProjectConfigurator - Adding resource folder /ProyectoFabricaPS/src/main/resources
2024-11-26 15:13:01,964 [Worker-175: Updating Maven Project] INFO  o.e.m.j.i.AbstractJavaProjectConfigurator - Adding source folder /ProyectoFabricaPS/src/test/java
2024-11-26 15:13:01,965 [Worker-175: Updating Maven Project] INFO  o.e.m.j.i.AbstractJavaProjectConfigurator - Adding resource folder /ProyectoFabricaPS/src/test/resources
2024-11-26 15:13:02,878 [Worker-175: Updating Maven Project] INFO  o.e.m.c.i.p.ProjectConfigurationManager - Update completed for 1 poms: local refresh takes 0.00 sec, refresh facades takes 1.00 sec, update config takes 0.00 sec 
2024-11-26 15:13:04,476 [Worker-175: Building] INFO  o.a.m.s.f.DefaultMavenResourcesFiltering - Copying 1 resource from src\main\resources to target\classes
2024-11-26 15:13:04,495 [Worker-175: Building] INFO  o.a.m.s.f.DefaultMavenResourcesFiltering - Copying 0 resource from src\main\resources to target\classes
2024-11-26 15:13:04,501 [Worker-175: Building] INFO  o.a.m.s.f.DefaultMavenResourcesFiltering - skip non existing resourceDirectory C:\Users\Matias Mamani\Desktop\Proyecto Pino\ProyectoFabrica_PS\Backend\ProyectoFabricaPS\src\test\resources
2024-11-26 15:13:40,927 [Worker-174: Building] INFO  o.a.m.s.f.DefaultMavenResourcesFiltering - Copying 1 resource from src\main\resources to target\classes
2024-11-26 15:13:41,018 [Worker-174: Building] INFO  o.a.m.s.f.DefaultMavenResourcesFiltering - Copying 0 resource from src\main\resources to target\classes
2024-11-26 15:13:41,025 [Worker-174: Building] INFO  o.a.m.s.f.DefaultMavenResourcesFiltering - skip non existing resourceDirectory C:\Users\Matias Mamani\Desktop\Proyecto Pino\ProyectoFabrica_PS\Backend\ProyectoFabricaPS\src\test\resources
2024-11-26 15:13:44,517 [Worker-171: Building] INFO  o.a.m.s.f.DefaultMavenResourcesFiltering - Copying 1 resource from src\main\resources to target\classes
2024-11-26 15:13:44,588 [Worker-171: Building] INFO  o.a.m.s.f.DefaultMavenResourcesFiltering - Copying 0 resource from src\main\resources to target\classes
2024-11-26 15:13:44,592 [Worker-171: Building] INFO  o.a.m.s.f.DefaultMavenResourcesFiltering - skip non existing resourceDirectory C:\Users\Matias Mamani\Desktop\Proyecto Pino\ProyectoFabrica_PS\Backend\ProyectoFabricaPS\src\test\resources
2024-11-26 15:16:09,344 [Worker-2: Loading available Gradle versions] INFO  o.e.b.c.i.u.g.PublishedGradleVersions - Gradle version information cache is up-to-date. Trying to read.
2024-11-26 15:18:18,599 [Worker-5: Building] INFO  o.e.m.c.i.l.LifecycleMappingFactory - Using org.eclipse.m2e.jdt.JarLifecycleMapping lifecycle mapping for MavenProject: com.proyecto.fabrica.ps:ProyectoFabricaPS:0.0.1-SNAPSHOT @ C:\Users\Matias Mamani\Desktop\Proyecto Pino\ProyectoFabrica_PS\Backend\ProyectoFabricaPS\pom.xml.
2024-11-26 15:18:20,342 [Worker-5: Building] INFO  o.a.m.s.f.DefaultMavenResourcesFiltering - Copying 1 resource from src\main\resources to target\classes
2024-11-26 15:18:20,378 [Worker-5: Building] INFO  o.a.m.s.f.DefaultMavenResourcesFiltering - Copying 0 resource from src\main\resources to target\classes
2024-11-26 15:18:20,388 [Worker-5: Building] INFO  o.a.m.s.f.DefaultMavenResourcesFiltering - skip non existing resourceDirectory C:\Users\Matias Mamani\Desktop\Proyecto Pino\ProyectoFabrica_PS\Backend\ProyectoFabricaPS\src\test\resources
2024-11-26 15:18:26,904 [Worker-2: Building] INFO  o.a.m.s.f.DefaultMavenResourcesFiltering - Copying 1 resource from src\main\resources to target\classes
2024-11-26 15:18:26,916 [Worker-2: Building] INFO  o.a.m.s.f.DefaultMavenResourcesFiltering - Copying 0 resource from src\main\resources to target\classes
2024-11-26 15:18:26,924 [Worker-2: Building] INFO  o.a.m.s.f.DefaultMavenResourcesFiltering - skip non existing resourceDirectory C:\Users\Matias Mamani\Desktop\Proyecto Pino\ProyectoFabrica_PS\Backend\ProyectoFabricaPS\src\test\resources
2024-11-26 15:18:32,173 [Worker-13: Building] INFO  o.e.m.c.i.l.LifecycleMappingFactory - Using org.eclipse.m2e.jdt.JarLifecycleMapping lifecycle mapping for MavenProject: com.proyecto.fabrica.ps:ProyectoFabricaPS:0.0.1-SNAPSHOT @ C:\Users\Matias Mamani\Desktop\Proyecto Pino\ProyectoFabrica_PS\Backend\ProyectoFabricaPS\pom.xml.
2024-11-26 15:18:33,624 [Worker-13: Building] INFO  o.a.m.s.f.DefaultMavenResourcesFiltering - Copying 0 resource from src\main\resources to target\classes
2024-11-26 15:18:33,625 [Worker-13: Building] INFO  o.a.m.s.f.DefaultMavenResourcesFiltering - Copying 0 resource from src\main\resources to target\classes
2024-11-26 15:18:33,631 [Worker-13: Building] INFO  o.a.m.s.f.DefaultMavenResourcesFiltering - skip non existing resourceDirectory C:\Users\Matias Mamani\Desktop\Proyecto Pino\ProyectoFabrica_PS\Backend\ProyectoFabricaPS\src\test\resources
2024-11-26 15:18:36,122 [Worker-9: Building] INFO  o.a.m.s.f.DefaultMavenResourcesFiltering - Copying 1 resource from src\main\resources to target\classes
2024-11-26 15:18:36,149 [Worker-9: Building] INFO  o.a.m.s.f.DefaultMavenResourcesFiltering - Copying 0 resource from src\main\resources to target\classes
2024-11-26 15:18:36,158 [Worker-9: Building] INFO  o.a.m.s.f.DefaultMavenResourcesFiltering - skip non existing resourceDirectory C:\Users\Matias Mamani\Desktop\Proyecto Pino\ProyectoFabrica_PS\Backend\ProyectoFabricaPS\src\test\resources
2024-11-26 15:19:05,047 [Worker-12: Updating Maven Project] INFO  o.e.m.c.i.p.ProjectConfigurationManager - Update started
2024-11-26 15:19:05,724 [Worker-12: Updating Maven Project] INFO  o.e.m.c.i.l.LifecycleMappingFactory - Using org.eclipse.m2e.jdt.JarLifecycleMapping lifecycle mapping for MavenProject: com.proyecto.fabrica.ps:ProyectoFabricaPS:0.0.1-SNAPSHOT @ C:\Users\Matias Mamani\Desktop\Proyecto Pino\ProyectoFabrica_PS\Backend\ProyectoFabricaPS\pom.xml.
2024-11-26 15:19:06,989 [Worker-12: Updating Maven Project] INFO  o.e.m.j.i.AbstractJavaProjectConfigurator - Adding source folder /ProyectoFabricaPS/src/main/java
2024-11-26 15:19:06,994 [Worker-12: Updating Maven Project] INFO  o.e.m.j.i.AbstractJavaProjectConfigurator - Adding resource folder /ProyectoFabricaPS/src/main/resources
2024-11-26 15:19:06,996 [Worker-12: Updating Maven Project] INFO  o.e.m.j.i.AbstractJavaProjectConfigurator - Adding resource folder /ProyectoFabricaPS/src/main/resources
2024-11-26 15:19:06,997 [Worker-12: Updating Maven Project] INFO  o.e.m.j.i.AbstractJavaProjectConfigurator - Adding source folder /ProyectoFabricaPS/src/test/java
2024-11-26 15:19:07,001 [Worker-12: Updating Maven Project] INFO  o.e.m.j.i.AbstractJavaProjectConfigurator - Adding resource folder /ProyectoFabricaPS/src/test/resources
2024-11-26 15:19:08,006 [Worker-12: Updating Maven Project] INFO  o.e.m.c.i.p.ProjectConfigurationManager - Update completed for 1 poms: local refresh takes 0.00 sec, refresh facades takes 1.00 sec, update config takes 0.00 sec 
2024-11-26 15:19:10,312 [Worker-9: Building] INFO  o.a.m.s.f.DefaultMavenResourcesFiltering - Copying 1 resource from src\main\resources to target\classes
2024-11-26 15:19:10,336 [Worker-9: Building] INFO  o.a.m.s.f.DefaultMavenResourcesFiltering - Copying 0 resource from src\main\resources to target\classes
2024-11-26 15:19:10,343 [Worker-9: Building] INFO  o.a.m.s.f.DefaultMavenResourcesFiltering - skip non existing resourceDirectory C:\Users\Matias Mamani\Desktop\Proyecto Pino\ProyectoFabrica_PS\Backend\ProyectoFabricaPS\src\test\resources
2024-11-26 15:23:17,341 [Worker-16: Building] INFO  o.a.m.s.f.DefaultMavenResourcesFiltering - Copying 1 resource from src\main\resources to target\classes
2024-11-26 15:23:17,846 [Worker-16: Building] INFO  o.a.m.s.f.DefaultMavenResourcesFiltering - Copying 0 resource from src\main\resources to target\classes
2024-11-26 15:23:17,908 [Worker-16: Building] INFO  o.a.m.s.f.DefaultMavenResourcesFiltering - skip non existing resourceDirectory C:\Users\Matias Mamani\Desktop\Proyecto Pino\ProyectoFabrica_PS\Backend\ProyectoFabricaPS\src\test\resources
2024-11-26 15:25:30,513 [Worker-19: Building] INFO  o.a.m.s.f.DefaultMavenResourcesFiltering - Copying 1 resource from src\main\resources to target\classes
2024-11-26 15:25:30,553 [Worker-19: Building] INFO  o.a.m.s.f.DefaultMavenResourcesFiltering - Copying 0 resource from src\main\resources to target\classes
2024-11-26 15:25:30,560 [Worker-19: Building] INFO  o.a.m.s.f.DefaultMavenResourcesFiltering - skip non existing resourceDirectory C:\Users\Matias Mamani\Desktop\Proyecto Pino\ProyectoFabrica_PS\Backend\ProyectoFabricaPS\src\test\resources
2024-11-26 15:25:36,092 [Worker-21: Building] INFO  o.a.m.s.f.DefaultMavenResourcesFiltering - Copying 1 resource from src\main\resources to target\classes
2024-11-26 15:25:36,104 [Worker-21: Building] INFO  o.a.m.s.f.DefaultMavenResourcesFiltering - Copying 0 resource from src\main\resources to target\classes
2024-11-26 15:25:36,113 [Worker-21: Building] INFO  o.a.m.s.f.DefaultMavenResourcesFiltering - skip non existing resourceDirectory C:\Users\Matias Mamani\Desktop\Proyecto Pino\ProyectoFabrica_PS\Backend\ProyectoFabricaPS\src\test\resources
2024-11-26 15:26:21,983 [Worker-21: Building] INFO  o.e.m.c.i.l.LifecycleMappingFactory - Using org.eclipse.m2e.jdt.JarLifecycleMapping lifecycle mapping for MavenProject: com.proyecto.fabrica.ps:ProyectoFabricaPS:0.0.1-SNAPSHOT @ C:\Users\Matias Mamani\Desktop\Proyecto Pino\ProyectoFabrica_PS\Backend\ProyectoFabricaPS\pom.xml.
2024-11-26 15:26:23,222 [Worker-21: Building] INFO  o.a.m.s.f.DefaultMavenResourcesFiltering - Copying 0 resource from src\main\resources to target\classes
2024-11-26 15:26:23,223 [Worker-21: Building] INFO  o.a.m.s.f.DefaultMavenResourcesFiltering - Copying 0 resource from src\main\resources to target\classes
2024-11-26 15:26:23,230 [Worker-21: Building] INFO  o.a.m.s.f.DefaultMavenResourcesFiltering - skip non existing resourceDirectory C:\Users\Matias Mamani\Desktop\Proyecto Pino\ProyectoFabrica_PS\Backend\ProyectoFabricaPS\src\test\resources
2024-11-26 15:26:25,890 [Worker-24: Building] INFO  o.a.m.s.f.DefaultMavenResourcesFiltering - Copying 1 resource from src\main\resources to target\classes
2024-11-26 15:26:25,912 [Worker-24: Building] INFO  o.a.m.s.f.DefaultMavenResourcesFiltering - Copying 0 resource from src\main\resources to target\classes
2024-11-26 15:26:25,919 [Worker-24: Building] INFO  o.a.m.s.f.DefaultMavenResourcesFiltering - skip non existing resourceDirectory C:\Users\Matias Mamani\Desktop\Proyecto Pino\ProyectoFabrica_PS\Backend\ProyectoFabricaPS\src\test\resources
2024-11-26 15:26:30,048 [Worker-20: Updating Maven Project] INFO  o.e.m.c.i.p.ProjectConfigurationManager - Update started
2024-11-26 15:26:30,802 [Worker-20: Updating Maven Project] INFO  o.e.m.c.i.l.LifecycleMappingFactory - Using org.eclipse.m2e.jdt.JarLifecycleMapping lifecycle mapping for MavenProject: com.proyecto.fabrica.ps:ProyectoFabricaPS:0.0.1-SNAPSHOT @ C:\Users\Matias Mamani\Desktop\Proyecto Pino\ProyectoFabrica_PS\Backend\ProyectoFabricaPS\pom.xml.
2024-11-26 15:26:31,987 [Worker-20: Updating Maven Project] INFO  o.e.m.j.i.AbstractJavaProjectConfigurator - Adding source folder /ProyectoFabricaPS/src/main/java
2024-11-26 15:26:31,988 [Worker-20: Updating Maven Project] INFO  o.e.m.j.i.AbstractJavaProjectConfigurator - Adding resource folder /ProyectoFabricaPS/src/main/resources
2024-11-26 15:26:31,990 [Worker-20: Updating Maven Project] INFO  o.e.m.j.i.AbstractJavaProjectConfigurator - Adding resource folder /ProyectoFabricaPS/src/main/resources
2024-11-26 15:26:31,990 [Worker-20: Updating Maven Project] INFO  o.e.m.j.i.AbstractJavaProjectConfigurator - Adding source folder /ProyectoFabricaPS/src/test/java
2024-11-26 15:26:31,992 [Worker-20: Updating Maven Project] INFO  o.e.m.j.i.AbstractJavaProjectConfigurator - Adding resource folder /ProyectoFabricaPS/src/test/resources
2024-11-26 15:26:32,824 [Worker-20: Updating Maven Project] INFO  o.e.m.c.i.p.ProjectConfigurationManager - Update completed for 1 poms: local refresh takes 0.00 sec, refresh facades takes 1.00 sec, update config takes 0.00 sec 
2024-11-26 15:26:34,734 [Worker-23: Building] INFO  o.a.m.s.f.DefaultMavenResourcesFiltering - Copying 1 resource from src\main\resources to target\classes
2024-11-26 15:26:34,749 [Worker-23: Building] INFO  o.a.m.s.f.DefaultMavenResourcesFiltering - Copying 0 resource from src\main\resources to target\classes
2024-11-26 15:26:34,755 [Worker-23: Building] INFO  o.a.m.s.f.DefaultMavenResourcesFiltering - skip non existing resourceDirectory C:\Users\Matias Mamani\Desktop\Proyecto Pino\ProyectoFabrica_PS\Backend\ProyectoFabricaPS\src\test\resources
2024-11-27 11:44:59,008 [Worker-42: Building] INFO  o.a.m.s.f.DefaultMavenResourcesFiltering - Copying 1 resource from src\main\resources to target\classes
2024-11-27 11:44:59,106 [Worker-42: Building] INFO  o.a.m.s.f.DefaultMavenResourcesFiltering - Copying 0 resource from src\main\resources to target\classes
2024-11-27 11:44:59,110 [Worker-42: Building] INFO  o.a.m.s.f.DefaultMavenResourcesFiltering - skip non existing resourceDirectory C:\Users\Matias Mamani\Desktop\Proyecto Pino\ProyectoFabrica_PS\Backend\ProyectoFabricaPS\src\test\resources
2024-11-27 11:45:21,464 [Worker-41: Building] INFO  o.a.m.s.f.DefaultMavenResourcesFiltering - Copying 1 resource from src\main\resources to target\classes
2024-11-27 11:45:21,602 [Worker-41: Building] INFO  o.a.m.s.f.DefaultMavenResourcesFiltering - Copying 0 resource from src\main\resources to target\classes
2024-11-27 11:45:21,608 [Worker-41: Building] INFO  o.a.m.s.f.DefaultMavenResourcesFiltering - skip non existing resourceDirectory C:\Users\Matias Mamani\Desktop\Proyecto Pino\ProyectoFabrica_PS\Backend\ProyectoFabricaPS\src\test\resources
2024-11-27 12:11:17,360 [Worker-48: Building] INFO  o.a.m.s.f.DefaultMavenResourcesFiltering - Copying 1 resource from src\main\resources to target\classes
2024-11-27 12:11:17,600 [Worker-48: Building] INFO  o.a.m.s.f.DefaultMavenResourcesFiltering - Copying 0 resource from src\main\resources to target\classes
2024-11-27 12:11:17,609 [Worker-48: Building] INFO  o.a.m.s.f.DefaultMavenResourcesFiltering - skip non existing resourceDirectory C:\Users\Matias Mamani\Desktop\Proyecto Pino\ProyectoFabrica_PS\Backend\ProyectoFabricaPS\src\test\resources
2024-11-27 12:25:52,417 [Worker-60: Building] INFO  o.a.m.s.f.DefaultMavenResourcesFiltering - Copying 1 resource from src\main\resources to target\classes
2024-11-27 12:25:52,585 [Worker-60: Building] INFO  o.a.m.s.f.DefaultMavenResourcesFiltering - Copying 0 resource from src\main\resources to target\classes
2024-11-27 12:25:52,591 [Worker-60: Building] INFO  o.a.m.s.f.DefaultMavenResourcesFiltering - skip non existing resourceDirectory C:\Users\Matias Mamani\Desktop\Proyecto Pino\ProyectoFabrica_PS\Backend\ProyectoFabricaPS\src\test\resources
2024-11-27 12:33:40,607 [Worker-72: Building] INFO  o.a.m.s.f.DefaultMavenResourcesFiltering - Copying 1 resource from src\main\resources to target\classes
2024-11-27 12:33:40,640 [Worker-72: Building] INFO  o.a.m.s.f.DefaultMavenResourcesFiltering - Copying 0 resource from src\main\resources to target\classes
2024-11-27 12:33:40,651 [Worker-72: Building] INFO  o.a.m.s.f.DefaultMavenResourcesFiltering - skip non existing resourceDirectory C:\Users\Matias Mamani\Desktop\Proyecto Pino\ProyectoFabrica_PS\Backend\ProyectoFabricaPS\src\test\resources
2024-11-27 12:34:25,413 [Worker-70: Building] INFO  o.a.m.s.f.DefaultMavenResourcesFiltering - Copying 1 resource from src\main\resources to target\classes
2024-11-27 12:34:25,478 [Worker-70: Building] INFO  o.a.m.s.f.DefaultMavenResourcesFiltering - Copying 0 resource from src\main\resources to target\classes
2024-11-27 12:34:25,487 [Worker-70: Building] INFO  o.a.m.s.f.DefaultMavenResourcesFiltering - skip non existing resourceDirectory C:\Users\Matias Mamani\Desktop\Proyecto Pino\ProyectoFabrica_PS\Backend\ProyectoFabricaPS\src\test\resources
2024-11-27 12:34:30,102 [Worker-70: Building] INFO  o.a.m.s.f.DefaultMavenResourcesFiltering - Copying 1 resource from src\main\resources to target\classes
2024-11-27 12:34:30,125 [Worker-70: Building] INFO  o.a.m.s.f.DefaultMavenResourcesFiltering - Copying 0 resource from src\main\resources to target\classes
2024-11-27 12:34:30,132 [Worker-70: Building] INFO  o.a.m.s.f.DefaultMavenResourcesFiltering - skip non existing resourceDirectory C:\Users\Matias Mamani\Desktop\Proyecto Pino\ProyectoFabrica_PS\Backend\ProyectoFabricaPS\src\test\resources
2024-11-27 12:35:30,965 [Worker-66: Building] INFO  o.a.m.s.f.DefaultMavenResourcesFiltering - Copying 1 resource from src\main\resources to target\classes
2024-11-27 12:35:31,052 [Worker-66: Building] INFO  o.a.m.s.f.DefaultMavenResourcesFiltering - Copying 0 resource from src\main\resources to target\classes
2024-11-27 12:35:31,058 [Worker-66: Building] INFO  o.a.m.s.f.DefaultMavenResourcesFiltering - skip non existing resourceDirectory C:\Users\Matias Mamani\Desktop\Proyecto Pino\ProyectoFabrica_PS\Backend\ProyectoFabricaPS\src\test\resources
2024-11-27 12:35:37,886 [Worker-69: Building] INFO  o.a.m.s.f.DefaultMavenResourcesFiltering - Copying 1 resource from src\main\resources to target\classes
2024-11-27 12:35:37,901 [Worker-69: Building] INFO  o.a.m.s.f.DefaultMavenResourcesFiltering - Copying 0 resource from src\main\resources to target\classes
2024-11-27 12:35:37,907 [Worker-69: Building] INFO  o.a.m.s.f.DefaultMavenResourcesFiltering - skip non existing resourceDirectory C:\Users\Matias Mamani\Desktop\Proyecto Pino\ProyectoFabrica_PS\Backend\ProyectoFabricaPS\src\test\resources
2024-11-27 12:35:45,007 [Worker-71: Building] INFO  o.a.m.s.f.DefaultMavenResourcesFiltering - Copying 1 resource from src\main\resources to target\classes
2024-11-27 12:35:45,029 [Worker-71: Building] INFO  o.a.m.s.f.DefaultMavenResourcesFiltering - Copying 0 resource from src\main\resources to target\classes
2024-11-27 12:35:45,035 [Worker-71: Building] INFO  o.a.m.s.f.DefaultMavenResourcesFiltering - skip non existing resourceDirectory C:\Users\Matias Mamani\Desktop\Proyecto Pino\ProyectoFabrica_PS\Backend\ProyectoFabricaPS\src\test\resources
2024-11-27 12:35:52,053 [Worker-69: Building] INFO  o.a.m.s.f.DefaultMavenResourcesFiltering - Copying 1 resource from src\main\resources to target\classes
2024-11-27 12:35:52,063 [Worker-69: Building] INFO  o.a.m.s.f.DefaultMavenResourcesFiltering - Copying 0 resource from src\main\resources to target\classes
2024-11-27 12:35:52,068 [Worker-69: Building] INFO  o.a.m.s.f.DefaultMavenResourcesFiltering - skip non existing resourceDirectory C:\Users\Matias Mamani\Desktop\Proyecto Pino\ProyectoFabrica_PS\Backend\ProyectoFabricaPS\src\test\resources
2024-11-27 12:36:34,391 [Worker-71: Building] INFO  o.a.m.s.f.DefaultMavenResourcesFiltering - Copying 1 resource from src\main\resources to target\classes
2024-11-27 12:36:34,406 [Worker-71: Building] INFO  o.a.m.s.f.DefaultMavenResourcesFiltering - Copying 0 resource from src\main\resources to target\classes
2024-11-27 12:36:34,412 [Worker-71: Building] INFO  o.a.m.s.f.DefaultMavenResourcesFiltering - skip non existing resourceDirectory C:\Users\Matias Mamani\Desktop\Proyecto Pino\ProyectoFabrica_PS\Backend\ProyectoFabricaPS\src\test\resources
2024-11-27 12:37:31,922 [Worker-70: Building] INFO  o.a.m.s.f.DefaultMavenResourcesFiltering - Copying 1 resource from src\main\resources to target\classes
2024-11-27 12:37:31,942 [Worker-70: Building] INFO  o.a.m.s.f.DefaultMavenResourcesFiltering - Copying 0 resource from src\main\resources to target\classes
2024-11-27 12:37:31,949 [Worker-70: Building] INFO  o.a.m.s.f.DefaultMavenResourcesFiltering - skip non existing resourceDirectory C:\Users\Matias Mamani\Desktop\Proyecto Pino\ProyectoFabrica_PS\Backend\ProyectoFabricaPS\src\test\resources
2024-11-27 12:44:30,922 [Worker-75: Building] INFO  o.a.m.s.f.DefaultMavenResourcesFiltering - Copying 1 resource from src\main\resources to target\classes
2024-11-27 12:44:30,947 [Worker-75: Building] INFO  o.a.m.s.f.DefaultMavenResourcesFiltering - Copying 0 resource from src\main\resources to target\classes
2024-11-27 12:44:30,953 [Worker-75: Building] INFO  o.a.m.s.f.DefaultMavenResourcesFiltering - skip non existing resourceDirectory C:\Users\Matias Mamani\Desktop\Proyecto Pino\ProyectoFabrica_PS\Backend\ProyectoFabricaPS\src\test\resources
2024-11-27 12:44:49,846 [Worker-76: Building] INFO  o.a.m.s.f.DefaultMavenResourcesFiltering - Copying 1 resource from src\main\resources to target\classes
2024-11-27 12:44:49,867 [Worker-76: Building] INFO  o.a.m.s.f.DefaultMavenResourcesFiltering - Copying 0 resource from src\main\resources to target\classes
2024-11-27 12:44:49,871 [Worker-76: Building] INFO  o.a.m.s.f.DefaultMavenResourcesFiltering - skip non existing resourceDirectory C:\Users\Matias Mamani\Desktop\Proyecto Pino\ProyectoFabrica_PS\Backend\ProyectoFabricaPS\src\test\resources
2024-11-27 12:45:18,481 [Worker-76: Building] INFO  o.a.m.s.f.DefaultMavenResourcesFiltering - Copying 1 resource from src\main\resources to target\classes
2024-11-27 12:45:18,500 [Worker-76: Building] INFO  o.a.m.s.f.DefaultMavenResourcesFiltering - Copying 0 resource from src\main\resources to target\classes
2024-11-27 12:45:18,508 [Worker-76: Building] INFO  o.a.m.s.f.DefaultMavenResourcesFiltering - skip non existing resourceDirectory C:\Users\Matias Mamani\Desktop\Proyecto Pino\ProyectoFabrica_PS\Backend\ProyectoFabricaPS\src\test\resources
2024-11-28 11:41:14,775 [Worker-88: Building] INFO  o.a.m.s.f.DefaultMavenResourcesFiltering - Copying 1 resource from src\main\resources to target\classes
2024-11-28 11:41:15,262 [Worker-88: Building] INFO  o.a.m.s.f.DefaultMavenResourcesFiltering - Copying 0 resource from src\main\resources to target\classes
2024-11-28 11:41:15,566 [Worker-88: Building] INFO  o.a.m.s.f.DefaultMavenResourcesFiltering - skip non existing resourceDirectory C:\Users\Matias Mamani\Desktop\Proyecto Pino\ProyectoFabrica_PS\Backend\ProyectoFabricaPS\src\test\resources
2024-11-28 11:45:43,918 [Worker-92: Building] INFO  o.a.m.s.f.DefaultMavenResourcesFiltering - Copying 1 resource from src\main\resources to target\classes
2024-11-28 11:45:44,055 [Worker-92: Building] INFO  o.a.m.s.f.DefaultMavenResourcesFiltering - Copying 0 resource from src\main\resources to target\classes
2024-11-28 11:45:44,060 [Worker-92: Building] INFO  o.a.m.s.f.DefaultMavenResourcesFiltering - skip non existing resourceDirectory C:\Users\Matias Mamani\Desktop\Proyecto Pino\ProyectoFabrica_PS\Backend\ProyectoFabricaPS\src\test\resources
2024-11-28 11:57:42,185 [Worker-93: Building] INFO  o.a.m.s.f.DefaultMavenResourcesFiltering - Copying 1 resource from src\main\resources to target\classes
2024-11-28 11:57:42,220 [Worker-93: Building] INFO  o.a.m.s.f.DefaultMavenResourcesFiltering - Copying 0 resource from src\main\resources to target\classes
2024-11-28 11:57:42,225 [Worker-93: Building] INFO  o.a.m.s.f.DefaultMavenResourcesFiltering - skip non existing resourceDirectory C:\Users\Matias Mamani\Desktop\Proyecto Pino\ProyectoFabrica_PS\Backend\ProyectoFabricaPS\src\test\resources
2024-11-28 11:57:49,757 [Worker-96: Building] INFO  o.a.m.s.f.DefaultMavenResourcesFiltering - Copying 1 resource from src\main\resources to target\classes
2024-11-28 11:57:49,782 [Worker-96: Building] INFO  o.a.m.s.f.DefaultMavenResourcesFiltering - Copying 0 resource from src\main\resources to target\classes
2024-11-28 11:57:49,790 [Worker-96: Building] INFO  o.a.m.s.f.DefaultMavenResourcesFiltering - skip non existing resourceDirectory C:\Users\Matias Mamani\Desktop\Proyecto Pino\ProyectoFabrica_PS\Backend\ProyectoFabricaPS\src\test\resources
2024-11-28 11:58:25,052 [Worker-94: Building] INFO  o.a.m.s.f.DefaultMavenResourcesFiltering - Copying 1 resource from src\main\resources to target\classes
2024-11-28 11:58:25,132 [Worker-94: Building] INFO  o.a.m.s.f.DefaultMavenResourcesFiltering - Copying 0 resource from src\main\resources to target\classes
2024-11-28 11:58:25,164 [Worker-94: Building] INFO  o.a.m.s.f.DefaultMavenResourcesFiltering - skip non existing resourceDirectory C:\Users\Matias Mamani\Desktop\Proyecto Pino\ProyectoFabrica_PS\Backend\ProyectoFabricaPS\src\test\resources
2024-11-28 11:58:41,566 [Worker-94: Building] INFO  o.a.m.s.f.DefaultMavenResourcesFiltering - Copying 1 resource from src\main\resources to target\classes
2024-11-28 11:58:41,578 [Worker-94: Building] INFO  o.a.m.s.f.DefaultMavenResourcesFiltering - Copying 0 resource from src\main\resources to target\classes
2024-11-28 11:58:41,584 [Worker-94: Building] INFO  o.a.m.s.f.DefaultMavenResourcesFiltering - skip non existing resourceDirectory C:\Users\Matias Mamani\Desktop\Proyecto Pino\ProyectoFabrica_PS\Backend\ProyectoFabricaPS\src\test\resources
2024-11-28 12:06:20,028 [Worker-102: Building] INFO  o.a.m.s.f.DefaultMavenResourcesFiltering - Copying 1 resource from src\main\resources to target\classes
2024-11-28 12:06:20,041 [Worker-102: Building] INFO  o.a.m.s.f.DefaultMavenResourcesFiltering - Copying 0 resource from src\main\resources to target\classes
2024-11-28 12:06:20,045 [Worker-102: Building] INFO  o.a.m.s.f.DefaultMavenResourcesFiltering - skip non existing resourceDirectory C:\Users\Matias Mamani\Desktop\Proyecto Pino\ProyectoFabrica_PS\Backend\ProyectoFabricaPS\src\test\resources
2024-11-28 12:06:26,475 [Worker-96: Building] INFO  o.a.m.s.f.DefaultMavenResourcesFiltering - Copying 1 resource from src\main\resources to target\classes
2024-11-28 12:06:26,487 [Worker-96: Building] INFO  o.a.m.s.f.DefaultMavenResourcesFiltering - Copying 0 resource from src\main\resources to target\classes
2024-11-28 12:06:26,491 [Worker-96: Building] INFO  o.a.m.s.f.DefaultMavenResourcesFiltering - skip non existing resourceDirectory C:\Users\Matias Mamani\Desktop\Proyecto Pino\ProyectoFabrica_PS\Backend\ProyectoFabricaPS\src\test\resources
2024-11-28 12:06:40,592 [Worker-103: Building] INFO  o.a.m.s.f.DefaultMavenResourcesFiltering - Copying 1 resource from src\main\resources to target\classes
2024-11-28 12:06:40,610 [Worker-103: Building] INFO  o.a.m.s.f.DefaultMavenResourcesFiltering - Copying 0 resource from src\main\resources to target\classes
2024-11-28 12:06:40,617 [Worker-103: Building] INFO  o.a.m.s.f.DefaultMavenResourcesFiltering - skip non existing resourceDirectory C:\Users\Matias Mamani\Desktop\Proyecto Pino\ProyectoFabrica_PS\Backend\ProyectoFabricaPS\src\test\resources
2024-11-28 12:13:54,825 [Worker-106: Building] INFO  o.a.m.s.f.DefaultMavenResourcesFiltering - Copying 1 resource from src\main\resources to target\classes
2024-11-28 12:13:54,844 [Worker-106: Building] INFO  o.a.m.s.f.DefaultMavenResourcesFiltering - Copying 0 resource from src\main\resources to target\classes
2024-11-28 12:13:54,860 [Worker-106: Building] INFO  o.a.m.s.f.DefaultMavenResourcesFiltering - skip non existing resourceDirectory C:\Users\Matias Mamani\Desktop\Proyecto Pino\ProyectoFabrica_PS\Backend\ProyectoFabricaPS\src\test\resources
2024-11-28 12:24:04,967 [Worker-110: Building] INFO  o.a.m.s.f.DefaultMavenResourcesFiltering - Copying 1 resource from src\main\resources to target\classes
2024-11-28 12:24:05,003 [Worker-110: Building] INFO  o.a.m.s.f.DefaultMavenResourcesFiltering - Copying 0 resource from src\main\resources to target\classes
2024-11-28 12:24:05,009 [Worker-110: Building] INFO  o.a.m.s.f.DefaultMavenResourcesFiltering - skip non existing resourceDirectory C:\Users\Matias Mamani\Desktop\Proyecto Pino\ProyectoFabrica_PS\Backend\ProyectoFabricaPS\src\test\resources
2024-11-28 12:24:14,251 [Worker-107: Building] INFO  o.a.m.s.f.DefaultMavenResourcesFiltering - Copying 1 resource from src\main\resources to target\classes
2024-11-28 12:24:14,282 [Worker-107: Building] INFO  o.a.m.s.f.DefaultMavenResourcesFiltering - Copying 0 resource from src\main\resources to target\classes
2024-11-28 12:24:14,288 [Worker-107: Building] INFO  o.a.m.s.f.DefaultMavenResourcesFiltering - skip non existing resourceDirectory C:\Users\Matias Mamani\Desktop\Proyecto Pino\ProyectoFabrica_PS\Backend\ProyectoFabricaPS\src\test\resources
2024-11-28 12:24:29,097 [Worker-110: Building] INFO  o.a.m.s.f.DefaultMavenResourcesFiltering - Copying 1 resource from src\main\resources to target\classes
2024-11-28 12:24:29,126 [Worker-110: Building] INFO  o.a.m.s.f.DefaultMavenResourcesFiltering - Copying 0 resource from src\main\resources to target\classes
2024-11-28 12:24:29,133 [Worker-110: Building] INFO  o.a.m.s.f.DefaultMavenResourcesFiltering - skip non existing resourceDirectory C:\Users\Matias Mamani\Desktop\Proyecto Pino\ProyectoFabrica_PS\Backend\ProyectoFabricaPS\src\test\resources
2024-11-28 12:24:33,401 [Worker-107: Building] INFO  o.a.m.s.f.DefaultMavenResourcesFiltering - Copying 1 resource from src\main\resources to target\classes
2024-11-28 12:24:33,425 [Worker-107: Building] INFO  o.a.m.s.f.DefaultMavenResourcesFiltering - Copying 0 resource from src\main\resources to target\classes
2024-11-28 12:24:33,429 [Worker-107: Building] INFO  o.a.m.s.f.DefaultMavenResourcesFiltering - skip non existing resourceDirectory C:\Users\Matias Mamani\Desktop\Proyecto Pino\ProyectoFabrica_PS\Backend\ProyectoFabricaPS\src\test\resources
2024-11-28 12:24:41,947 [Worker-107: Building] INFO  o.a.m.s.f.DefaultMavenResourcesFiltering - Copying 1 resource from src\main\resources to target\classes
2024-11-28 12:24:41,960 [Worker-107: Building] INFO  o.a.m.s.f.DefaultMavenResourcesFiltering - Copying 0 resource from src\main\resources to target\classes
2024-11-28 12:24:41,968 [Worker-107: Building] INFO  o.a.m.s.f.DefaultMavenResourcesFiltering - skip non existing resourceDirectory C:\Users\Matias Mamani\Desktop\Proyecto Pino\ProyectoFabrica_PS\Backend\ProyectoFabricaPS\src\test\resources
2024-11-28 12:29:36,256 [Worker-112: Building] INFO  o.a.m.s.f.DefaultMavenResourcesFiltering - Copying 1 resource from src\main\resources to target\classes
2024-11-28 12:29:36,278 [Worker-112: Building] INFO  o.a.m.s.f.DefaultMavenResourcesFiltering - Copying 0 resource from src\main\resources to target\classes
2024-11-28 12:29:36,296 [Worker-112: Building] INFO  o.a.m.s.f.DefaultMavenResourcesFiltering - skip non existing resourceDirectory C:\Users\Matias Mamani\Desktop\Proyecto Pino\ProyectoFabrica_PS\Backend\ProyectoFabricaPS\src\test\resources
2024-11-28 12:45:50,032 [Worker-117: Building] INFO  o.a.m.s.f.DefaultMavenResourcesFiltering - Copying 1 resource from src\main\resources to target\classes
2024-11-28 12:45:50,048 [Worker-117: Building] INFO  o.a.m.s.f.DefaultMavenResourcesFiltering - Copying 0 resource from src\main\resources to target\classes
2024-11-28 12:45:50,055 [Worker-117: Building] INFO  o.a.m.s.f.DefaultMavenResourcesFiltering - skip non existing resourceDirectory C:\Users\Matias Mamani\Desktop\Proyecto Pino\ProyectoFabrica_PS\Backend\ProyectoFabricaPS\src\test\resources
2024-11-28 13:28:51,421 [Worker-125: Building] INFO  o.a.m.s.f.DefaultMavenResourcesFiltering - Copying 1 resource from src\main\resources to target\classes
2024-11-28 13:28:51,494 [Worker-125: Building] INFO  o.a.m.s.f.DefaultMavenResourcesFiltering - Copying 0 resource from src\main\resources to target\classes
2024-11-28 13:28:51,500 [Worker-125: Building] INFO  o.a.m.s.f.DefaultMavenResourcesFiltering - skip non existing resourceDirectory C:\Users\Matias Mamani\Desktop\Proyecto Pino\ProyectoFabrica_PS\Backend\ProyectoFabricaPS\src\test\resources
2024-11-28 13:29:12,646 [Worker-125: Building] INFO  o.a.m.s.f.DefaultMavenResourcesFiltering - Copying 1 resource from src\main\resources to target\classes
2024-11-28 13:29:12,671 [Worker-125: Building] INFO  o.a.m.s.f.DefaultMavenResourcesFiltering - Copying 0 resource from src\main\resources to target\classes
2024-11-28 13:29:12,676 [Worker-125: Building] INFO  o.a.m.s.f.DefaultMavenResourcesFiltering - skip non existing resourceDirectory C:\Users\Matias Mamani\Desktop\Proyecto Pino\ProyectoFabrica_PS\Backend\ProyectoFabricaPS\src\test\resources
2024-11-28 13:49:21,990 [Worker-129: Building] INFO  o.a.m.s.f.DefaultMavenResourcesFiltering - Copying 1 resource from src\main\resources to target\classes
2024-11-28 13:49:22,059 [Worker-129: Building] INFO  o.a.m.s.f.DefaultMavenResourcesFiltering - Copying 0 resource from src\main\resources to target\classes
2024-11-28 13:49:22,071 [Worker-129: Building] INFO  o.a.m.s.f.DefaultMavenResourcesFiltering - skip non existing resourceDirectory C:\Users\Matias Mamani\Desktop\Proyecto Pino\ProyectoFabrica_PS\Backend\ProyectoFabricaPS\src\test\resources
2024-11-28 13:49:23,307 [Worker-129: Building] INFO  o.a.m.s.f.DefaultMavenResourcesFiltering - Copying 1 resource from src\main\resources to target\classes
2024-11-28 13:49:23,354 [Worker-129: Building] INFO  o.a.m.s.f.DefaultMavenResourcesFiltering - Copying 0 resource from src\main\resources to target\classes
2024-11-28 13:49:23,358 [Worker-129: Building] INFO  o.a.m.s.f.DefaultMavenResourcesFiltering - skip non existing resourceDirectory C:\Users\Matias Mamani\Desktop\Proyecto Pino\ProyectoFabrica_PS\Backend\ProyectoFabricaPS\src\test\resources
2024-11-28 13:56:48,369 [Worker-128: Building] INFO  o.a.m.s.f.DefaultMavenResourcesFiltering - Copying 1 resource from src\main\resources to target\classes
2024-11-28 13:56:48,382 [Worker-128: Building] INFO  o.a.m.s.f.DefaultMavenResourcesFiltering - Copying 0 resource from src\main\resources to target\classes
2024-11-28 13:56:48,388 [Worker-128: Building] INFO  o.a.m.s.f.DefaultMavenResourcesFiltering - skip non existing resourceDirectory C:\Users\Matias Mamani\Desktop\Proyecto Pino\ProyectoFabrica_PS\Backend\ProyectoFabricaPS\src\test\resources
2024-11-28 13:59:41,810 [Worker-142: Building] INFO  o.a.m.s.f.DefaultMavenResourcesFiltering - Copying 1 resource from src\main\resources to target\classes
2024-11-28 13:59:41,843 [Worker-142: Building] INFO  o.a.m.s.f.DefaultMavenResourcesFiltering - Copying 0 resource from src\main\resources to target\classes
2024-11-28 13:59:41,851 [Worker-142: Building] INFO  o.a.m.s.f.DefaultMavenResourcesFiltering - skip non existing resourceDirectory C:\Users\Matias Mamani\Desktop\Proyecto Pino\ProyectoFabrica_PS\Backend\ProyectoFabricaPS\src\test\resources
2024-11-28 14:29:03,475 [Worker-156: Building] INFO  o.a.m.s.f.DefaultMavenResourcesFiltering - Copying 1 resource from src\main\resources to target\classes
2024-11-28 14:29:03,529 [Worker-156: Building] INFO  o.a.m.s.f.DefaultMavenResourcesFiltering - Copying 0 resource from src\main\resources to target\classes
2024-11-28 14:29:03,532 [Worker-156: Building] INFO  o.a.m.s.f.DefaultMavenResourcesFiltering - skip non existing resourceDirectory C:\Users\Matias Mamani\Desktop\Proyecto Pino\ProyectoFabrica_PS\Backend\ProyectoFabricaPS\src\test\resources
2024-11-28 14:29:39,364 [Worker-156: Building] INFO  o.a.m.s.f.DefaultMavenResourcesFiltering - Copying 1 resource from src\main\resources to target\classes
2024-11-28 14:29:39,395 [Worker-156: Building] INFO  o.a.m.s.f.DefaultMavenResourcesFiltering - Copying 0 resource from src\main\resources to target\classes
2024-11-28 14:29:39,406 [Worker-156: Building] INFO  o.a.m.s.f.DefaultMavenResourcesFiltering - skip non existing resourceDirectory C:\Users\Matias Mamani\Desktop\Proyecto Pino\ProyectoFabrica_PS\Backend\ProyectoFabricaPS\src\test\resources
2024-11-28 14:29:47,123 [Worker-155: Building] INFO  o.a.m.s.f.DefaultMavenResourcesFiltering - Copying 1 resource from src\main\resources to target\classes
2024-11-28 14:29:47,161 [Worker-155: Building] INFO  o.a.m.s.f.DefaultMavenResourcesFiltering - Copying 0 resource from src\main\resources to target\classes
2024-11-28 14:29:47,168 [Worker-155: Building] INFO  o.a.m.s.f.DefaultMavenResourcesFiltering - skip non existing resourceDirectory C:\Users\Matias Mamani\Desktop\Proyecto Pino\ProyectoFabrica_PS\Backend\ProyectoFabricaPS\src\test\resources
2024-11-28 14:30:45,037 [Worker-157: Building] INFO  o.a.m.s.f.DefaultMavenResourcesFiltering - Copying 1 resource from src\main\resources to target\classes
2024-11-28 14:30:45,048 [Worker-157: Building] INFO  o.a.m.s.f.DefaultMavenResourcesFiltering - Copying 0 resource from src\main\resources to target\classes
2024-11-28 14:30:45,052 [Worker-157: Building] INFO  o.a.m.s.f.DefaultMavenResourcesFiltering - skip non existing resourceDirectory C:\Users\Matias Mamani\Desktop\Proyecto Pino\ProyectoFabrica_PS\Backend\ProyectoFabricaPS\src\test\resources
2024-11-28 14:30:51,412 [Worker-156: Building] INFO  o.a.m.s.f.DefaultMavenResourcesFiltering - Copying 1 resource from src\main\resources to target\classes
2024-11-28 14:30:51,424 [Worker-156: Building] INFO  o.a.m.s.f.DefaultMavenResourcesFiltering - Copying 0 resource from src\main\resources to target\classes
2024-11-28 14:30:51,428 [Worker-156: Building] INFO  o.a.m.s.f.DefaultMavenResourcesFiltering - skip non existing resourceDirectory C:\Users\Matias Mamani\Desktop\Proyecto Pino\ProyectoFabrica_PS\Backend\ProyectoFabricaPS\src\test\resources
2024-11-28 14:30:57,406 [Worker-152: Building] INFO  o.a.m.s.f.DefaultMavenResourcesFiltering - Copying 1 resource from src\main\resources to target\classes
2024-11-28 14:30:57,436 [Worker-152: Building] INFO  o.a.m.s.f.DefaultMavenResourcesFiltering - Copying 0 resource from src\main\resources to target\classes
2024-11-28 14:30:57,442 [Worker-152: Building] INFO  o.a.m.s.f.DefaultMavenResourcesFiltering - skip non existing resourceDirectory C:\Users\Matias Mamani\Desktop\Proyecto Pino\ProyectoFabrica_PS\Backend\ProyectoFabricaPS\src\test\resources
2024-11-28 14:31:07,727 [Worker-155: Building] INFO  o.a.m.s.f.DefaultMavenResourcesFiltering - Copying 1 resource from src\main\resources to target\classes
2024-11-28 14:31:07,741 [Worker-155: Building] INFO  o.a.m.s.f.DefaultMavenResourcesFiltering - Copying 0 resource from src\main\resources to target\classes
2024-11-28 14:31:07,749 [Worker-155: Building] INFO  o.a.m.s.f.DefaultMavenResourcesFiltering - skip non existing resourceDirectory C:\Users\Matias Mamani\Desktop\Proyecto Pino\ProyectoFabrica_PS\Backend\ProyectoFabricaPS\src\test\resources
2024-11-28 14:31:11,894 [Worker-152: Building] INFO  o.a.m.s.f.DefaultMavenResourcesFiltering - Copying 1 resource from src\main\resources to target\classes
2024-11-28 14:31:11,906 [Worker-152: Building] INFO  o.a.m.s.f.DefaultMavenResourcesFiltering - Copying 0 resource from src\main\resources to target\classes
2024-11-28 14:31:11,911 [Worker-152: Building] INFO  o.a.m.s.f.DefaultMavenResourcesFiltering - skip non existing resourceDirectory C:\Users\Matias Mamani\Desktop\Proyecto Pino\ProyectoFabrica_PS\Backend\ProyectoFabricaPS\src\test\resources
2024-11-28 14:31:14,204 [Worker-154: Building] INFO  o.a.m.s.f.DefaultMavenResourcesFiltering - Copying 1 resource from src\main\resources to target\classes
2024-11-28 14:31:14,228 [Worker-154: Building] INFO  o.a.m.s.f.DefaultMavenResourcesFiltering - Copying 0 resource from src\main\resources to target\classes
2024-11-28 14:31:14,236 [Worker-154: Building] INFO  o.a.m.s.f.DefaultMavenResourcesFiltering - skip non existing resourceDirectory C:\Users\Matias Mamani\Desktop\Proyecto Pino\ProyectoFabrica_PS\Backend\ProyectoFabricaPS\src\test\resources
2024-11-28 14:33:53,120 [Worker-161: Building] INFO  o.a.m.s.f.DefaultMavenResourcesFiltering - Copying 1 resource from src\main\resources to target\classes
2024-11-28 14:33:53,134 [Worker-161: Building] INFO  o.a.m.s.f.DefaultMavenResourcesFiltering - Copying 0 resource from src\main\resources to target\classes
2024-11-28 14:33:53,139 [Worker-161: Building] INFO  o.a.m.s.f.DefaultMavenResourcesFiltering - skip non existing resourceDirectory C:\Users\Matias Mamani\Desktop\Proyecto Pino\ProyectoFabrica_PS\Backend\ProyectoFabricaPS\src\test\resources
2024-11-28 14:34:18,548 [Worker-164: Building] INFO  o.a.m.s.f.DefaultMavenResourcesFiltering - Copying 1 resource from src\main\resources to target\classes
2024-11-28 14:34:18,561 [Worker-164: Building] INFO  o.a.m.s.f.DefaultMavenResourcesFiltering - Copying 0 resource from src\main\resources to target\classes
2024-11-28 14:34:18,567 [Worker-164: Building] INFO  o.a.m.s.f.DefaultMavenResourcesFiltering - skip non existing resourceDirectory C:\Users\Matias Mamani\Desktop\Proyecto Pino\ProyectoFabrica_PS\Backend\ProyectoFabricaPS\src\test\resources
2024-11-28 14:34:19,715 [Worker-152: Building] INFO  o.a.m.s.f.DefaultMavenResourcesFiltering - Copying 1 resource from src\main\resources to target\classes
2024-11-28 14:34:19,725 [Worker-152: Building] INFO  o.a.m.s.f.DefaultMavenResourcesFiltering - Copying 0 resource from src\main\resources to target\classes
2024-11-28 14:34:19,730 [Worker-152: Building] INFO  o.a.m.s.f.DefaultMavenResourcesFiltering - skip non existing resourceDirectory C:\Users\Matias Mamani\Desktop\Proyecto Pino\ProyectoFabrica_PS\Backend\ProyectoFabricaPS\src\test\resources
2024-11-28 14:34:27,645 [Worker-152: Building] INFO  o.a.m.s.f.DefaultMavenResourcesFiltering - Copying 1 resource from src\main\resources to target\classes
2024-11-28 14:34:27,655 [Worker-152: Building] INFO  o.a.m.s.f.DefaultMavenResourcesFiltering - Copying 0 resource from src\main\resources to target\classes
2024-11-28 14:34:27,661 [Worker-152: Building] INFO  o.a.m.s.f.DefaultMavenResourcesFiltering - skip non existing resourceDirectory C:\Users\Matias Mamani\Desktop\Proyecto Pino\ProyectoFabrica_PS\Backend\ProyectoFabricaPS\src\test\resources
2024-11-28 14:34:59,417 [Worker-161: Building] INFO  o.a.m.s.f.DefaultMavenResourcesFiltering - Copying 1 resource from src\main\resources to target\classes
2024-11-28 14:34:59,433 [Worker-161: Building] INFO  o.a.m.s.f.DefaultMavenResourcesFiltering - Copying 0 resource from src\main\resources to target\classes
2024-11-28 14:34:59,439 [Worker-161: Building] INFO  o.a.m.s.f.DefaultMavenResourcesFiltering - skip non existing resourceDirectory C:\Users\Matias Mamani\Desktop\Proyecto Pino\ProyectoFabrica_PS\Backend\ProyectoFabricaPS\src\test\resources
2024-11-28 14:42:13,671 [Worker-162: Building] INFO  o.a.m.s.f.DefaultMavenResourcesFiltering - Copying 1 resource from src\main\resources to target\classes
2024-11-28 14:42:13,769 [Worker-162: Building] INFO  o.a.m.s.f.DefaultMavenResourcesFiltering - Copying 0 resource from src\main\resources to target\classes
2024-11-28 14:42:13,778 [Worker-162: Building] INFO  o.a.m.s.f.DefaultMavenResourcesFiltering - skip non existing resourceDirectory C:\Users\Matias Mamani\Desktop\Proyecto Pino\ProyectoFabrica_PS\Backend\ProyectoFabricaPS\src\test\resources
2024-11-28 14:42:26,717 [Worker-162: Building] INFO  o.a.m.s.f.DefaultMavenResourcesFiltering - Copying 1 resource from src\main\resources to target\classes
2024-11-28 14:42:26,755 [Worker-162: Building] INFO  o.a.m.s.f.DefaultMavenResourcesFiltering - Copying 0 resource from src\main\resources to target\classes
2024-11-28 14:42:26,763 [Worker-162: Building] INFO  o.a.m.s.f.DefaultMavenResourcesFiltering - skip non existing resourceDirectory C:\Users\Matias Mamani\Desktop\Proyecto Pino\ProyectoFabrica_PS\Backend\ProyectoFabricaPS\src\test\resources
2024-11-28 14:48:14,910 [Worker-166: Building] INFO  o.a.m.s.f.DefaultMavenResourcesFiltering - Copying 1 resource from src\main\resources to target\classes
2024-11-28 14:48:14,978 [Worker-166: Building] INFO  o.a.m.s.f.DefaultMavenResourcesFiltering - Copying 0 resource from src\main\resources to target\classes
2024-11-28 14:48:14,985 [Worker-166: Building] INFO  o.a.m.s.f.DefaultMavenResourcesFiltering - skip non existing resourceDirectory C:\Users\Matias Mamani\Desktop\Proyecto Pino\ProyectoFabrica_PS\Backend\ProyectoFabricaPS\src\test\resources
2024-11-28 14:50:05,990 [Worker-166: Building] INFO  o.a.m.s.f.DefaultMavenResourcesFiltering - Copying 1 resource from src\main\resources to target\classes
2024-11-28 14:50:06,034 [Worker-166: Building] INFO  o.a.m.s.f.DefaultMavenResourcesFiltering - Copying 0 resource from src\main\resources to target\classes
2024-11-28 14:50:06,039 [Worker-166: Building] INFO  o.a.m.s.f.DefaultMavenResourcesFiltering - skip non existing resourceDirectory C:\Users\Matias Mamani\Desktop\Proyecto Pino\ProyectoFabrica_PS\Backend\ProyectoFabricaPS\src\test\resources
2024-11-28 14:50:18,038 [Worker-172: Building] INFO  o.a.m.s.f.DefaultMavenResourcesFiltering - Copying 1 resource from src\main\resources to target\classes
2024-11-28 14:50:18,088 [Worker-172: Building] INFO  o.a.m.s.f.DefaultMavenResourcesFiltering - Copying 0 resource from src\main\resources to target\classes
2024-11-28 14:50:18,092 [Worker-172: Building] INFO  o.a.m.s.f.DefaultMavenResourcesFiltering - skip non existing resourceDirectory C:\Users\Matias Mamani\Desktop\Proyecto Pino\ProyectoFabrica_PS\Backend\ProyectoFabricaPS\src\test\resources
2024-12-02 12:00:54,731 [Worker-188: Building] INFO  o.a.m.s.f.DefaultMavenResourcesFiltering - Copying 1 resource from src\main\resources to target\classes
2024-12-02 12:00:54,888 [Worker-188: Building] INFO  o.a.m.s.f.DefaultMavenResourcesFiltering - Copying 0 resource from src\main\resources to target\classes
2024-12-02 12:00:54,893 [Worker-188: Building] INFO  o.a.m.s.f.DefaultMavenResourcesFiltering - skip non existing resourceDirectory C:\Users\Matias Mamani\Desktop\Proyecto Pino\ProyectoFabrica_PS\Backend\ProyectoFabricaPS\src\test\resources
2024-12-02 12:01:07,383 [Worker-189: Building] INFO  o.a.m.s.f.DefaultMavenResourcesFiltering - Copying 1 resource from src\main\resources to target\classes
2024-12-02 12:01:07,616 [Worker-189: Building] INFO  o.a.m.s.f.DefaultMavenResourcesFiltering - Copying 0 resource from src\main\resources to target\classes
2024-12-02 12:01:07,624 [Worker-189: Building] INFO  o.a.m.s.f.DefaultMavenResourcesFiltering - skip non existing resourceDirectory C:\Users\Matias Mamani\Desktop\Proyecto Pino\ProyectoFabrica_PS\Backend\ProyectoFabricaPS\src\test\resources
2024-12-02 12:03:15,473 [Worker-189: Building] INFO  o.a.m.s.f.DefaultMavenResourcesFiltering - Copying 1 resource from src\main\resources to target\classes
2024-12-02 12:03:15,546 [Worker-189: Building] INFO  o.a.m.s.f.DefaultMavenResourcesFiltering - Copying 0 resource from src\main\resources to target\classes
2024-12-02 12:03:15,550 [Worker-189: Building] INFO  o.a.m.s.f.DefaultMavenResourcesFiltering - skip non existing resourceDirectory C:\Users\Matias Mamani\Desktop\Proyecto Pino\ProyectoFabrica_PS\Backend\ProyectoFabricaPS\src\test\resources
2024-12-02 12:08:01,416 [Worker-192: Building] INFO  o.a.m.s.f.DefaultMavenResourcesFiltering - Copying 1 resource from src\main\resources to target\classes
2024-12-02 12:08:01,443 [Worker-192: Building] INFO  o.a.m.s.f.DefaultMavenResourcesFiltering - Copying 0 resource from src\main\resources to target\classes
2024-12-02 12:08:01,449 [Worker-192: Building] INFO  o.a.m.s.f.DefaultMavenResourcesFiltering - skip non existing resourceDirectory C:\Users\Matias Mamani\Desktop\Proyecto Pino\ProyectoFabrica_PS\Backend\ProyectoFabricaPS\src\test\resources
2024-12-02 12:08:04,688 [Worker-192: Building] INFO  o.a.m.s.f.DefaultMavenResourcesFiltering - Copying 1 resource from src\main\resources to target\classes
2024-12-02 12:08:04,712 [Worker-192: Building] INFO  o.a.m.s.f.DefaultMavenResourcesFiltering - Copying 0 resource from src\main\resources to target\classes
2024-12-02 12:08:04,716 [Worker-192: Building] INFO  o.a.m.s.f.DefaultMavenResourcesFiltering - skip non existing resourceDirectory C:\Users\Matias Mamani\Desktop\Proyecto Pino\ProyectoFabrica_PS\Backend\ProyectoFabricaPS\src\test\resources
2024-12-02 12:08:46,264 [Worker-185: Building] INFO  o.a.m.s.f.DefaultMavenResourcesFiltering - Copying 1 resource from src\main\resources to target\classes
2024-12-02 12:08:46,281 [Worker-185: Building] INFO  o.a.m.s.f.DefaultMavenResourcesFiltering - Copying 0 resource from src\main\resources to target\classes
2024-12-02 12:08:46,289 [Worker-185: Building] INFO  o.a.m.s.f.DefaultMavenResourcesFiltering - skip non existing resourceDirectory C:\Users\Matias Mamani\Desktop\Proyecto Pino\ProyectoFabrica_PS\Backend\ProyectoFabricaPS\src\test\resources
2024-12-02 12:32:49,975 [Worker-206: Building] INFO  o.a.m.s.f.DefaultMavenResourcesFiltering - Copying 1 resource from src\main\resources to target\classes
2024-12-02 12:32:50,031 [Worker-206: Building] INFO  o.a.m.s.f.DefaultMavenResourcesFiltering - Copying 0 resource from src\main\resources to target\classes
2024-12-02 12:32:50,035 [Worker-206: Building] INFO  o.a.m.s.f.DefaultMavenResourcesFiltering - skip non existing resourceDirectory C:\Users\Matias Mamani\Desktop\Proyecto Pino\ProyectoFabrica_PS\Backend\ProyectoFabricaPS\src\test\resources
2024-12-02 12:34:27,103 [Worker-207: Building] INFO  o.a.m.s.f.DefaultMavenResourcesFiltering - Copying 1 resource from src\main\resources to target\classes
2024-12-02 12:34:27,125 [Worker-207: Building] INFO  o.a.m.s.f.DefaultMavenResourcesFiltering - Copying 0 resource from src\main\resources to target\classes
2024-12-02 12:34:27,139 [Worker-207: Building] INFO  o.a.m.s.f.DefaultMavenResourcesFiltering - skip non existing resourceDirectory C:\Users\Matias Mamani\Desktop\Proyecto Pino\ProyectoFabrica_PS\Backend\ProyectoFabricaPS\src\test\resources
2024-12-02 12:34:33,752 [Worker-206: Building] INFO  o.a.m.s.f.DefaultMavenResourcesFiltering - Copying 1 resource from src\main\resources to target\classes
2024-12-02 12:34:33,768 [Worker-206: Building] INFO  o.a.m.s.f.DefaultMavenResourcesFiltering - Copying 0 resource from src\main\resources to target\classes
2024-12-02 12:34:33,772 [Worker-206: Building] INFO  o.a.m.s.f.DefaultMavenResourcesFiltering - skip non existing resourceDirectory C:\Users\Matias Mamani\Desktop\Proyecto Pino\ProyectoFabrica_PS\Backend\ProyectoFabricaPS\src\test\resources
2024-12-02 12:34:34,952 [Worker-196: Building] INFO  o.a.m.s.f.DefaultMavenResourcesFiltering - Copying 1 resource from src\main\resources to target\classes
2024-12-02 12:34:34,979 [Worker-196: Building] INFO  o.a.m.s.f.DefaultMavenResourcesFiltering - Copying 0 resource from src\main\resources to target\classes
2024-12-02 12:34:34,984 [Worker-196: Building] INFO  o.a.m.s.f.DefaultMavenResourcesFiltering - skip non existing resourceDirectory C:\Users\Matias Mamani\Desktop\Proyecto Pino\ProyectoFabrica_PS\Backend\ProyectoFabricaPS\src\test\resources
2024-12-02 13:53:07,689 [Worker-214: Building] INFO  o.a.m.s.f.DefaultMavenResourcesFiltering - Copying 1 resource from src\main\resources to target\classes
2024-12-02 13:53:07,799 [Worker-214: Building] INFO  o.a.m.s.f.DefaultMavenResourcesFiltering - Copying 0 resource from src\main\resources to target\classes
2024-12-02 13:53:07,805 [Worker-214: Building] INFO  o.a.m.s.f.DefaultMavenResourcesFiltering - skip non existing resourceDirectory C:\Users\Matias Mamani\Desktop\Proyecto Pino\ProyectoFabrica_PS\Backend\ProyectoFabricaPS\src\test\resources
2024-12-02 13:53:34,899 [Worker-216: Building] INFO  o.a.m.s.f.DefaultMavenResourcesFiltering - Copying 1 resource from src\main\resources to target\classes
2024-12-02 13:53:34,941 [Worker-216: Building] INFO  o.a.m.s.f.DefaultMavenResourcesFiltering - Copying 0 resource from src\main\resources to target\classes
2024-12-02 13:53:34,948 [Worker-216: Building] INFO  o.a.m.s.f.DefaultMavenResourcesFiltering - skip non existing resourceDirectory C:\Users\Matias Mamani\Desktop\Proyecto Pino\ProyectoFabrica_PS\Backend\ProyectoFabricaPS\src\test\resources
2024-12-02 13:53:36,064 [Worker-215: Building] INFO  o.a.m.s.f.DefaultMavenResourcesFiltering - Copying 1 resource from src\main\resources to target\classes
2024-12-02 13:53:36,092 [Worker-215: Building] INFO  o.a.m.s.f.DefaultMavenResourcesFiltering - Copying 0 resource from src\main\resources to target\classes
2024-12-02 13:53:36,096 [Worker-215: Building] INFO  o.a.m.s.f.DefaultMavenResourcesFiltering - skip non existing resourceDirectory C:\Users\Matias Mamani\Desktop\Proyecto Pino\ProyectoFabrica_PS\Backend\ProyectoFabricaPS\src\test\resources
2024-12-02 13:54:08,195 [Worker-216: Building] INFO  o.a.m.s.f.DefaultMavenResourcesFiltering - Copying 1 resource from src\main\resources to target\classes
2024-12-02 13:54:08,208 [Worker-216: Building] INFO  o.a.m.s.f.DefaultMavenResourcesFiltering - Copying 0 resource from src\main\resources to target\classes
2024-12-02 13:54:08,213 [Worker-216: Building] INFO  o.a.m.s.f.DefaultMavenResourcesFiltering - skip non existing resourceDirectory C:\Users\Matias Mamani\Desktop\Proyecto Pino\ProyectoFabrica_PS\Backend\ProyectoFabricaPS\src\test\resources
2024-12-02 13:54:26,952 [Worker-216: Building] INFO  o.a.m.s.f.DefaultMavenResourcesFiltering - Copying 1 resource from src\main\resources to target\classes
2024-12-02 13:54:26,966 [Worker-216: Building] INFO  o.a.m.s.f.DefaultMavenResourcesFiltering - Copying 0 resource from src\main\resources to target\classes
2024-12-02 13:54:26,972 [Worker-216: Building] INFO  o.a.m.s.f.DefaultMavenResourcesFiltering - skip non existing resourceDirectory C:\Users\Matias Mamani\Desktop\Proyecto Pino\ProyectoFabrica_PS\Backend\ProyectoFabricaPS\src\test\resources
2024-12-02 13:54:50,740 [Worker-217: Building] INFO  o.a.m.s.f.DefaultMavenResourcesFiltering - Copying 1 resource from src\main\resources to target\classes
2024-12-02 13:54:50,752 [Worker-217: Building] INFO  o.a.m.s.f.DefaultMavenResourcesFiltering - Copying 0 resource from src\main\resources to target\classes
2024-12-02 13:54:50,756 [Worker-217: Building] INFO  o.a.m.s.f.DefaultMavenResourcesFiltering - skip non existing resourceDirectory C:\Users\Matias Mamani\Desktop\Proyecto Pino\ProyectoFabrica_PS\Backend\ProyectoFabricaPS\src\test\resources
2024-12-02 13:58:37,741 [Worker-220: Building] INFO  o.a.m.s.f.DefaultMavenResourcesFiltering - Copying 1 resource from src\main\resources to target\classes
2024-12-02 13:58:37,756 [Worker-220: Building] INFO  o.a.m.s.f.DefaultMavenResourcesFiltering - Copying 0 resource from src\main\resources to target\classes
2024-12-02 13:58:37,762 [Worker-220: Building] INFO  o.a.m.s.f.DefaultMavenResourcesFiltering - skip non existing resourceDirectory C:\Users\Matias Mamani\Desktop\Proyecto Pino\ProyectoFabrica_PS\Backend\ProyectoFabricaPS\src\test\resources
2024-12-02 14:00:25,211 [Worker-216: Building] INFO  o.a.m.s.f.DefaultMavenResourcesFiltering - Copying 1 resource from src\main\resources to target\classes
2024-12-02 14:00:25,225 [Worker-216: Building] INFO  o.a.m.s.f.DefaultMavenResourcesFiltering - Copying 0 resource from src\main\resources to target\classes
2024-12-02 14:00:25,232 [Worker-216: Building] INFO  o.a.m.s.f.DefaultMavenResourcesFiltering - skip non existing resourceDirectory C:\Users\Matias Mamani\Desktop\Proyecto Pino\ProyectoFabrica_PS\Backend\ProyectoFabricaPS\src\test\resources
2024-12-02 14:01:01,360 [Worker-224: Building] INFO  o.a.m.s.f.DefaultMavenResourcesFiltering - Copying 1 resource from src\main\resources to target\classes
2024-12-02 14:01:01,370 [Worker-224: Building] INFO  o.a.m.s.f.DefaultMavenResourcesFiltering - Copying 0 resource from src\main\resources to target\classes
2024-12-02 14:01:01,372 [Worker-224: Building] INFO  o.a.m.s.f.DefaultMavenResourcesFiltering - skip non existing resourceDirectory C:\Users\Matias Mamani\Desktop\Proyecto Pino\ProyectoFabrica_PS\Backend\ProyectoFabricaPS\src\test\resources
2024-12-02 14:12:36,664 [Worker-229: Building] INFO  o.a.m.s.f.DefaultMavenResourcesFiltering - Copying 1 resource from src\main\resources to target\classes
2024-12-02 14:12:36,692 [Worker-229: Building] INFO  o.a.m.s.f.DefaultMavenResourcesFiltering - Copying 0 resource from src\main\resources to target\classes
2024-12-02 14:12:36,699 [Worker-229: Building] INFO  o.a.m.s.f.DefaultMavenResourcesFiltering - skip non existing resourceDirectory C:\Users\Matias Mamani\Desktop\Proyecto Pino\ProyectoFabrica_PS\Backend\ProyectoFabricaPS\src\test\resources
2024-12-02 14:12:42,356 [Worker-226: Building] INFO  o.a.m.s.f.DefaultMavenResourcesFiltering - Copying 1 resource from src\main\resources to target\classes
2024-12-02 14:12:42,383 [Worker-226: Building] INFO  o.a.m.s.f.DefaultMavenResourcesFiltering - Copying 0 resource from src\main\resources to target\classes
2024-12-02 14:12:42,387 [Worker-226: Building] INFO  o.a.m.s.f.DefaultMavenResourcesFiltering - skip non existing resourceDirectory C:\Users\Matias Mamani\Desktop\Proyecto Pino\ProyectoFabrica_PS\Backend\ProyectoFabricaPS\src\test\resources
2024-12-02 14:13:05,291 [Worker-230: Building] INFO  o.a.m.s.f.DefaultMavenResourcesFiltering - Copying 1 resource from src\main\resources to target\classes
2024-12-02 14:13:05,303 [Worker-230: Building] INFO  o.a.m.s.f.DefaultMavenResourcesFiltering - Copying 0 resource from src\main\resources to target\classes
2024-12-02 14:13:05,309 [Worker-230: Building] INFO  o.a.m.s.f.DefaultMavenResourcesFiltering - skip non existing resourceDirectory C:\Users\Matias Mamani\Desktop\Proyecto Pino\ProyectoFabrica_PS\Backend\ProyectoFabricaPS\src\test\resources
2024-12-02 14:13:13,349 [Worker-229: Building] INFO  o.a.m.s.f.DefaultMavenResourcesFiltering - Copying 1 resource from src\main\resources to target\classes
2024-12-02 14:13:13,365 [Worker-229: Building] INFO  o.a.m.s.f.DefaultMavenResourcesFiltering - Copying 0 resource from src\main\resources to target\classes
2024-12-02 14:13:13,370 [Worker-229: Building] INFO  o.a.m.s.f.DefaultMavenResourcesFiltering - skip non existing resourceDirectory C:\Users\Matias Mamani\Desktop\Proyecto Pino\ProyectoFabrica_PS\Backend\ProyectoFabricaPS\src\test\resources
2024-12-02 14:13:16,691 [Worker-228: Building] INFO  o.a.m.s.f.DefaultMavenResourcesFiltering - Copying 1 resource from src\main\resources to target\classes
2024-12-02 14:13:16,702 [Worker-228: Building] INFO  o.a.m.s.f.DefaultMavenResourcesFiltering - Copying 0 resource from src\main\resources to target\classes
2024-12-02 14:13:16,706 [Worker-228: Building] INFO  o.a.m.s.f.DefaultMavenResourcesFiltering - skip non existing resourceDirectory C:\Users\Matias Mamani\Desktop\Proyecto Pino\ProyectoFabrica_PS\Backend\ProyectoFabricaPS\src\test\resources
2024-12-02 14:13:25,876 [Worker-230: Building] INFO  o.a.m.s.f.DefaultMavenResourcesFiltering - Copying 1 resource from src\main\resources to target\classes
2024-12-02 14:13:25,887 [Worker-230: Building] INFO  o.a.m.s.f.DefaultMavenResourcesFiltering - Copying 0 resource from src\main\resources to target\classes
2024-12-02 14:13:25,892 [Worker-230: Building] INFO  o.a.m.s.f.DefaultMavenResourcesFiltering - skip non existing resourceDirectory C:\Users\Matias Mamani\Desktop\Proyecto Pino\ProyectoFabrica_PS\Backend\ProyectoFabricaPS\src\test\resources
2024-12-02 14:13:41,598 [Worker-226: Building] INFO  o.a.m.s.f.DefaultMavenResourcesFiltering - Copying 1 resource from src\main\resources to target\classes
2024-12-02 14:13:41,613 [Worker-226: Building] INFO  o.a.m.s.f.DefaultMavenResourcesFiltering - Copying 0 resource from src\main\resources to target\classes
2024-12-02 14:13:41,620 [Worker-226: Building] INFO  o.a.m.s.f.DefaultMavenResourcesFiltering - skip non existing resourceDirectory C:\Users\Matias Mamani\Desktop\Proyecto Pino\ProyectoFabrica_PS\Backend\ProyectoFabricaPS\src\test\resources
2024-12-02 14:16:41,965 [Worker-231: Building] INFO  o.a.m.s.f.DefaultMavenResourcesFiltering - Copying 1 resource from src\main\resources to target\classes
2024-12-02 14:16:41,980 [Worker-231: Building] INFO  o.a.m.s.f.DefaultMavenResourcesFiltering - Copying 0 resource from src\main\resources to target\classes
2024-12-02 14:16:41,985 [Worker-231: Building] INFO  o.a.m.s.f.DefaultMavenResourcesFiltering - skip non existing resourceDirectory C:\Users\Matias Mamani\Desktop\Proyecto Pino\ProyectoFabrica_PS\Backend\ProyectoFabricaPS\src\test\resources
2024-12-02 14:16:44,687 [Worker-231: Building] INFO  o.a.m.s.f.DefaultMavenResourcesFiltering - Copying 1 resource from src\main\resources to target\classes
2024-12-02 14:16:44,703 [Worker-231: Building] INFO  o.a.m.s.f.DefaultMavenResourcesFiltering - Copying 0 resource from src\main\resources to target\classes
2024-12-02 14:16:44,709 [Worker-231: Building] INFO  o.a.m.s.f.DefaultMavenResourcesFiltering - skip non existing resourceDirectory C:\Users\Matias Mamani\Desktop\Proyecto Pino\ProyectoFabrica_PS\Backend\ProyectoFabricaPS\src\test\resources
2024-12-02 14:21:25,773 [Worker-230: Building] INFO  o.a.m.s.f.DefaultMavenResourcesFiltering - Copying 1 resource from src\main\resources to target\classes
2024-12-02 14:21:25,815 [Worker-230: Building] INFO  o.a.m.s.f.DefaultMavenResourcesFiltering - Copying 0 resource from src\main\resources to target\classes
2024-12-02 14:21:25,822 [Worker-230: Building] INFO  o.a.m.s.f.DefaultMavenResourcesFiltering - skip non existing resourceDirectory C:\Users\Matias Mamani\Desktop\Proyecto Pino\ProyectoFabrica_PS\Backend\ProyectoFabricaPS\src\test\resources
2024-12-03 01:07:44,182 [Worker-236: Building] INFO  o.a.m.s.f.DefaultMavenResourcesFiltering - Copying 1 resource from src\main\resources to target\classes
2024-12-03 01:07:44,556 [Worker-236: Building] INFO  o.a.m.s.f.DefaultMavenResourcesFiltering - Copying 0 resource from src\main\resources to target\classes
2024-12-03 01:07:44,676 [Worker-236: Building] INFO  o.a.m.s.f.DefaultMavenResourcesFiltering - skip non existing resourceDirectory C:\Users\Matias Mamani\Desktop\Proyecto Pino\ProyectoFabrica_PS\Backend\ProyectoFabricaPS\src\test\resources
2024-12-03 01:07:52,850 [Worker-236: Building] INFO  o.a.m.s.f.DefaultMavenResourcesFiltering - Copying 1 resource from src\main\resources to target\classes
2024-12-03 01:07:52,956 [Worker-236: Building] INFO  o.a.m.s.f.DefaultMavenResourcesFiltering - Copying 0 resource from src\main\resources to target\classes
2024-12-03 01:07:52,962 [Worker-236: Building] INFO  o.a.m.s.f.DefaultMavenResourcesFiltering - skip non existing resourceDirectory C:\Users\Matias Mamani\Desktop\Proyecto Pino\ProyectoFabrica_PS\Backend\ProyectoFabricaPS\src\test\resources
2024-12-03 01:07:54,084 [Worker-236: Building] INFO  o.a.m.s.f.DefaultMavenResourcesFiltering - Copying 1 resource from src\main\resources to target\classes
2024-12-03 01:07:54,230 [Worker-236: Building] INFO  o.a.m.s.f.DefaultMavenResourcesFiltering - Copying 0 resource from src\main\resources to target\classes
2024-12-03 01:07:54,263 [Worker-236: Building] INFO  o.a.m.s.f.DefaultMavenResourcesFiltering - skip non existing resourceDirectory C:\Users\Matias Mamani\Desktop\Proyecto Pino\ProyectoFabrica_PS\Backend\ProyectoFabricaPS\src\test\resources
2024-12-03 01:09:10,853 [Worker-239: Building] INFO  o.a.m.s.f.DefaultMavenResourcesFiltering - Copying 1 resource from src\main\resources to target\classes
2024-12-03 01:09:10,866 [Worker-239: Building] INFO  o.a.m.s.f.DefaultMavenResourcesFiltering - Copying 0 resource from src\main\resources to target\classes
2024-12-03 01:09:10,869 [Worker-239: Building] INFO  o.a.m.s.f.DefaultMavenResourcesFiltering - skip non existing resourceDirectory C:\Users\Matias Mamani\Desktop\Proyecto Pino\ProyectoFabrica_PS\Backend\ProyectoFabricaPS\src\test\resources
2024-12-03 01:09:32,008 [Worker-236: Building] INFO  o.a.m.s.f.DefaultMavenResourcesFiltering - Copying 1 resource from src\main\resources to target\classes
2024-12-03 01:09:32,037 [Worker-236: Building] INFO  o.a.m.s.f.DefaultMavenResourcesFiltering - Copying 0 resource from src\main\resources to target\classes
2024-12-03 01:09:32,044 [Worker-236: Building] INFO  o.a.m.s.f.DefaultMavenResourcesFiltering - skip non existing resourceDirectory C:\Users\Matias Mamani\Desktop\Proyecto Pino\ProyectoFabrica_PS\Backend\ProyectoFabricaPS\src\test\resources
2024-12-03 01:09:45,622 [Worker-226: Building] INFO  o.a.m.s.f.DefaultMavenResourcesFiltering - Copying 1 resource from src\main\resources to target\classes
2024-12-03 01:09:45,679 [Worker-226: Building] INFO  o.a.m.s.f.DefaultMavenResourcesFiltering - Copying 0 resource from src\main\resources to target\classes
2024-12-03 01:09:45,683 [Worker-226: Building] INFO  o.a.m.s.f.DefaultMavenResourcesFiltering - skip non existing resourceDirectory C:\Users\Matias Mamani\Desktop\Proyecto Pino\ProyectoFabrica_PS\Backend\ProyectoFabricaPS\src\test\resources
2024-12-03 01:10:01,760 [Worker-236: Building] INFO  o.a.m.s.f.DefaultMavenResourcesFiltering - Copying 1 resource from src\main\resources to target\classes
2024-12-03 01:10:01,776 [Worker-236: Building] INFO  o.a.m.s.f.DefaultMavenResourcesFiltering - Copying 0 resource from src\main\resources to target\classes
2024-12-03 01:10:01,779 [Worker-236: Building] INFO  o.a.m.s.f.DefaultMavenResourcesFiltering - skip non existing resourceDirectory C:\Users\Matias Mamani\Desktop\Proyecto Pino\ProyectoFabrica_PS\Backend\ProyectoFabricaPS\src\test\resources
2024-12-03 01:10:22,235 [Worker-216: Building] INFO  o.a.m.s.f.DefaultMavenResourcesFiltering - Copying 1 resource from src\main\resources to target\classes
2024-12-03 01:10:22,252 [Worker-216: Building] INFO  o.a.m.s.f.DefaultMavenResourcesFiltering - Copying 0 resource from src\main\resources to target\classes
2024-12-03 01:10:22,260 [Worker-216: Building] INFO  o.a.m.s.f.DefaultMavenResourcesFiltering - skip non existing resourceDirectory C:\Users\Matias Mamani\Desktop\Proyecto Pino\ProyectoFabrica_PS\Backend\ProyectoFabricaPS\src\test\resources
2024-12-03 01:19:26,167 [Worker-242: Building] INFO  o.a.m.s.f.DefaultMavenResourcesFiltering - Copying 1 resource from src\main\resources to target\classes
2024-12-03 01:19:26,182 [Worker-242: Building] INFO  o.a.m.s.f.DefaultMavenResourcesFiltering - Copying 0 resource from src\main\resources to target\classes
2024-12-03 01:19:26,189 [Worker-242: Building] INFO  o.a.m.s.f.DefaultMavenResourcesFiltering - skip non existing resourceDirectory C:\Users\Matias Mamani\Desktop\Proyecto Pino\ProyectoFabrica_PS\Backend\ProyectoFabricaPS\src\test\resources
2024-12-03 01:19:27,323 [Worker-243: Building] INFO  o.a.m.s.f.DefaultMavenResourcesFiltering - Copying 1 resource from src\main\resources to target\classes
2024-12-03 01:19:27,337 [Worker-243: Building] INFO  o.a.m.s.f.DefaultMavenResourcesFiltering - Copying 0 resource from src\main\resources to target\classes
2024-12-03 01:19:27,341 [Worker-243: Building] INFO  o.a.m.s.f.DefaultMavenResourcesFiltering - skip non existing resourceDirectory C:\Users\Matias Mamani\Desktop\Proyecto Pino\ProyectoFabrica_PS\Backend\ProyectoFabricaPS\src\test\resources
2024-12-03 01:19:29,771 [Worker-242: Building] INFO  o.a.m.s.f.DefaultMavenResourcesFiltering - Copying 1 resource from src\main\resources to target\classes
2024-12-03 01:19:29,783 [Worker-242: Building] INFO  o.a.m.s.f.DefaultMavenResourcesFiltering - Copying 0 resource from src\main\resources to target\classes
2024-12-03 01:19:29,786 [Worker-242: Building] INFO  o.a.m.s.f.DefaultMavenResourcesFiltering - skip non existing resourceDirectory C:\Users\Matias Mamani\Desktop\Proyecto Pino\ProyectoFabrica_PS\Backend\ProyectoFabricaPS\src\test\resources
2024-12-03 01:20:18,132 [Worker-245: Building] INFO  o.a.m.s.f.DefaultMavenResourcesFiltering - Copying 1 resource from src\main\resources to target\classes
2024-12-03 01:20:18,142 [Worker-245: Building] INFO  o.a.m.s.f.DefaultMavenResourcesFiltering - Copying 0 resource from src\main\resources to target\classes
2024-12-03 01:20:18,146 [Worker-245: Building] INFO  o.a.m.s.f.DefaultMavenResourcesFiltering - skip non existing resourceDirectory C:\Users\Matias Mamani\Desktop\Proyecto Pino\ProyectoFabrica_PS\Backend\ProyectoFabricaPS\src\test\resources
2024-12-03 01:20:32,285 [Worker-244: Building] INFO  o.a.m.s.f.DefaultMavenResourcesFiltering - Copying 1 resource from src\main\resources to target\classes
2024-12-03 01:20:32,306 [Worker-244: Building] INFO  o.a.m.s.f.DefaultMavenResourcesFiltering - Copying 0 resource from src\main\resources to target\classes
2024-12-03 01:20:32,313 [Worker-244: Building] INFO  o.a.m.s.f.DefaultMavenResourcesFiltering - skip non existing resourceDirectory C:\Users\Matias Mamani\Desktop\Proyecto Pino\ProyectoFabrica_PS\Backend\ProyectoFabricaPS\src\test\resources
2024-12-03 01:20:42,703 [Worker-226: Building] INFO  o.a.m.s.f.DefaultMavenResourcesFiltering - Copying 1 resource from src\main\resources to target\classes
2024-12-03 01:20:42,742 [Worker-226: Building] INFO  o.a.m.s.f.DefaultMavenResourcesFiltering - Copying 0 resource from src\main\resources to target\classes
2024-12-03 01:20:42,802 [Worker-226: Building] INFO  o.a.m.s.f.DefaultMavenResourcesFiltering - skip non existing resourceDirectory C:\Users\Matias Mamani\Desktop\Proyecto Pino\ProyectoFabrica_PS\Backend\ProyectoFabricaPS\src\test\resources
2024-12-03 01:20:50,369 [Worker-244: Building] INFO  o.a.m.s.f.DefaultMavenResourcesFiltering - Copying 1 resource from src\main\resources to target\classes
2024-12-03 01:20:50,380 [Worker-244: Building] INFO  o.a.m.s.f.DefaultMavenResourcesFiltering - Copying 0 resource from src\main\resources to target\classes
2024-12-03 01:20:50,384 [Worker-244: Building] INFO  o.a.m.s.f.DefaultMavenResourcesFiltering - skip non existing resourceDirectory C:\Users\Matias Mamani\Desktop\Proyecto Pino\ProyectoFabrica_PS\Backend\ProyectoFabricaPS\src\test\resources
2024-12-03 01:25:03,688 [Worker-246: Building] INFO  o.a.m.s.f.DefaultMavenResourcesFiltering - Copying 1 resource from src\main\resources to target\classes
2024-12-03 01:25:03,703 [Worker-246: Building] INFO  o.a.m.s.f.DefaultMavenResourcesFiltering - Copying 0 resource from src\main\resources to target\classes
2024-12-03 01:25:03,708 [Worker-246: Building] INFO  o.a.m.s.f.DefaultMavenResourcesFiltering - skip non existing resourceDirectory C:\Users\Matias Mamani\Desktop\Proyecto Pino\ProyectoFabrica_PS\Backend\ProyectoFabricaPS\src\test\resources
2024-12-03 01:26:56,465 [Worker-250: Building] INFO  o.a.m.s.f.DefaultMavenResourcesFiltering - Copying 1 resource from src\main\resources to target\classes
2024-12-03 01:26:56,490 [Worker-250: Building] INFO  o.a.m.s.f.DefaultMavenResourcesFiltering - Copying 0 resource from src\main\resources to target\classes
2024-12-03 01:26:56,500 [Worker-250: Building] INFO  o.a.m.s.f.DefaultMavenResourcesFiltering - skip non existing resourceDirectory C:\Users\Matias Mamani\Desktop\Proyecto Pino\ProyectoFabrica_PS\Backend\ProyectoFabricaPS\src\test\resources
2024-12-03 01:33:31,779 [Worker-253: Building] INFO  o.a.m.s.f.DefaultMavenResourcesFiltering - Copying 1 resource from src\main\resources to target\classes
2024-12-03 01:33:31,819 [Worker-253: Building] INFO  o.a.m.s.f.DefaultMavenResourcesFiltering - Copying 0 resource from src\main\resources to target\classes
2024-12-03 01:33:31,824 [Worker-253: Building] INFO  o.a.m.s.f.DefaultMavenResourcesFiltering - skip non existing resourceDirectory C:\Users\Matias Mamani\Desktop\Proyecto Pino\ProyectoFabrica_PS\Backend\ProyectoFabricaPS\src\test\resources
2024-12-03 01:38:03,938 [Worker-257: Building] INFO  o.a.m.s.f.DefaultMavenResourcesFiltering - Copying 1 resource from src\main\resources to target\classes
2024-12-03 01:38:03,953 [Worker-257: Building] INFO  o.a.m.s.f.DefaultMavenResourcesFiltering - Copying 0 resource from src\main\resources to target\classes
2024-12-03 01:38:03,958 [Worker-257: Building] INFO  o.a.m.s.f.DefaultMavenResourcesFiltering - skip non existing resourceDirectory C:\Users\Matias Mamani\Desktop\Proyecto Pino\ProyectoFabrica_PS\Backend\ProyectoFabricaPS\src\test\resources
2024-12-03 01:38:09,943 [Worker-258: Building] INFO  o.a.m.s.f.DefaultMavenResourcesFiltering - Copying 1 resource from src\main\resources to target\classes
2024-12-03 01:38:09,966 [Worker-258: Building] INFO  o.a.m.s.f.DefaultMavenResourcesFiltering - Copying 0 resource from src\main\resources to target\classes
2024-12-03 01:38:09,971 [Worker-258: Building] INFO  o.a.m.s.f.DefaultMavenResourcesFiltering - skip non existing resourceDirectory C:\Users\Matias Mamani\Desktop\Proyecto Pino\ProyectoFabrica_PS\Backend\ProyectoFabricaPS\src\test\resources
2024-12-03 01:43:09,761 [Worker-260: Building] INFO  o.a.m.s.f.DefaultMavenResourcesFiltering - Copying 1 resource from src\main\resources to target\classes
2024-12-03 01:43:09,824 [Worker-260: Building] INFO  o.a.m.s.f.DefaultMavenResourcesFiltering - Copying 0 resource from src\main\resources to target\classes
2024-12-03 01:43:09,834 [Worker-260: Building] INFO  o.a.m.s.f.DefaultMavenResourcesFiltering - skip non existing resourceDirectory C:\Users\Matias Mamani\Desktop\Proyecto Pino\ProyectoFabrica_PS\Backend\ProyectoFabricaPS\src\test\resources
2024-12-03 01:43:23,175 [Worker-264: Building] INFO  o.a.m.s.f.DefaultMavenResourcesFiltering - Copying 1 resource from src\main\resources to target\classes
2024-12-03 01:43:23,190 [Worker-264: Building] INFO  o.a.m.s.f.DefaultMavenResourcesFiltering - Copying 0 resource from src\main\resources to target\classes
2024-12-03 01:43:23,193 [Worker-264: Building] INFO  o.a.m.s.f.DefaultMavenResourcesFiltering - skip non existing resourceDirectory C:\Users\Matias Mamani\Desktop\Proyecto Pino\ProyectoFabrica_PS\Backend\ProyectoFabricaPS\src\test\resources
2024-12-03 01:43:28,368 [Worker-262: Building] INFO  o.a.m.s.f.DefaultMavenResourcesFiltering - Copying 1 resource from src\main\resources to target\classes
2024-12-03 01:43:28,387 [Worker-262: Building] INFO  o.a.m.s.f.DefaultMavenResourcesFiltering - Copying 0 resource from src\main\resources to target\classes
2024-12-03 01:43:28,394 [Worker-262: Building] INFO  o.a.m.s.f.DefaultMavenResourcesFiltering - skip non existing resourceDirectory C:\Users\Matias Mamani\Desktop\Proyecto Pino\ProyectoFabrica_PS\Backend\ProyectoFabricaPS\src\test\resources
2024-12-03 01:47:42,708 [Worker-257: Building] INFO  o.a.m.s.f.DefaultMavenResourcesFiltering - Copying 1 resource from src\main\resources to target\classes
2024-12-03 01:47:42,722 [Worker-257: Building] INFO  o.a.m.s.f.DefaultMavenResourcesFiltering - Copying 0 resource from src\main\resources to target\classes
2024-12-03 01:47:42,726 [Worker-257: Building] INFO  o.a.m.s.f.DefaultMavenResourcesFiltering - skip non existing resourceDirectory C:\Users\Matias Mamani\Desktop\Proyecto Pino\ProyectoFabrica_PS\Backend\ProyectoFabricaPS\src\test\resources
2024-12-03 01:52:31,918 [Worker-270: Building] INFO  o.a.m.s.f.DefaultMavenResourcesFiltering - Copying 1 resource from src\main\resources to target\classes
2024-12-03 01:52:31,929 [Worker-270: Building] INFO  o.a.m.s.f.DefaultMavenResourcesFiltering - Copying 0 resource from src\main\resources to target\classes
2024-12-03 01:52:31,949 [Worker-270: Building] INFO  o.a.m.s.f.DefaultMavenResourcesFiltering - skip non existing resourceDirectory C:\Users\Matias Mamani\Desktop\Proyecto Pino\ProyectoFabrica_PS\Backend\ProyectoFabricaPS\src\test\resources
2024-12-03 01:57:51,946 [Worker-271: Building] INFO  o.a.m.s.f.DefaultMavenResourcesFiltering - Copying 1 resource from src\main\resources to target\classes
2024-12-03 01:57:51,962 [Worker-271: Building] INFO  o.a.m.s.f.DefaultMavenResourcesFiltering - Copying 0 resource from src\main\resources to target\classes
2024-12-03 01:57:51,968 [Worker-271: Building] INFO  o.a.m.s.f.DefaultMavenResourcesFiltering - skip non existing resourceDirectory C:\Users\Matias Mamani\Desktop\Proyecto Pino\ProyectoFabrica_PS\Backend\ProyectoFabricaPS\src\test\resources
2024-12-03 01:58:17,572 [Worker-274: Building] INFO  o.a.m.s.f.DefaultMavenResourcesFiltering - Copying 1 resource from src\main\resources to target\classes
2024-12-03 01:58:17,598 [Worker-274: Building] INFO  o.a.m.s.f.DefaultMavenResourcesFiltering - Copying 0 resource from src\main\resources to target\classes
2024-12-03 01:58:17,604 [Worker-274: Building] INFO  o.a.m.s.f.DefaultMavenResourcesFiltering - skip non existing resourceDirectory C:\Users\Matias Mamani\Desktop\Proyecto Pino\ProyectoFabrica_PS\Backend\ProyectoFabricaPS\src\test\resources
2024-12-03 01:58:25,236 [Worker-275: Building] INFO  o.a.m.s.f.DefaultMavenResourcesFiltering - Copying 1 resource from src\main\resources to target\classes
2024-12-03 01:58:25,270 [Worker-275: Building] INFO  o.a.m.s.f.DefaultMavenResourcesFiltering - Copying 0 resource from src\main\resources to target\classes
2024-12-03 01:58:25,273 [Worker-275: Building] INFO  o.a.m.s.f.DefaultMavenResourcesFiltering - skip non existing resourceDirectory C:\Users\Matias Mamani\Desktop\Proyecto Pino\ProyectoFabrica_PS\Backend\ProyectoFabricaPS\src\test\resources
2024-12-03 13:08:37,716 [Worker-3: Loading available Gradle versions] INFO  o.e.b.c.i.u.g.PublishedGradleVersions - Gradle version information cache is out-of-date. Trying to update.
2024-12-03 13:09:07,061 [Worker-5: Building] INFO  o.a.m.s.f.DefaultMavenResourcesFiltering - Copying 1 resource from src\main\resources to target\classes
2024-12-03 13:09:07,121 [Worker-5: Building] INFO  o.a.m.s.f.DefaultMavenResourcesFiltering - Copying 0 resource from src\main\resources to target\classes
2024-12-03 13:09:07,137 [Worker-5: Building] INFO  o.a.m.s.f.DefaultMavenResourcesFiltering - skip non existing resourceDirectory C:\Users\Matias Mamani\Desktop\Proyecto Pino\ProyectoFabrica_PS\Backend\ProyectoFabricaPS\src\test\resources
2024-12-03 13:32:40,115 [Worker-26: Building] INFO  o.a.m.s.f.DefaultMavenResourcesFiltering - Copying 1 resource from src\main\resources to target\classes
2024-12-03 13:32:40,469 [Worker-26: Building] INFO  o.a.m.s.f.DefaultMavenResourcesFiltering - Copying 0 resource from src\main\resources to target\classes
2024-12-03 13:32:40,481 [Worker-26: Building] INFO  o.a.m.s.f.DefaultMavenResourcesFiltering - skip non existing resourceDirectory C:\Users\Matias Mamani\Desktop\Proyecto Pino\ProyectoFabrica_PS\Backend\ProyectoFabricaPS\src\test\resources
2024-12-03 13:39:40,981 [Worker-30: Building] INFO  o.a.m.s.f.DefaultMavenResourcesFiltering - Copying 1 resource from src\main\resources to target\classes
2024-12-03 13:39:41,000 [Worker-30: Building] INFO  o.a.m.s.f.DefaultMavenResourcesFiltering - Copying 0 resource from src\main\resources to target\classes
2024-12-03 13:39:41,009 [Worker-30: Building] INFO  o.a.m.s.f.DefaultMavenResourcesFiltering - skip non existing resourceDirectory C:\Users\Matias Mamani\Desktop\Proyecto Pino\ProyectoFabrica_PS\Backend\ProyectoFabricaPS\src\test\resources
2024-12-03 13:42:31,636 [Worker-31: Building] INFO  o.a.m.s.f.DefaultMavenResourcesFiltering - Copying 1 resource from src\main\resources to target\classes
2024-12-03 13:42:31,673 [Worker-31: Building] INFO  o.a.m.s.f.DefaultMavenResourcesFiltering - Copying 0 resource from src\main\resources to target\classes
2024-12-03 13:42:31,684 [Worker-31: Building] INFO  o.a.m.s.f.DefaultMavenResourcesFiltering - skip non existing resourceDirectory C:\Users\Matias Mamani\Desktop\Proyecto Pino\ProyectoFabrica_PS\Backend\ProyectoFabricaPS\src\test\resources
2024-12-03 13:42:52,976 [Worker-27: Building] INFO  o.a.m.s.f.DefaultMavenResourcesFiltering - Copying 1 resource from src\main\resources to target\classes
2024-12-03 13:42:52,990 [Worker-27: Building] INFO  o.a.m.s.f.DefaultMavenResourcesFiltering - Copying 0 resource from src\main\resources to target\classes
2024-12-03 13:42:52,998 [Worker-27: Building] INFO  o.a.m.s.f.DefaultMavenResourcesFiltering - skip non existing resourceDirectory C:\Users\Matias Mamani\Desktop\Proyecto Pino\ProyectoFabrica_PS\Backend\ProyectoFabricaPS\src\test\resources
2024-12-03 13:43:01,048 [Worker-32: Building] INFO  o.a.m.s.f.DefaultMavenResourcesFiltering - Copying 1 resource from src\main\resources to target\classes
2024-12-03 13:43:01,072 [Worker-32: Building] INFO  o.a.m.s.f.DefaultMavenResourcesFiltering - Copying 0 resource from src\main\resources to target\classes
2024-12-03 13:43:01,086 [Worker-32: Building] INFO  o.a.m.s.f.DefaultMavenResourcesFiltering - skip non existing resourceDirectory C:\Users\Matias Mamani\Desktop\Proyecto Pino\ProyectoFabrica_PS\Backend\ProyectoFabricaPS\src\test\resources
2024-12-03 13:47:39,444 [Worker-32: Building] INFO  o.a.m.s.f.DefaultMavenResourcesFiltering - Copying 1 resource from src\main\resources to target\classes
2024-12-03 13:47:39,477 [Worker-32: Building] INFO  o.a.m.s.f.DefaultMavenResourcesFiltering - Copying 0 resource from src\main\resources to target\classes
2024-12-03 13:47:39,486 [Worker-32: Building] INFO  o.a.m.s.f.DefaultMavenResourcesFiltering - skip non existing resourceDirectory C:\Users\Matias Mamani\Desktop\Proyecto Pino\ProyectoFabrica_PS\Backend\ProyectoFabricaPS\src\test\resources
2024-12-03 14:10:41,792 [Worker-38: Building] INFO  o.a.m.s.f.DefaultMavenResourcesFiltering - Copying 1 resource from src\main\resources to target\classes
2024-12-03 14:10:41,837 [Worker-38: Building] INFO  o.a.m.s.f.DefaultMavenResourcesFiltering - Copying 0 resource from src\main\resources to target\classes
2024-12-03 14:10:41,852 [Worker-38: Building] INFO  o.a.m.s.f.DefaultMavenResourcesFiltering - skip non existing resourceDirectory C:\Users\Matias Mamani\Desktop\Proyecto Pino\ProyectoFabrica_PS\Backend\ProyectoFabricaPS\src\test\resources
2024-12-03 14:12:52,889 [Worker-40: Building] INFO  o.a.m.s.f.DefaultMavenResourcesFiltering - Copying 1 resource from src\main\resources to target\classes
2024-12-03 14:12:52,908 [Worker-40: Building] INFO  o.a.m.s.f.DefaultMavenResourcesFiltering - Copying 0 resource from src\main\resources to target\classes
2024-12-03 14:12:52,915 [Worker-40: Building] INFO  o.a.m.s.f.DefaultMavenResourcesFiltering - skip non existing resourceDirectory C:\Users\Matias Mamani\Desktop\Proyecto Pino\ProyectoFabrica_PS\Backend\ProyectoFabricaPS\src\test\resources
2024-12-03 14:13:24,218 [Worker-42: Building] INFO  o.a.m.s.f.DefaultMavenResourcesFiltering - Copying 1 resource from src\main\resources to target\classes
2024-12-03 14:13:24,236 [Worker-42: Building] INFO  o.a.m.s.f.DefaultMavenResourcesFiltering - Copying 0 resource from src\main\resources to target\classes
2024-12-03 14:13:24,243 [Worker-42: Building] INFO  o.a.m.s.f.DefaultMavenResourcesFiltering - skip non existing resourceDirectory C:\Users\Matias Mamani\Desktop\Proyecto Pino\ProyectoFabrica_PS\Backend\ProyectoFabricaPS\src\test\resources
2024-12-03 14:13:33,900 [Worker-41: Building] INFO  o.a.m.s.f.DefaultMavenResourcesFiltering - Copying 1 resource from src\main\resources to target\classes
2024-12-03 14:13:33,914 [Worker-41: Building] INFO  o.a.m.s.f.DefaultMavenResourcesFiltering - Copying 0 resource from src\main\resources to target\classes
2024-12-03 14:13:33,922 [Worker-41: Building] INFO  o.a.m.s.f.DefaultMavenResourcesFiltering - skip non existing resourceDirectory C:\Users\Matias Mamani\Desktop\Proyecto Pino\ProyectoFabrica_PS\Backend\ProyectoFabricaPS\src\test\resources
2024-12-03 14:13:36,896 [Worker-40: Building] INFO  o.a.m.s.f.DefaultMavenResourcesFiltering - Copying 1 resource from src\main\resources to target\classes
2024-12-03 14:13:36,908 [Worker-40: Building] INFO  o.a.m.s.f.DefaultMavenResourcesFiltering - Copying 0 resource from src\main\resources to target\classes
2024-12-03 14:13:36,914 [Worker-40: Building] INFO  o.a.m.s.f.DefaultMavenResourcesFiltering - skip non existing resourceDirectory C:\Users\Matias Mamani\Desktop\Proyecto Pino\ProyectoFabrica_PS\Backend\ProyectoFabricaPS\src\test\resources
2024-12-03 14:14:14,300 [Worker-40: Building] INFO  o.a.m.s.f.DefaultMavenResourcesFiltering - Copying 1 resource from src\main\resources to target\classes
2024-12-03 14:14:14,312 [Worker-40: Building] INFO  o.a.m.s.f.DefaultMavenResourcesFiltering - Copying 0 resource from src\main\resources to target\classes
2024-12-03 14:14:14,316 [Worker-40: Building] INFO  o.a.m.s.f.DefaultMavenResourcesFiltering - skip non existing resourceDirectory C:\Users\Matias Mamani\Desktop\Proyecto Pino\ProyectoFabrica_PS\Backend\ProyectoFabricaPS\src\test\resources
2024-12-03 14:14:27,734 [Worker-44: Building] INFO  o.a.m.s.f.DefaultMavenResourcesFiltering - Copying 1 resource from src\main\resources to target\classes
2024-12-03 14:14:27,748 [Worker-44: Building] INFO  o.a.m.s.f.DefaultMavenResourcesFiltering - Copying 0 resource from src\main\resources to target\classes
2024-12-03 14:14:27,757 [Worker-44: Building] INFO  o.a.m.s.f.DefaultMavenResourcesFiltering - skip non existing resourceDirectory C:\Users\Matias Mamani\Desktop\Proyecto Pino\ProyectoFabrica_PS\Backend\ProyectoFabricaPS\src\test\resources
2024-12-03 14:15:17,622 [Worker-44: Building] INFO  o.a.m.s.f.DefaultMavenResourcesFiltering - Copying 1 resource from src\main\resources to target\classes
2024-12-03 14:15:17,649 [Worker-44: Building] INFO  o.a.m.s.f.DefaultMavenResourcesFiltering - Copying 0 resource from src\main\resources to target\classes
2024-12-03 14:15:17,658 [Worker-44: Building] INFO  o.a.m.s.f.DefaultMavenResourcesFiltering - skip non existing resourceDirectory C:\Users\Matias Mamani\Desktop\Proyecto Pino\ProyectoFabrica_PS\Backend\ProyectoFabricaPS\src\test\resources
2024-12-03 14:15:26,145 [Worker-41: Building] INFO  o.a.m.s.f.DefaultMavenResourcesFiltering - Copying 1 resource from src\main\resources to target\classes
2024-12-03 14:15:26,160 [Worker-41: Building] INFO  o.a.m.s.f.DefaultMavenResourcesFiltering - Copying 0 resource from src\main\resources to target\classes
2024-12-03 14:15:26,173 [Worker-41: Building] INFO  o.a.m.s.f.DefaultMavenResourcesFiltering - skip non existing resourceDirectory C:\Users\Matias Mamani\Desktop\Proyecto Pino\ProyectoFabrica_PS\Backend\ProyectoFabricaPS\src\test\resources
2024-12-03 14:15:42,993 [Worker-40: Building] INFO  o.a.m.s.f.DefaultMavenResourcesFiltering - Copying 1 resource from src\main\resources to target\classes
2024-12-03 14:15:43,062 [Worker-40: Building] INFO  o.a.m.s.f.DefaultMavenResourcesFiltering - Copying 0 resource from src\main\resources to target\classes
2024-12-03 14:15:43,070 [Worker-40: Building] INFO  o.a.m.s.f.DefaultMavenResourcesFiltering - skip non existing resourceDirectory C:\Users\Matias Mamani\Desktop\Proyecto Pino\ProyectoFabrica_PS\Backend\ProyectoFabricaPS\src\test\resources
2024-12-03 14:18:04,950 [Worker-42: Building] INFO  o.a.m.s.f.DefaultMavenResourcesFiltering - Copying 1 resource from src\main\resources to target\classes
2024-12-03 14:18:04,970 [Worker-42: Building] INFO  o.a.m.s.f.DefaultMavenResourcesFiltering - Copying 0 resource from src\main\resources to target\classes
2024-12-03 14:18:04,979 [Worker-42: Building] INFO  o.a.m.s.f.DefaultMavenResourcesFiltering - skip non existing resourceDirectory C:\Users\Matias Mamani\Desktop\Proyecto Pino\ProyectoFabrica_PS\Backend\ProyectoFabricaPS\src\test\resources
2024-12-03 14:18:12,719 [Worker-42: Building] INFO  o.a.m.s.f.DefaultMavenResourcesFiltering - Copying 1 resource from src\main\resources to target\classes
2024-12-03 14:18:12,731 [Worker-42: Building] INFO  o.a.m.s.f.DefaultMavenResourcesFiltering - Copying 0 resource from src\main\resources to target\classes
2024-12-03 14:18:12,736 [Worker-42: Building] INFO  o.a.m.s.f.DefaultMavenResourcesFiltering - skip non existing resourceDirectory C:\Users\Matias Mamani\Desktop\Proyecto Pino\ProyectoFabrica_PS\Backend\ProyectoFabricaPS\src\test\resources
2024-12-03 14:47:32,701 [Worker-42: Building] INFO  o.a.m.s.f.DefaultMavenResourcesFiltering - Copying 1 resource from src\main\resources to target\classes
2024-12-03 14:47:32,736 [Worker-42: Building] INFO  o.a.m.s.f.DefaultMavenResourcesFiltering - Copying 0 resource from src\main\resources to target\classes
2024-12-03 14:47:32,742 [Worker-42: Building] INFO  o.a.m.s.f.DefaultMavenResourcesFiltering - skip non existing resourceDirectory C:\Users\Matias Mamani\Desktop\Proyecto Pino\ProyectoFabrica_PS\Backend\ProyectoFabricaPS\src\test\resources
2024-12-03 14:47:40,387 [Worker-58: Building] INFO  o.a.m.s.f.DefaultMavenResourcesFiltering - Copying 1 resource from src\main\resources to target\classes
2024-12-03 14:47:40,408 [Worker-58: Building] INFO  o.a.m.s.f.DefaultMavenResourcesFiltering - Copying 0 resource from src\main\resources to target\classes
2024-12-03 14:47:40,415 [Worker-58: Building] INFO  o.a.m.s.f.DefaultMavenResourcesFiltering - skip non existing resourceDirectory C:\Users\Matias Mamani\Desktop\Proyecto Pino\ProyectoFabrica_PS\Backend\ProyectoFabricaPS\src\test\resources
2024-12-03 14:50:32,174 [Worker-46: Building] INFO  o.a.m.s.f.DefaultMavenResourcesFiltering - Copying 1 resource from src\main\resources to target\classes
2024-12-03 14:50:32,188 [Worker-46: Building] INFO  o.a.m.s.f.DefaultMavenResourcesFiltering - Copying 0 resource from src\main\resources to target\classes
2024-12-03 14:50:32,193 [Worker-46: Building] INFO  o.a.m.s.f.DefaultMavenResourcesFiltering - skip non existing resourceDirectory C:\Users\Matias Mamani\Desktop\Proyecto Pino\ProyectoFabrica_PS\Backend\ProyectoFabricaPS\src\test\resources
2024-12-03 14:51:10,349 [Worker-61: Building] INFO  o.a.m.s.f.DefaultMavenResourcesFiltering - Copying 1 resource from src\main\resources to target\classes
2024-12-03 14:51:10,362 [Worker-61: Building] INFO  o.a.m.s.f.DefaultMavenResourcesFiltering - Copying 0 resource from src\main\resources to target\classes
2024-12-03 14:51:10,369 [Worker-61: Building] INFO  o.a.m.s.f.DefaultMavenResourcesFiltering - skip non existing resourceDirectory C:\Users\Matias Mamani\Desktop\Proyecto Pino\ProyectoFabrica_PS\Backend\ProyectoFabricaPS\src\test\resources
2024-12-03 14:51:12,542 [Worker-53: Building] INFO  o.a.m.s.f.DefaultMavenResourcesFiltering - Copying 1 resource from src\main\resources to target\classes
2024-12-03 14:51:12,555 [Worker-53: Building] INFO  o.a.m.s.f.DefaultMavenResourcesFiltering - Copying 0 resource from src\main\resources to target\classes
2024-12-03 14:51:12,561 [Worker-53: Building] INFO  o.a.m.s.f.DefaultMavenResourcesFiltering - skip non existing resourceDirectory C:\Users\Matias Mamani\Desktop\Proyecto Pino\ProyectoFabrica_PS\Backend\ProyectoFabricaPS\src\test\resources
2024-12-03 14:51:21,994 [Worker-60: Building] INFO  o.a.m.s.f.DefaultMavenResourcesFiltering - Copying 1 resource from src\main\resources to target\classes
2024-12-03 14:51:22,008 [Worker-60: Building] INFO  o.a.m.s.f.DefaultMavenResourcesFiltering - Copying 0 resource from src\main\resources to target\classes
2024-12-03 14:51:22,014 [Worker-60: Building] INFO  o.a.m.s.f.DefaultMavenResourcesFiltering - skip non existing resourceDirectory C:\Users\Matias Mamani\Desktop\Proyecto Pino\ProyectoFabrica_PS\Backend\ProyectoFabricaPS\src\test\resources
2024-12-03 14:51:24,848 [Worker-53: Building] INFO  o.a.m.s.f.DefaultMavenResourcesFiltering - Copying 1 resource from src\main\resources to target\classes
2024-12-03 14:51:24,860 [Worker-53: Building] INFO  o.a.m.s.f.DefaultMavenResourcesFiltering - Copying 0 resource from src\main\resources to target\classes
2024-12-03 14:51:24,865 [Worker-53: Building] INFO  o.a.m.s.f.DefaultMavenResourcesFiltering - skip non existing resourceDirectory C:\Users\Matias Mamani\Desktop\Proyecto Pino\ProyectoFabrica_PS\Backend\ProyectoFabricaPS\src\test\resources
2024-12-03 14:51:29,006 [Worker-53: Building] INFO  o.a.m.s.f.DefaultMavenResourcesFiltering - Copying 1 resource from src\main\resources to target\classes
2024-12-03 14:51:29,017 [Worker-53: Building] INFO  o.a.m.s.f.DefaultMavenResourcesFiltering - Copying 0 resource from src\main\resources to target\classes
2024-12-03 14:51:29,023 [Worker-53: Building] INFO  o.a.m.s.f.DefaultMavenResourcesFiltering - skip non existing resourceDirectory C:\Users\Matias Mamani\Desktop\Proyecto Pino\ProyectoFabrica_PS\Backend\ProyectoFabricaPS\src\test\resources
2024-12-03 14:51:37,431 [Worker-60: Building] INFO  o.a.m.s.f.DefaultMavenResourcesFiltering - Copying 1 resource from src\main\resources to target\classes
2024-12-03 14:51:37,445 [Worker-60: Building] INFO  o.a.m.s.f.DefaultMavenResourcesFiltering - Copying 0 resource from src\main\resources to target\classes
2024-12-03 14:51:37,451 [Worker-60: Building] INFO  o.a.m.s.f.DefaultMavenResourcesFiltering - skip non existing resourceDirectory C:\Users\Matias Mamani\Desktop\Proyecto Pino\ProyectoFabrica_PS\Backend\ProyectoFabricaPS\src\test\resources
2024-12-04 15:40:46,996 [Worker-69: Building] INFO  o.a.m.s.f.DefaultMavenResourcesFiltering - Copying 1 resource from src\main\resources to target\classes
2024-12-04 15:40:47,041 [Worker-69: Building] INFO  o.a.m.s.f.DefaultMavenResourcesFiltering - Copying 0 resource from src\main\resources to target\classes
2024-12-04 15:40:47,047 [Worker-69: Building] INFO  o.a.m.s.f.DefaultMavenResourcesFiltering - skip non existing resourceDirectory C:\Users\Matias Mamani\Desktop\Proyecto Pino\ProyectoFabrica_PS\Backend\ProyectoFabricaPS\src\test\resources
2024-12-04 15:40:58,741 [Worker-69: Building] INFO  o.a.m.s.f.DefaultMavenResourcesFiltering - Copying 1 resource from src\main\resources to target\classes
2024-12-04 15:40:58,771 [Worker-69: Building] INFO  o.a.m.s.f.DefaultMavenResourcesFiltering - Copying 0 resource from src\main\resources to target\classes
2024-12-04 15:40:58,776 [Worker-69: Building] INFO  o.a.m.s.f.DefaultMavenResourcesFiltering - skip non existing resourceDirectory C:\Users\Matias Mamani\Desktop\Proyecto Pino\ProyectoFabrica_PS\Backend\ProyectoFabricaPS\src\test\resources
